ubicacion,area_adc,pasillo,zona_almacenaje,zona_surtido,zona_mov,secuencia_viaje,surtido,reabasto
P1-10,ALMAC,P1,ZA-PERCHASC,ZS-ALMAC,ZM-PT01,100,1,0
P1-11,ALMAC,P1,ZA-PERCHASC,ZS-ALMAC,ZM-PT01,110,1,0
P1-12,ALMAC,P1,ZA-PERCHASC,ZS-ALMAC,ZM-PT01,110,1,0
P1-13,ALMAC,P1,ZA-PERCHASC,ZS-ALMAC,ZM-PT01,120,1,0
P1-14,ALMAC,P1,ZA-PERCHASC,ZS-ALMAC,ZM-PT01,120,1,0
P1-15,ALMAC,P1,ZA-PERCHASC,ZS-ALMAC,ZM-PT01,130,1,0
P1-16,ALMAC,P1,ZA-PERCHASC,ZS-ALMAC,ZM-PT01,130,1,0
P1-17,ALMAC,P1,ZA-PERCHASC,ZS-ALMAC,ZM-PT01,140,1,0
P1-18,ALMAC,P1,ZA-PERCHASC,ZS-ALMAC,ZM-PT01,140,1,0
P1-19,ALMAC,P1,ZA-PERCHASC,ZS-ALMAC,ZM-PT01,150,1,0
P1-20,ALMAC,P1,ZA-PERCHASC,ZS-ALMAC,ZM-PT01,150,1,0
P1-21,ALMAC,P1,ZA-PERCHASC,ZS-ALMAC,ZM-PT01,160,1,0
P1-22,ALMAC,P1,ZA-PERCHASC,ZS-ALMAC,ZM-PT01,160,1,0
P1-23,ALMAC,P1,ZA-PERCHASC,ZS-ALMAC,ZM-PT01,170,1,0
P1-24,ALMAC,P1,ZA-PERCHASC,ZS-ALMAC,ZM-PT01,170,1,0
P1-25,ALMAC,P1,ZA-PERCHASC,ZS-ALMAC,ZM-PT01,180,1,0
P1-26,ALMAC,P1,ZA-PERCHASC,ZS-ALMAC,ZM-PT01,180,1,0
P1-27,ALMAC,P1,ZA-PERCHASC,ZS-ALMAC,ZM-PT01,190,1,0
P1-28,ALMAC,P1,ZA-PERCHASC,ZS-ALMAC,ZM-PT01,190,1,0
P1-29,ALMAC,P1,ZA-PERCHASC,ZS-ALMAC,ZM-PT01,200,1,0
P1-30,ALMAC,P1,ZA-PERCHASC,ZS-ALMAC,ZM-PT01,200,1,0
P1-31,ALMAC,P1,ZA-PERCHASC,ZS-ALMAC,ZM-PT01,210,1,0
P1-32,ALMAC,P1,ZA-PERCHASC,ZS-ALMAC,ZM-PT01,210,1,0
P1-33,ALMAC,P1,ZA-PERCHASC,ZS-ALMAC,ZM-PT01,220,1,0
P1-34,ALMAC,P1,ZA-PERCHASC,ZS-ALMAC,ZM-PT01,220,1,0
P1-35,ALMAC,P1,ZA-PERCHASC,ZS-ALMAC,ZM-PT01,230,1,0
P1-36,ALMAC,P1,ZA-PERCHASC,ZS-ALMAC,ZM-PT01,230,1,0
P1-37,ALMAC,P1,ZA-PERCHASC,ZS-ALMAC,ZM-PT01,240,1,0
P2-08,ALMAC,P2,ZA-PERCHASL,ZS-ALMAC,ZM-PT01,500,1,0
P2-09,ALMAC,P2,ZA-PERCHASL,ZS-ALMAC,ZM-PT01,510,1,0
P2-10,ALMAC,P2,ZA-PERCHASL,ZS-ALMAC,ZM-PT01,520,1,0
P2-11,ALMAC,P2,ZA-PERCHASL,ZS-ALMAC,ZM-PT01,530,1,0
P2-12,ALMAC,P2,ZA-PERCHASL,ZS-ALMAC,ZM-PT01,540,1,0
P2-13,ALMAC,P2,ZA-PERCHASL,ZS-ALMAC,ZM-PT01,550,1,0
P2-14,ALMAC,P2,ZA-PERCHASL,ZS-ALMAC,ZM-PT01,560,1,0
P2-15,ALMAC,P2,ZA-PERCHASL,ZS-ALMAC,ZM-PT01,570,1,0
P2-16,ALMAC,P2,ZA-PERCHASL,ZS-ALMAC,ZM-PT01,580,1,0
P2-17,ALMAC,P2,ZA-PERCHASL,ZS-ALMAC,ZM-PT01,590,1,0
P2-18,ALMAC,P2,ZA-PERCHASL,ZS-ALMAC,ZM-PT01,600,1,0
P2-19,ALMAC,P2,ZA-PERCHASL,ZS-ALMAC,ZM-PT01,610,1,0
P2-20,ALMAC,P2,ZA-PERCHASL,ZS-ALMAC,ZM-PT01,620,1,0
P2-21,ALMAC,P2,ZA-PERCHASL,ZS-ALMAC,ZM-PT01,630,1,0
P2-22,ALMAC,P2,ZA-PERCHASL,ZS-ALMAC,ZM-PT01,640,1,0
P2-23,ALMAC,P2,ZA-PERCHASL,ZS-ALMAC,ZM-PT01,650,1,0
P2-24,ALMAC,P2,ZA-PERCHASL,ZS-ALMAC,ZM-PT01,660,1,0
P2-25,ALMAC,P2,ZA-PERCHASL,ZS-ALMAC,ZM-PT01,670,1,0
P2-26,ALMAC,P2,ZA-PERCHASL,ZS-ALMAC,ZM-PT01,680,1,0
P2-27,ALMAC,P2,ZA-PERCHASL,ZS-ALMAC,ZM-PT01,690,1,0
P2-28,ALMAC,P2,ZA-PERCHASL,ZS-ALMAC,ZM-PT01,700,1,0
P2-29,ALMAC,P2,ZA-PERCHASL,ZS-ALMAC,ZM-PT01,710,1,0
P2-30,ALMAC,P2,ZA-PERCHASL,ZS-ALMAC,ZM-PT01,720,1,0
P2-31,ALMAC,P2,ZA-PERCHASL,ZS-ALMAC,ZM-PT01,730,1,0
P2-32,ALMAC,P2,ZA-PERCHASL,ZS-ALMAC,ZM-PT01,740,1,0
P2-33,ALMAC,P2,ZA-PERCHASL,ZS-ALMAC,ZM-PT01,750,1,0
P2-34,ALMAC,P2,ZA-PERCHASL,ZS-ALMAC,ZM-PT01,760,1,0
P2-35,ALMAC,P2,ZA-PERCHASL,ZS-ALMAC,ZM-PT01,770,1,0
P2-36,ALMAC,P2,ZA-PERCHASL,ZS-ALMAC,ZM-PT01,780,1,0
P2-37,ALMAC,P2,ZA-PERCHASL,ZS-ALMAC,ZM-PT01,790,1,0
1001,STAGE,,,,ZM-PT01,1001,0,0
1002,STAGE,,,,ZM-PT01,1002,0,0
1003,STAGE,,,,ZM-PT01,1003,0,0
1004,STAGE,,,,ZM-PT01,1004,0,0
1005,STAGE,,,,ZM-PT01,1005,0,0
1006,STAGE,,,,ZM-PT01,1006,0,0
1007,STAGE,,,,ZM-PT01,1007,0,0
1008,STAGE,,,,ZM-PT01,1008,0,0
1009,STAGE,,,,ZM-PT01,1009,0,0
1010,STAGE,,,,ZM-PT01,1010,0,0
1011,STAGE,,,,ZM-PT01,1011,0,0
1012,STAGE,,,,ZM-PT01,1012,0,0
1013,STAGE,,,,ZM-PT01,1013,0,0
1014,STAGE,,,,ZM-PT01,1014,0,0
1015,STAGE,,,,ZM-PT01,1015,0,0
1016,STAGE,,,,ZM-PT01,1016,0,0
1017,STAGE,,,,ZM-PT01,1017,0,0
1018,STAGE,,,,ZM-PT01,1018,0,0
1019,STAGE,,,,ZM-PT01,1019,0,0
1020,STAGE,,,,ZM-PT01,1020,0,0
1021,STAGE,,,,ZM-PT01,1021,0,0
1022,STAGE,,,,ZM-PT01,1022,0,0
1023,STAGE,,,,ZM-PT01,1023,0,0
1024,STAGE,,,,ZM-PT01,1024,0,0
1025,STAGE,,,,ZM-PT01,1025,0,0
1026,STAGE,,,,ZM-PT01,1026,0,0
1027,STAGE,,,,ZM-PT01,1027,0,0
1028,STAGE,,,,ZM-PT01,1028,0,0
1029,STAGE,,,,ZM-PT01,1029,0,0
1030,STAGE,,,,ZM-PT01,1030,0,0
1031,STAGE,,,,ZM-PT01,1031,0,0
1032,STAGE,,,,ZM-PT01,1032,0,0
1033,STAGE,,,,ZM-PT01,1033,0,0
1034,STAGE,,,,ZM-PT01,1034,0,0
1035,STAGE,,,,ZM-PT01,1035,0,0
1036,STAGE,,,,ZM-PT01,1036,0,0
1037,STAGE,,,,ZM-PT01,1037,0,0
1038,STAGE,,,,ZM-PT01,1038,0,0
1039,STAGE,,,,ZM-PT01,1039,0,0
1040,STAGE,,,,ZM-PT01,1040,0,0
1041,STAGE,,,,ZM-PT01,1041,0,0
1042,STAGE,,,,ZM-PT01,1042,0,0
1043,STAGE,,,,ZM-PT01,1043,0,0
1044,STAGE,,,,ZM-PT01,1044,0,0
1045,STAGE,,,,ZM-PT01,1045,0,0
1046,STAGE,,,,ZM-PT01,1046,0,0
1047,STAGE,,,,ZM-PT01,1047,0,0
1048,STAGE,,,,ZM-PT01,1048,0,0
1049,STAGE,,,,ZM-PT01,1049,0,0
1050,STAGE,,,,ZM-PT01,1050,0,0
1051,STAGE,,,,ZM-PT01,1051,0,0
1052,STAGE,,,,ZM-PT01,1052,0,0
1053,STAGE,,,,ZM-PT01,1053,0,0
1054,STAGE,,,,ZM-PT01,1054,0,0
1055,STAGE,,,,ZM-PT01,1055,0,0
1056,STAGE,,,,ZM-PT01,1056,0,0
1057,STAGE,,,,ZM-PT01,1057,0,0
1058,STAGE,,,,ZM-PT01,1058,0,0
1059,STAGE,,,,ZM-PT01,1059,0,0
1060,STAGE,,,,ZM-PT01,1060,0,0
1061,STAGE,,,,ZM-PT01,1061,0,0
1062,STAGE,,,,ZM-PT01,1062,0,0
1063,STAGE,,,,ZM-PT01,1063,0,0
1064,STAGE,,,,ZM-PT01,1064,0,0
1065,STAGE,,,,ZM-PT01,1065,0,0
1066,STAGE,,,,ZM-PT01,1066,0,0
1067,STAGE,,,,ZM-PT01,1067,0,0
1068,STAGE,,,,ZM-PT01,1068,0,0
1069,STAGE,,,,ZM-PT01,1069,0,0
1070,STAGE,,,,ZM-PT01,1070,0,0
1071,STAGE,,,,ZM-PT01,1071,0,0
1072,STAGE,,,,ZM-PT01,1072,0,0
1073,STAGE,,,,ZM-PT01,1073,0,0
1074,STAGE,,,,ZM-PT01,1074,0,0
1075,STAGE,,,,ZM-PT01,1075,0,0
1076,STAGE,,,,ZM-PT01,1076,0,0
1077,STAGE,,,,ZM-PT01,1077,0,0
1078,STAGE,,,,ZM-PT01,1078,0,0
1079,STAGE,,,,ZM-PT01,1079,0,0
1080,STAGE,,,,ZM-PT01,1080,0,0
1081,STAGE,,,,ZM-PT01,1081,0,0
1082,STAGE,,,,ZM-PT01,1082,0,0
1083,STAGE,,,,ZM-PT01,1083,0,0
1084,STAGE,,,,ZM-PT01,1084,0,0
1085,STAGE,,,,ZM-PT01,1085,0,0
1086,STAGE,,,,ZM-PT01,1086,0,0
1087,STAGE,,,,ZM-PT01,1087,0,0
1088,STAGE,,,,ZM-PT01,1088,0,0
1089,STAGE,,,,ZM-PT01,1089,0,0
1090,STAGE,,,,ZM-PT01,1090,0,0
1091,STAGE,,,,ZM-PT01,1091,0,0
1092,STAGE,,,,ZM-PT01,1092,0,0
1093,STAGE,,,,ZM-PT01,1093,0,0
1094,STAGE,,,,ZM-PT01,1094,0,0
1095,STAGE,,,,ZM-PT01,1095,0,0
1096,STAGE,,,,ZM-PT01,1096,0,0
1097,STAGE,,,,ZM-PT01,1097,0,0
1098,STAGE,,,,ZM-PT01,1098,0,0
1099,STAGE,,,,ZM-PT01,1099,0,0
1100,STAGE,,,,ZM-PT01,1100,0,0
2001,STAGE,,,,ZM-PT01,2001,0,0
2002,STAGE,,,,ZM-PT01,2002,0,0
2003,STAGE,,,,ZM-PT01,2003,0,0
2004,STAGE,,,,ZM-PT01,2004,0,0
2005,STAGE,,,,ZM-PT01,2005,0,0
2006,STAGE,,,,ZM-PT01,2006,0,0
2007,STAGE,,,,ZM-PT01,2007,0,0
2008,STAGE,,,,ZM-PT01,2008,0,0
2009,STAGE,,,,ZM-PT01,2009,0,0
2010,STAGE,,,,ZM-PT01,2010,0,0
2011,STAGE,,,,ZM-PT01,2011,0,0
2012,STAGE,,,,ZM-PT01,2012,0,0
2013,STAGE,,,,ZM-PT01,2013,0,0
2014,STAGE,,,,ZM-PT01,2014,0,0
2015,STAGE,,,,ZM-PT01,2015,0,0
2016,STAGE,,,,ZM-PT01,2016,0,0
2017,STAGE,,,,ZM-PT01,2017,0,0
2018,STAGE,,,,ZM-PT01,2018,0,0
2019,STAGE,,,,ZM-PT01,2019,0,0
2020,STAGE,,,,ZM-PT01,2020,0,0
2021,STAGE,,,,ZM-PT01,2021,0,0
2022,STAGE,,,,ZM-PT01,2022,0,0
2023,STAGE,,,,ZM-PT01,2023,0,0
2024,STAGE,,,,ZM-PT01,2024,0,0
2025,STAGE,,,,ZM-PT01,2025,0,0
2026,STAGE,,,,ZM-PT01,2026,0,0
2027,STAGE,,,,ZM-PT01,2027,0,0
2028,STAGE,,,,ZM-PT01,2028,0,0
2029,STAGE,,,,ZM-PT01,2029,0,0
2030,STAGE,,,,ZM-PT01,2030,0,0
2031,STAGE,,,,ZM-PT01,2031,0,0
2032,STAGE,,,,ZM-PT01,2032,0,0
2033,STAGE,,,,ZM-PT01,2033,0,0
2034,STAGE,,,,ZM-PT01,2034,0,0
2035,STAGE,,,,ZM-PT01,2035,0,0
2036,STAGE,,,,ZM-PT01,2036,0,0
2037,STAGE,,,,ZM-PT01,2037,0,0
2038,STAGE,,,,ZM-PT01,2038,0,0
2039,STAGE,,,,ZM-PT01,2039,0,0
2040,STAGE,,,,ZM-PT01,2040,0,0
2041,STAGE,,,,ZM-PT01,2041,0,0
2042,STAGE,,,,ZM-PT01,2042,0,0
2043,STAGE,,,,ZM-PT01,2043,0,0
2044,STAGE,,,,ZM-PT01,2044,0,0
2045,STAGE,,,,ZM-PT01,2045,0,0
2046,STAGE,,,,ZM-PT01,2046,0,0
2047,STAGE,,,,ZM-PT01,2047,0,0
2048,STAGE,,,,ZM-PT01,2048,0,0
2049,STAGE,,,,ZM-PT01,2049,0,0
2050,STAGE,,,,ZM-PT01,2050,0,0
2051,STAGE,,,,ZM-PT01,2051,0,0
2052,STAGE,,,,ZM-PT01,2052,0,0
2053,STAGE,,,,ZM-PT01,2053,0,0
2054,STAGE,,,,ZM-PT01,2054,0,0
2055,STAGE,,,,ZM-PT01,2055,0,0
2056,STAGE,,,,ZM-PT01,2056,0,0
2057,STAGE,,,,ZM-PT01,2057,0,0
2058,STAGE,,,,ZM-PT01,2058,0,0
2059,STAGE,,,,ZM-PT01,2059,0,0
2060,STAGE,,,,ZM-PT01,2060,0,0
2061,STAGE,,,,ZM-PT01,2061,0,0
2062,STAGE,,,,ZM-PT01,2062,0,0
2063,STAGE,,,,ZM-PT01,2063,0,0
2064,STAGE,,,,ZM-PT01,2064,0,0
2065,STAGE,,,,ZM-PT01,2065,0,0
2066,STAGE,,,,ZM-PT01,2066,0,0
2067,STAGE,,,,ZM-PT01,2067,0,0
2068,STAGE,,,,ZM-PT01,2068,0,0
2069,STAGE,,,,ZM-PT01,2069,0,0
2070,STAGE,,,,ZM-PT01,2070,0,0
2071,STAGE,,,,ZM-PT01,2071,0,0
2072,STAGE,,,,ZM-PT01,2072,0,0
2073,STAGE,,,,ZM-PT01,2073,0,0
2074,STAGE,,,,ZM-PT01,2074,0,0
2075,STAGE,,,,ZM-PT01,2075,0,0
2076,STAGE,,,,ZM-PT01,2076,0,0
2077,STAGE,,,,ZM-PT01,2077,0,0
2078,STAGE,,,,ZM-PT01,2078,0,0
2079,STAGE,,,,ZM-PT01,2079,0,0
2080,STAGE,,,,ZM-PT01,2080,0,0
2081,STAGE,,,,ZM-PT01,2081,0,0
2082,STAGE,,,,ZM-PT01,2082,0,0
2083,STAGE,,,,ZM-PT01,2083,0,0
2084,STAGE,,,,ZM-PT01,2084,0,0
2085,STAGE,,,,ZM-PT01,2085,0,0
2086,STAGE,,,,ZM-PT01,2086,0,0
2087,STAGE,,,,ZM-PT01,2087,0,0
2088,STAGE,,,,ZM-PT01,2088,0,0
2089,STAGE,,,,ZM-PT01,2089,0,0
2090,STAGE,,,,ZM-PT01,2090,0,0
2091,STAGE,,,,ZM-PT01,2091,0,0
2092,STAGE,,,,ZM-PT01,2092,0,0
2093,STAGE,,,,ZM-PT01,2093,0,0
2094,STAGE,,,,ZM-PT01,2094,0,0
2095,STAGE,,,,ZM-PT01,2095,0,0
2096,STAGE,,,,ZM-PT01,2096,0,0
2097,STAGE,,,,ZM-PT01,2097,0,0
2098,STAGE,,,,ZM-PT01,2098,0,0
2099,STAGE,,,,ZM-PT01,2099,0,0
2100,STAGE,,,,ZM-PT01,2100,0,0
3001,STAGE,,,,ZM-PT01,3001,0,0
3002,STAGE,,,,ZM-PT01,3002,0,0
3003,STAGE,,,,ZM-PT01,3003,0,0
3004,STAGE,,,,ZM-PT01,3004,0,0
3005,STAGE,,,,ZM-PT01,3005,0,0
3006,STAGE,,,,ZM-PT01,3006,0,0
3007,STAGE,,,,ZM-PT01,3007,0,0
3008,STAGE,,,,ZM-PT01,3008,0,0
3009,STAGE,,,,ZM-PT01,3009,0,0
3010,STAGE,,,,ZM-PT01,3010,0,0
3011,STAGE,,,,ZM-PT01,3011,0,0
3012,STAGE,,,,ZM-PT01,3012,0,0
3013,STAGE,,,,ZM-PT01,3013,0,0
3014,STAGE,,,,ZM-PT01,3014,0,0
3015,STAGE,,,,ZM-PT01,3015,0,0
3016,STAGE,,,,ZM-PT01,3016,0,0
3017,STAGE,,,,ZM-PT01,3017,0,0
3018,STAGE,,,,ZM-PT01,3018,0,0
3019,STAGE,,,,ZM-PT01,3019,0,0
3020,STAGE,,,,ZM-PT01,3020,0,0
3021,STAGE,,,,ZM-PT01,3021,0,0
3022,STAGE,,,,ZM-PT01,3022,0,0
3023,STAGE,,,,ZM-PT01,3023,0,0
3024,STAGE,,,,ZM-PT01,3024,0,0
3025,STAGE,,,,ZM-PT01,3025,0,0
3026,STAGE,,,,ZM-PT01,3026,0,0
3027,STAGE,,,,ZM-PT01,3027,0,0
3028,STAGE,,,,ZM-PT01,3028,0,0
3029,STAGE,,,,ZM-PT01,3029,0,0
3030,STAGE,,,,ZM-PT01,3030,0,0
3031,STAGE,,,,ZM-PT01,3031,0,0
3032,STAGE,,,,ZM-PT01,3032,0,0
3033,STAGE,,,,ZM-PT01,3033,0,0
3034,STAGE,,,,ZM-PT01,3034,0,0
3035,STAGE,,,,ZM-PT01,3035,0,0
3036,STAGE,,,,ZM-PT01,3036,0,0
3037,STAGE,,,,ZM-PT01,3037,0,0
3038,STAGE,,,,ZM-PT01,3038,0,0
3039,STAGE,,,,ZM-PT01,3039,0,0
3040,STAGE,,,,ZM-PT01,3040,0,0
3041,STAGE,,,,ZM-PT01,3041,0,0
3042,STAGE,,,,ZM-PT01,3042,0,0
3043,STAGE,,,,ZM-PT01,3043,0,0
3044,STAGE,,,,ZM-PT01,3044,0,0
3045,STAGE,,,,ZM-PT01,3045,0,0
3046,STAGE,,,,ZM-PT01,3046,0,0
3047,STAGE,,,,ZM-PT01,3047,0,0
3048,STAGE,,,,ZM-PT01,3048,0,0
3049,STAGE,,,,ZM-PT01,3049,0,0
3050,STAGE,,,,ZM-PT01,3050,0,0
3051,STAGE,,,,ZM-PT01,3051,0,0
3052,STAGE,,,,ZM-PT01,3052,0,0
3053,STAGE,,,,ZM-PT01,3053,0,0
3054,STAGE,,,,ZM-PT01,3054,0,0
3055,STAGE,,,,ZM-PT01,3055,0,0
3056,STAGE,,,,ZM-PT01,3056,0,0
3057,STAGE,,,,ZM-PT01,3057,0,0
3058,STAGE,,,,ZM-PT01,3058,0,0
3059,STAGE,,,,ZM-PT01,3059,0,0
3060,STAGE,,,,ZM-PT01,3060,0,0
3061,STAGE,,,,ZM-PT01,3061,0,0
3062,STAGE,,,,ZM-PT01,3062,0,0
3063,STAGE,,,,ZM-PT01,3063,0,0
3064,STAGE,,,,ZM-PT01,3064,0,0
3065,STAGE,,,,ZM-PT01,3065,0,0
3066,STAGE,,,,ZM-PT01,3066,0,0
3067,STAGE,,,,ZM-PT01,3067,0,0
3068,STAGE,,,,ZM-PT01,3068,0,0
3069,STAGE,,,,ZM-PT01,3069,0,0
3070,STAGE,,,,ZM-PT01,3070,0,0
3071,STAGE,,,,ZM-PT01,3071,0,0
3072,STAGE,,,,ZM-PT01,3072,0,0
3073,STAGE,,,,ZM-PT01,3073,0,0
3074,STAGE,,,,ZM-PT01,3074,0,0
3075,STAGE,,,,ZM-PT01,3075,0,0
3076,STAGE,,,,ZM-PT01,3076,0,0
3077,STAGE,,,,ZM-PT01,3077,0,0
3078,STAGE,,,,ZM-PT01,3078,0,0
3079,STAGE,,,,ZM-PT01,3079,0,0
3080,STAGE,,,,ZM-PT01,3080,0,0
3081,STAGE,,,,ZM-PT01,3081,0,0
3082,STAGE,,,,ZM-PT01,3082,0,0
3083,STAGE,,,,ZM-PT01,3083,0,0
3084,STAGE,,,,ZM-PT01,3084,0,0
3085,STAGE,,,,ZM-PT01,3085,0,0
3086,STAGE,,,,ZM-PT01,3086,0,0
3087,STAGE,,,,ZM-PT01,3087,0,0
3088,STAGE,,,,ZM-PT01,3088,0,0
3089,STAGE,,,,ZM-PT01,3089,0,0
3090,STAGE,,,,ZM-PT01,3090,0,0
3091,STAGE,,,,ZM-PT01,3091,0,0
3092,STAGE,,,,ZM-PT01,3092,0,0
3093,STAGE,,,,ZM-PT01,3093,0,0
3094,STAGE,,,,ZM-PT01,3094,0,0
3095,STAGE,,,,ZM-PT01,3095,0,0
3096,STAGE,,,,ZM-PT01,3096,0,0
3097,STAGE,,,,ZM-PT01,3097,0,0
3098,STAGE,,,,ZM-PT01,3098,0,0
3099,STAGE,,,,ZM-PT01,3099,0,0
3100,STAGE,,,,ZM-PT01,3100,0,0
4001,STAGE,,,,ZM-PT01,4001,0,0
4002,STAGE,,,,ZM-PT01,4002,0,0
4003,STAGE,,,,ZM-PT01,4003,0,0
4004,STAGE,,,,ZM-PT01,4004,0,0
4005,STAGE,,,,ZM-PT01,4005,0,0
4006,STAGE,,,,ZM-PT01,4006,0,0
4007,STAGE,,,,ZM-PT01,4007,0,0
4008,STAGE,,,,ZM-PT01,4008,0,0
4009,STAGE,,,,ZM-PT01,4009,0,0
4010,STAGE,,,,ZM-PT01,4010,0,0
4011,STAGE,,,,ZM-PT01,4011,0,0
4012,STAGE,,,,ZM-PT01,4012,0,0
4013,STAGE,,,,ZM-PT01,4013,0,0
4014,STAGE,,,,ZM-PT01,4014,0,0
4015,STAGE,,,,ZM-PT01,4015,0,0
4016,STAGE,,,,ZM-PT01,4016,0,0
4017,STAGE,,,,ZM-PT01,4017,0,0
4018,STAGE,,,,ZM-PT01,4018,0,0
4019,STAGE,,,,ZM-PT01,4019,0,0
4020,STAGE,,,,ZM-PT01,4020,0,0
4021,STAGE,,,,ZM-PT01,4021,0,0
4022,STAGE,,,,ZM-PT01,4022,0,0
4023,STAGE,,,,ZM-PT01,4023,0,0
4024,STAGE,,,,ZM-PT01,4024,0,0
4025,STAGE,,,,ZM-PT01,4025,0,0
4026,STAGE,,,,ZM-PT01,4026,0,0
4027,STAGE,,,,ZM-PT01,4027,0,0
4028,STAGE,,,,ZM-PT01,4028,0,0
4029,STAGE,,,,ZM-PT01,4029,0,0
4030,STAGE,,,,ZM-PT01,4030,0,0
4031,STAGE,,,,ZM-PT01,4031,0,0
4032,STAGE,,,,ZM-PT01,4032,0,0
4033,STAGE,,,,ZM-PT01,4033,0,0
4034,STAGE,,,,ZM-PT01,4034,0,0
4035,STAGE,,,,ZM-PT01,4035,0,0
4036,STAGE,,,,ZM-PT01,4036,0,0
4037,STAGE,,,,ZM-PT01,4037,0,0
4038,STAGE,,,,ZM-PT01,4038,0,0
4039,STAGE,,,,ZM-PT01,4039,0,0
4040,STAGE,,,,ZM-PT01,4040,0,0
4041,STAGE,,,,ZM-PT01,4041,0,0
4042,STAGE,,,,ZM-PT01,4042,0,0
4043,STAGE,,,,ZM-PT01,4043,0,0
4044,STAGE,,,,ZM-PT01,4044,0,0
4045,STAGE,,,,ZM-PT01,4045,0,0
4046,STAGE,,,,ZM-PT01,4046,0,0
4047,STAGE,,,,ZM-PT01,4047,0,0
4048,STAGE,,,,ZM-PT01,4048,0,0
4049,STAGE,,,,ZM-PT01,4049,0,0
4050,STAGE,,,,ZM-PT01,4050,0,0
4051,STAGE,,,,ZM-PT01,4051,0,0
4052,STAGE,,,,ZM-PT01,4052,0,0
4053,STAGE,,,,ZM-PT01,4053,0,0
4054,STAGE,,,,ZM-PT01,4054,0,0
4055,STAGE,,,,ZM-PT01,4055,0,0
4056,STAGE,,,,ZM-PT01,4056,0,0
4057,STAGE,,,,ZM-PT01,4057,0,0
4058,STAGE,,,,ZM-PT01,4058,0,0
4059,STAGE,,,,ZM-PT01,4059,0,0
4060,STAGE,,,,ZM-PT01,4060,0,0
4061,STAGE,,,,ZM-PT01,4061,0,0
4062,STAGE,,,,ZM-PT01,4062,0,0
4063,STAGE,,,,ZM-PT01,4063,0,0
4064,STAGE,,,,ZM-PT01,4064,0,0
4065,STAGE,,,,ZM-PT01,4065,0,0
4066,STAGE,,,,ZM-PT01,4066,0,0
4067,STAGE,,,,ZM-PT01,4067,0,0
4068,STAGE,,,,ZM-PT01,4068,0,0
4069,STAGE,,,,ZM-PT01,4069,0,0
4070,STAGE,,,,ZM-PT01,4070,0,0
4071,STAGE,,,,ZM-PT01,4071,0,0
4072,STAGE,,,,ZM-PT01,4072,0,0
4073,STAGE,,,,ZM-PT01,4073,0,0
4074,STAGE,,,,ZM-PT01,4074,0,0
4075,STAGE,,,,ZM-PT01,4075,0,0
4076,STAGE,,,,ZM-PT01,4076,0,0
4077,STAGE,,,,ZM-PT01,4077,0,0
4078,STAGE,,,,ZM-PT01,4078,0,0
4079,STAGE,,,,ZM-PT01,4079,0,0
4080,STAGE,,,,ZM-PT01,4080,0,0
4081,STAGE,,,,ZM-PT01,4081,0,0
4082,STAGE,,,,ZM-PT01,4082,0,0
4083,STAGE,,,,ZM-PT01,4083,0,0
4084,STAGE,,,,ZM-PT01,4084,0,0
4085,STAGE,,,,ZM-PT01,4085,0,0
4086,STAGE,,,,ZM-PT01,4086,0,0
4087,STAGE,,,,ZM-PT01,4087,0,0
4088,STAGE,,,,ZM-PT01,4088,0,0
4089,STAGE,,,,ZM-PT01,4089,0,0
4090,STAGE,,,,ZM-PT01,4090,0,0
4091,STAGE,,,,ZM-PT01,4091,0,0
4092,STAGE,,,,ZM-PT01,4092,0,0
4093,STAGE,,,,ZM-PT01,4093,0,0
4094,STAGE,,,,ZM-PT01,4094,0,0
4095,STAGE,,,,ZM-PT01,4095,0,0
4096,STAGE,,,,ZM-PT01,4096,0,0
4097,STAGE,,,,ZM-PT01,4097,0,0
4098,STAGE,,,,ZM-PT01,4098,0,0
4099,STAGE,,,,ZM-PT01,4099,0,0
4100,STAGE,,,,ZM-PT01,4100,0,0
5001,STAGE,,,,ZM-PT01,5001,0,0
5002,STAGE,,,,ZM-PT01,5002,0,0
5003,STAGE,,,,ZM-PT01,5003,0,0
5004,STAGE,,,,ZM-PT01,5004,0,0
5005,STAGE,,,,ZM-PT01,5005,0,0
5006,STAGE,,,,ZM-PT01,5006,0,0
5007,STAGE,,,,ZM-PT01,5007,0,0
5008,STAGE,,,,ZM-PT01,5008,0,0
5009,STAGE,,,,ZM-PT01,5009,0,0
5010,STAGE,,,,ZM-PT01,5010,0,0
5011,STAGE,,,,ZM-PT01,5011,0,0
5012,STAGE,,,,ZM-PT01,5012,0,0
5013,STAGE,,,,ZM-PT01,5013,0,0
5014,STAGE,,,,ZM-PT01,5014,0,0
5015,STAGE,,,,ZM-PT01,5015,0,0
5016,STAGE,,,,ZM-PT01,5016,0,0
5017,STAGE,,,,ZM-PT01,5017,0,0
5018,STAGE,,,,ZM-PT01,5018,0,0
5019,STAGE,,,,ZM-PT01,5019,0,0
5020,STAGE,,,,ZM-PT01,5020,0,0
5021,STAGE,,,,ZM-PT01,5021,0,0
5022,STAGE,,,,ZM-PT01,5022,0,0
5023,STAGE,,,,ZM-PT01,5023,0,0
5024,STAGE,,,,ZM-PT01,5024,0,0
5025,STAGE,,,,ZM-PT01,5025,0,0
5026,STAGE,,,,ZM-PT01,5026,0,0
5027,STAGE,,,,ZM-PT01,5027,0,0
5028,STAGE,,,,ZM-PT01,5028,0,0
5029,STAGE,,,,ZM-PT01,5029,0,0
5030,STAGE,,,,ZM-PT01,5030,0,0
5031,STAGE,,,,ZM-PT01,5031,0,0
5032,STAGE,,,,ZM-PT01,5032,0,0
5033,STAGE,,,,ZM-PT01,5033,0,0
5034,STAGE,,,,ZM-PT01,5034,0,0
5035,STAGE,,,,ZM-PT01,5035,0,0
5036,STAGE,,,,ZM-PT01,5036,0,0
5037,STAGE,,,,ZM-PT01,5037,0,0
5038,STAGE,,,,ZM-PT01,5038,0,0
5039,STAGE,,,,ZM-PT01,5039,0,0
5040,STAGE,,,,ZM-PT01,5040,0,0
5041,STAGE,,,,ZM-PT01,5041,0,0
5042,STAGE,,,,ZM-PT01,5042,0,0
5043,STAGE,,,,ZM-PT01,5043,0,0
5044,STAGE,,,,ZM-PT01,5044,0,0
5045,STAGE,,,,ZM-PT01,5045,0,0
5046,STAGE,,,,ZM-PT01,5046,0,0
5047,STAGE,,,,ZM-PT01,5047,0,0
5048,STAGE,,,,ZM-PT01,5048,0,0
5049,STAGE,,,,ZM-PT01,5049,0,0
5050,STAGE,,,,ZM-PT01,5050,0,0
5051,STAGE,,,,ZM-PT01,5051,0,0
5052,STAGE,,,,ZM-PT01,5052,0,0
5053,STAGE,,,,ZM-PT01,5053,0,0
5054,STAGE,,,,ZM-PT01,5054,0,0
5055,STAGE,,,,ZM-PT01,5055,0,0
5056,STAGE,,,,ZM-PT01,5056,0,0
5057,STAGE,,,,ZM-PT01,5057,0,0
5058,STAGE,,,,ZM-PT01,5058,0,0
5059,STAGE,,,,ZM-PT01,5059,0,0
5060,STAGE,,,,ZM-PT01,5060,0,0
5061,STAGE,,,,ZM-PT01,5061,0,0
5062,STAGE,,,,ZM-PT01,5062,0,0
5063,STAGE,,,,ZM-PT01,5063,0,0
5064,STAGE,,,,ZM-PT01,5064,0,0
5065,STAGE,,,,ZM-PT01,5065,0,0
5066,STAGE,,,,ZM-PT01,5066,0,0
5067,STAGE,,,,ZM-PT01,5067,0,0
5068,STAGE,,,,ZM-PT01,5068,0,0
5069,STAGE,,,,ZM-PT01,5069,0,0
5070,STAGE,,,,ZM-PT01,5070,0,0
5071,STAGE,,,,ZM-PT01,5071,0,0
5072,STAGE,,,,ZM-PT01,5072,0,0
5073,STAGE,,,,ZM-PT01,5073,0,0
5074,STAGE,,,,ZM-PT01,5074,0,0
5075,STAGE,,,,ZM-PT01,5075,0,0
5076,STAGE,,,,ZM-PT01,5076,0,0
5077,STAGE,,,,ZM-PT01,5077,0,0
5078,STAGE,,,,ZM-PT01,5078,0,0
5079,STAGE,,,,ZM-PT01,5079,0,0
5080,STAGE,,,,ZM-PT01,5080,0,0
5081,STAGE,,,,ZM-PT01,5081,0,0
5082,STAGE,,,,ZM-PT01,5082,0,0
5083,STAGE,,,,ZM-PT01,5083,0,0
5084,STAGE,,,,ZM-PT01,5084,0,0
5085,STAGE,,,,ZM-PT01,5085,0,0
5086,STAGE,,,,ZM-PT01,5086,0,0
5087,STAGE,,,,ZM-PT01,5087,0,0
5088,STAGE,,,,ZM-PT01,5088,0,0
5089,STAGE,,,,ZM-PT01,5089,0,0
5090,STAGE,,,,ZM-PT01,5090,0,0
5091,STAGE,,,,ZM-PT01,5091,0,0
5092,STAGE,,,,ZM-PT01,5092,0,0
5093,STAGE,,,,ZM-PT01,5093,0,0
5094,STAGE,,,,ZM-PT01,5094,0,0
5095,STAGE,,,,ZM-PT01,5095,0,0
5096,STAGE,,,,ZM-PT01,5096,0,0
5097,STAGE,,,,ZM-PT01,5097,0,0
5098,STAGE,,,,ZM-PT01,5098,0,0
5099,STAGE,,,,ZM-PT01,5099,0,0
5100,STAGE,,,,ZM-PT01,5100,0,0
6001,STAGE,,,,ZM-PT01,6001,0,0
6002,STAGE,,,,ZM-PT01,6002,0,0
6003,STAGE,,,,ZM-PT01,6003,0,0
6004,STAGE,,,,ZM-PT01,6004,0,0
6005,STAGE,,,,ZM-PT01,6005,0,0
6006,STAGE,,,,ZM-PT01,6006,0,0
6007,STAGE,,,,ZM-PT01,6007,0,0
6008,STAGE,,,,ZM-PT01,6008,0,0
6009,STAGE,,,,ZM-PT01,6009,0,0
6010,STAGE,,,,ZM-PT01,6010,0,0
6011,STAGE,,,,ZM-PT01,6011,0,0
6012,STAGE,,,,ZM-PT01,6012,0,0
6013,STAGE,,,,ZM-PT01,6013,0,0
6014,STAGE,,,,ZM-PT01,6014,0,0
6015,STAGE,,,,ZM-PT01,6015,0,0
6016,STAGE,,,,ZM-PT01,6016,0,0
6017,STAGE,,,,ZM-PT01,6017,0,0
6018,STAGE,,,,ZM-PT01,6018,0,0
6019,STAGE,,,,ZM-PT01,6019,0,0
6020,STAGE,,,,ZM-PT01,6020,0,0
6021,STAGE,,,,ZM-PT01,6021,0,0
6022,STAGE,,,,ZM-PT01,6022,0,0
6023,STAGE,,,,ZM-PT01,6023,0,0
6024,STAGE,,,,ZM-PT01,6024,0,0
6025,STAGE,,,,ZM-PT01,6025,0,0
6026,STAGE,,,,ZM-PT01,6026,0,0
6027,STAGE,,,,ZM-PT01,6027,0,0
6028,STAGE,,,,ZM-PT01,6028,0,0
6029,STAGE,,,,ZM-PT01,6029,0,0
6030,STAGE,,,,ZM-PT01,6030,0,0
6031,STAGE,,,,ZM-PT01,6031,0,0
6032,STAGE,,,,ZM-PT01,6032,0,0
6033,STAGE,,,,ZM-PT01,6033,0,0
6034,STAGE,,,,ZM-PT01,6034,0,0
6035,STAGE,,,,ZM-PT01,6035,0,0
6036,STAGE,,,,ZM-PT01,6036,0,0
6037,STAGE,,,,ZM-PT01,6037,0,0
6038,STAGE,,,,ZM-PT01,6038,0,0
6039,STAGE,,,,ZM-PT01,6039,0,0
6040,STAGE,,,,ZM-PT01,6040,0,0
6041,STAGE,,,,ZM-PT01,6041,0,0
6042,STAGE,,,,ZM-PT01,6042,0,0
6043,STAGE,,,,ZM-PT01,6043,0,0
6044,STAGE,,,,ZM-PT01,6044,0,0
6045,STAGE,,,,ZM-PT01,6045,0,0
6046,STAGE,,,,ZM-PT01,6046,0,0
6047,STAGE,,,,ZM-PT01,6047,0,0
6048,STAGE,,,,ZM-PT01,6048,0,0
6049,STAGE,,,,ZM-PT01,6049,0,0
6050,STAGE,,,,ZM-PT01,6050,0,0
6051,STAGE,,,,ZM-PT01,6051,0,0
6052,STAGE,,,,ZM-PT01,6052,0,0
6053,STAGE,,,,ZM-PT01,6053,0,0
6054,STAGE,,,,ZM-PT01,6054,0,0
6055,STAGE,,,,ZM-PT01,6055,0,0
6056,STAGE,,,,ZM-PT01,6056,0,0
6057,STAGE,,,,ZM-PT01,6057,0,0
6058,STAGE,,,,ZM-PT01,6058,0,0
6059,STAGE,,,,ZM-PT01,6059,0,0
6060,STAGE,,,,ZM-PT01,6060,0,0
6061,STAGE,,,,ZM-PT01,6061,0,0
6062,STAGE,,,,ZM-PT01,6062,0,0
6063,STAGE,,,,ZM-PT01,6063,0,0
6064,STAGE,,,,ZM-PT01,6064,0,0
6065,STAGE,,,,ZM-PT01,6065,0,0
6066,STAGE,,,,ZM-PT01,6066,0,0
6067,STAGE,,,,ZM-PT01,6067,0,0
6068,STAGE,,,,ZM-PT01,6068,0,0
6069,STAGE,,,,ZM-PT01,6069,0,0
6070,STAGE,,,,ZM-PT01,6070,0,0
6071,STAGE,,,,ZM-PT01,6071,0,0
6072,STAGE,,,,ZM-PT01,6072,0,0
6073,STAGE,,,,ZM-PT01,6073,0,0
6074,STAGE,,,,ZM-PT01,6074,0,0
6075,STAGE,,,,ZM-PT01,6075,0,0
6076,STAGE,,,,ZM-PT01,6076,0,0
6077,STAGE,,,,ZM-PT01,6077,0,0
6078,STAGE,,,,ZM-PT01,6078,0,0
6079,STAGE,,,,ZM-PT01,6079,0,0
6080,STAGE,,,,ZM-PT01,6080,0,0
6081,STAGE,,,,ZM-PT01,6081,0,0
6082,STAGE,,,,ZM-PT01,6082,0,0
6083,STAGE,,,,ZM-PT01,6083,0,0
6084,STAGE,,,,ZM-PT01,6084,0,0
6085,STAGE,,,,ZM-PT01,6085,0,0
6086,STAGE,,,,ZM-PT01,6086,0,0
6087,STAGE,,,,ZM-PT01,6087,0,0
6088,STAGE,,,,ZM-PT01,6088,0,0
6089,STAGE,,,,ZM-PT01,6089,0,0
6090,STAGE,,,,ZM-PT01,6090,0,0
6091,STAGE,,,,ZM-PT01,6091,0,0
6092,STAGE,,,,ZM-PT01,6092,0,0
6093,STAGE,,,,ZM-PT01,6093,0,0
6094,STAGE,,,,ZM-PT01,6094,0,0
6095,STAGE,,,,ZM-PT01,6095,0,0
6096,STAGE,,,,ZM-PT01,6096,0,0
6097,STAGE,,,,ZM-PT01,6097,0,0
6098,STAGE,,,,ZM-PT01,6098,0,0
6099,STAGE,,,,ZM-PT01,6099,0,0
6100,STAGE,,,,ZM-PT01,6100,0,0
7001,STAGE,,,,ZM-PT01,7001,0,0
7002,STAGE,,,,ZM-PT01,7002,0,0
7003,STAGE,,,,ZM-PT01,7003,0,0
7004,STAGE,,,,ZM-PT01,7004,0,0
7005,STAGE,,,,ZM-PT01,7005,0,0
7006,STAGE,,,,ZM-PT01,7006,0,0
7007,STAGE,,,,ZM-PT01,7007,0,0
7008,STAGE,,,,ZM-PT01,7008,0,0
7009,STAGE,,,,ZM-PT01,7009,0,0
7010,STAGE,,,,ZM-PT01,7010,0,0
7011,STAGE,,,,ZM-PT01,7011,0,0
7012,STAGE,,,,ZM-PT01,7012,0,0
7013,STAGE,,,,ZM-PT01,7013,0,0
7014,STAGE,,,,ZM-PT01,7014,0,0
7015,STAGE,,,,ZM-PT01,7015,0,0
7016,STAGE,,,,ZM-PT01,7016,0,0
7017,STAGE,,,,ZM-PT01,7017,0,0
7018,STAGE,,,,ZM-PT01,7018,0,0
7019,STAGE,,,,ZM-PT01,7019,0,0
7020,STAGE,,,,ZM-PT01,7020,0,0
7021,STAGE,,,,ZM-PT01,7021,0,0
7022,STAGE,,,,ZM-PT01,7022,0,0
7023,STAGE,,,,ZM-PT01,7023,0,0
7024,STAGE,,,,ZM-PT01,7024,0,0
7025,STAGE,,,,ZM-PT01,7025,0,0
7026,STAGE,,,,ZM-PT01,7026,0,0
7027,STAGE,,,,ZM-PT01,7027,0,0
7028,STAGE,,,,ZM-PT01,7028,0,0
7029,STAGE,,,,ZM-PT01,7029,0,0
7030,STAGE,,,,ZM-PT01,7030,0,0
7031,STAGE,,,,ZM-PT01,7031,0,0
7032,STAGE,,,,ZM-PT01,7032,0,0
7033,STAGE,,,,ZM-PT01,7033,0,0
7034,STAGE,,,,ZM-PT01,7034,0,0
7035,STAGE,,,,ZM-PT01,7035,0,0
7036,STAGE,,,,ZM-PT01,7036,0,0
7037,STAGE,,,,ZM-PT01,7037,0,0
7038,STAGE,,,,ZM-PT01,7038,0,0
7039,STAGE,,,,ZM-PT01,7039,0,0
7040,STAGE,,,,ZM-PT01,7040,0,0
7041,STAGE,,,,ZM-PT01,7041,0,0
7042,STAGE,,,,ZM-PT01,7042,0,0
7043,STAGE,,,,ZM-PT01,7043,0,0
7044,STAGE,,,,ZM-PT01,7044,0,0
7045,STAGE,,,,ZM-PT01,7045,0,0
7046,STAGE,,,,ZM-PT01,7046,0,0
7047,STAGE,,,,ZM-PT01,7047,0,0
7048,STAGE,,,,ZM-PT01,7048,0,0
7049,STAGE,,,,ZM-PT01,7049,0,0
7050,STAGE,,,,ZM-PT01,7050,0,0
7051,STAGE,,,,ZM-PT01,7051,0,0
7052,STAGE,,,,ZM-PT01,7052,0,0
7053,STAGE,,,,ZM-PT01,7053,0,0
7054,STAGE,,,,ZM-PT01,7054,0,0
7055,STAGE,,,,ZM-PT01,7055,0,0
7056,STAGE,,,,ZM-PT01,7056,0,0
7057,STAGE,,,,ZM-PT01,7057,0,0
7058,STAGE,,,,ZM-PT01,7058,0,0
7059,STAGE,,,,ZM-PT01,7059,0,0
7060,STAGE,,,,ZM-PT01,7060,0,0
7061,STAGE,,,,ZM-PT01,7061,0,0
7062,STAGE,,,,ZM-PT01,7062,0,0
7063,STAGE,,,,ZM-PT01,7063,0,0
7064,STAGE,,,,ZM-PT01,7064,0,0
7065,STAGE,,,,ZM-PT01,7065,0,0
7066,STAGE,,,,ZM-PT01,7066,0,0
7067,STAGE,,,,ZM-PT01,7067,0,0
7068,STAGE,,,,ZM-PT01,7068,0,0
7069,STAGE,,,,ZM-PT01,7069,0,0
7070,STAGE,,,,ZM-PT01,7070,0,0
7071,STAGE,,,,ZM-PT01,7071,0,0
7072,STAGE,,,,ZM-PT01,7072,0,0
7073,STAGE,,,,ZM-PT01,7073,0,0
7074,STAGE,,,,ZM-PT01,7074,0,0
7075,STAGE,,,,ZM-PT01,7075,0,0
7076,STAGE,,,,ZM-PT01,7076,0,0
7077,STAGE,,,,ZM-PT01,7077,0,0
7078,STAGE,,,,ZM-PT01,7078,0,0
7079,STAGE,,,,ZM-PT01,7079,0,0
7080,STAGE,,,,ZM-PT01,7080,0,0
7081,STAGE,,,,ZM-PT01,7081,0,0
7082,STAGE,,,,ZM-PT01,7082,0,0
7083,STAGE,,,,ZM-PT01,7083,0,0
7084,STAGE,,,,ZM-PT01,7084,0,0
7085,STAGE,,,,ZM-PT01,7085,0,0
7086,STAGE,,,,ZM-PT01,7086,0,0
7087,STAGE,,,,ZM-PT01,7087,0,0
7088,STAGE,,,,ZM-PT01,7088,0,0
7089,STAGE,,,,ZM-PT01,7089,0,0
7090,STAGE,,,,ZM-PT01,7090,0,0
7091,STAGE,,,,ZM-PT01,7091,0,0
7092,STAGE,,,,ZM-PT01,7092,0,0
7093,STAGE,,,,ZM-PT01,7093,0,0
7094,STAGE,,,,ZM-PT01,7094,0,0
7095,STAGE,,,,ZM-PT01,7095,0,0
7096,STAGE,,,,ZM-PT01,7096,0,0
7097,STAGE,,,,ZM-PT01,7097,0,0
7098,STAGE,,,,ZM-PT01,7098,0,0
7099,STAGE,,,,ZM-PT01,7099,0,0
7100,STAGE,,,,ZM-PT01,7100,0,0
AD1001,ANDEN,,,,ZM-PT01,11001,0,0
AD1002,ANDEN,,,,ZM-PT01,11001,0,0
AD1003,ANDEN,,,,ZM-PT01,11001,0,0
AD1004,ANDEN,,,,ZM-PT01,11001,0,0
AD1005,ANDEN,,,,ZM-PT01,11001,0,0
AD1006,ANDEN,,,,ZM-PT01,11001,0,0
AD1007,ANDEN,,,,ZM-PT01,11001,0,0
AD1008,ANDEN,,,,ZM-PT01,11001,0,0
AD1009,ANDEN,,,,ZM-PT01,11001,0,0
AD1010,ANDEN,,,,ZM-PT01,11001,0,0
AD1011,ANDEN,,,,ZM-PT01,11001,0,0
AD1012,ANDEN,,,,ZM-PT01,11001,0,0
AD1013,ANDEN,,,,ZM-PT01,11001,0,0
AD1014,ANDEN,,,,ZM-PT01,11001,0,0
AD1015,ANDEN,,,,ZM-PT01,11001,0,0
AD1016,ANDEN,,,,ZM-PT01,11001,0,0
AD1017,ANDEN,,,,ZM-PT01,11001,0,0
AD1018,ANDEN,,,,ZM-PT01,11001,0,0
AD1019,ANDEN,,,,ZM-PT01,11001,0,0
AD1020,ANDEN,,,,ZM-PT01,11001,0,0
AD1021,ANDEN,,,,ZM-PT01,11001,0,0
AD1022,ANDEN,,,,ZM-PT01,11001,0,0
AD1023,ANDEN,,,,ZM-PT01,11001,0,0
AD1024,ANDEN,,,,ZM-PT01,11001,0,0
AD1025,ANDEN,,,,ZM-PT01,11001,0,0
AD1026,ANDEN,,,,ZM-PT01,11001,0,0
AD1027,ANDEN,,,,ZM-PT01,11001,0,0
AD1028,ANDEN,,,,ZM-PT01,11001,0,0
AD1029,ANDEN,,,,ZM-PT01,11001,0,0
AD1030,ANDEN,,,,ZM-PT01,11001,0,0
AD1031,ANDEN,,,,ZM-PT01,11001,0,0
AD1032,ANDEN,,,,ZM-PT01,11001,0,0
AD1033,ANDEN,,,,ZM-PT01,11001,0,0
AD1034,ANDEN,,,,ZM-PT01,11001,0,0
AD1035,ANDEN,,,,ZM-PT01,11001,0,0
AD1036,ANDEN,,,,ZM-PT01,11001,0,0
AD1037,ANDEN,,,,ZM-PT01,11001,0,0
AD1038,ANDEN,,,,ZM-PT01,11001,0,0
AD1039,ANDEN,,,,ZM-PT01,11001,0,0
AD1040,ANDEN,,,,ZM-PT01,11001,0,0
AD1041,ANDEN,,,,ZM-PT01,11001,0,0
AD1042,ANDEN,,,,ZM-PT01,11001,0,0
AD1043,ANDEN,,,,ZM-PT01,11001,0,0
AD1044,ANDEN,,,,ZM-PT01,11001,0,0
AD1045,ANDEN,,,,ZM-PT01,11001,0,0
AD1046,ANDEN,,,,ZM-PT01,11001,0,0
AD1047,ANDEN,,,,ZM-PT01,11001,0,0
AD1048,ANDEN,,,,ZM-PT01,11001,0,0
AD1049,ANDEN,,,,ZM-PT01,11001,0,0
AD1050,ANDEN,,,,ZM-PT01,11001,0,0
AD1051,ANDEN,,,,ZM-PT01,11001,0,0
AD1052,ANDEN,,,,ZM-PT01,11001,0,0
AD1053,ANDEN,,,,ZM-PT01,11001,0,0
AD1054,ANDEN,,,,ZM-PT01,11001,0,0
AD1055,ANDEN,,,,ZM-PT01,11001,0,0
AD1056,ANDEN,,,,ZM-PT01,11001,0,0
AD1057,ANDEN,,,,ZM-PT01,11001,0,0
AD1058,ANDEN,,,,ZM-PT01,11001,0,0
AD1059,ANDEN,,,,ZM-PT01,11001,0,0
AD1060,ANDEN,,,,ZM-PT01,11001,0,0
AD1061,ANDEN,,,,ZM-PT01,11001,0,0
AD1062,ANDEN,,,,ZM-PT01,11001,0,0
AD1063,ANDEN,,,,ZM-PT01,11001,0,0
AD1064,ANDEN,,,,ZM-PT01,11001,0,0
AD1065,ANDEN,,,,ZM-PT01,11001,0,0
AD1066,ANDEN,,,,ZM-PT01,11001,0,0
AD1067,ANDEN,,,,ZM-PT01,11001,0,0
AD1068,ANDEN,,,,ZM-PT01,11001,0,0
AD1069,ANDEN,,,,ZM-PT01,11001,0,0
AD1070,ANDEN,,,,ZM-PT01,11001,0,0
AD1071,ANDEN,,,,ZM-PT01,11001,0,0
AD1072,ANDEN,,,,ZM-PT01,11001,0,0
AD1073,ANDEN,,,,ZM-PT01,11001,0,0
AD1074,ANDEN,,,,ZM-PT01,11001,0,0
AD1075,ANDEN,,,,ZM-PT01,11001,0,0
AD1076,ANDEN,,,,ZM-PT01,11001,0,0
AD1077,ANDEN,,,,ZM-PT01,11001,0,0
AD1078,ANDEN,,,,ZM-PT01,11001,0,0
AD1079,ANDEN,,,,ZM-PT01,11001,0,0
AD1080,ANDEN,,,,ZM-PT01,11001,0,0
AD1081,ANDEN,,,,ZM-PT01,11001,0,0
AD1082,ANDEN,,,,ZM-PT01,11001,0,0
AD1083,ANDEN,,,,ZM-PT01,11001,0,0
AD1084,ANDEN,,,,ZM-PT01,11001,0,0
AD1085,ANDEN,,,,ZM-PT01,11001,0,0
AD1086,ANDEN,,,,ZM-PT01,11001,0,0
AD1087,ANDEN,,,,ZM-PT01,11001,0,0
AD1088,ANDEN,,,,ZM-PT01,11001,0,0
AD1089,ANDEN,,,,ZM-PT01,11001,0,0
AD1090,ANDEN,,,,ZM-PT01,11001,0,0
AD1091,ANDEN,,,,ZM-PT01,11001,0,0
AD1092,ANDEN,,,,ZM-PT01,11001,0,0
AD1093,ANDEN,,,,ZM-PT01,11001,0,0
AD1094,ANDEN,,,,ZM-PT01,11001,0,0
AD1095,ANDEN,,,,ZM-PT01,11001,0,0
AD1096,ANDEN,,,,ZM-PT01,11001,0,0
AD1097,ANDEN,,,,ZM-PT01,11001,0,0
AD1098,ANDEN,,,,ZM-PT01,11001,0,0
AD1099,ANDEN,,,,ZM-PT01,11001,0,0
AD1100,ANDEN,,,,ZM-PT01,11001,0,0
AD2001,ANDEN,,,,ZM-PT01,11001,0,0
AD2002,ANDEN,,,,ZM-PT01,11001,0,0
AD2003,ANDEN,,,,ZM-PT01,11001,0,0
AD2004,ANDEN,,,,ZM-PT01,11001,0,0
AD2005,ANDEN,,,,ZM-PT01,11001,0,0
AD2006,ANDEN,,,,ZM-PT01,11001,0,0
AD2007,ANDEN,,,,ZM-PT01,11001,0,0
AD2008,ANDEN,,,,ZM-PT01,11001,0,0
AD2009,ANDEN,,,,ZM-PT01,11001,0,0
AD2010,ANDEN,,,,ZM-PT01,11001,0,0
AD2011,ANDEN,,,,ZM-PT01,11001,0,0
AD2012,ANDEN,,,,ZM-PT01,11001,0,0
AD2013,ANDEN,,,,ZM-PT01,11001,0,0
AD2014,ANDEN,,,,ZM-PT01,11001,0,0
AD2015,ANDEN,,,,ZM-PT01,11001,0,0
AD2016,ANDEN,,,,ZM-PT01,11001,0,0
AD2017,ANDEN,,,,ZM-PT01,11001,0,0
AD2018,ANDEN,,,,ZM-PT01,11001,0,0
AD2019,ANDEN,,,,ZM-PT01,11001,0,0
AD2020,ANDEN,,,,ZM-PT01,11001,0,0
AD2021,ANDEN,,,,ZM-PT01,11001,0,0
AD2022,ANDEN,,,,ZM-PT01,11001,0,0
AD2023,ANDEN,,,,ZM-PT01,11001,0,0
AD2024,ANDEN,,,,ZM-PT01,11001,0,0
AD2025,ANDEN,,,,ZM-PT01,11001,0,0
AD2026,ANDEN,,,,ZM-PT01,11001,0,0
AD2027,ANDEN,,,,ZM-PT01,11001,0,0
AD2028,ANDEN,,,,ZM-PT01,11001,0,0
AD2029,ANDEN,,,,ZM-PT01,11001,0,0
AD2030,ANDEN,,,,ZM-PT01,11001,0,0
AD2031,ANDEN,,,,ZM-PT01,11001,0,0
AD2032,ANDEN,,,,ZM-PT01,11001,0,0
AD2033,ANDEN,,,,ZM-PT01,11001,0,0
AD2034,ANDEN,,,,ZM-PT01,11001,0,0
AD2035,ANDEN,,,,ZM-PT01,11001,0,0
AD2036,ANDEN,,,,ZM-PT01,11001,0,0
AD2037,ANDEN,,,,ZM-PT01,11001,0,0
AD2038,ANDEN,,,,ZM-PT01,11001,0,0
AD2039,ANDEN,,,,ZM-PT01,11001,0,0
AD2040,ANDEN,,,,ZM-PT01,11001,0,0
AD2041,ANDEN,,,,ZM-PT01,11001,0,0
AD2042,ANDEN,,,,ZM-PT01,11001,0,0
AD2043,ANDEN,,,,ZM-PT01,11001,0,0
AD2044,ANDEN,,,,ZM-PT01,11001,0,0
AD2045,ANDEN,,,,ZM-PT01,11001,0,0
AD2046,ANDEN,,,,ZM-PT01,11001,0,0
AD2047,ANDEN,,,,ZM-PT01,11001,0,0
AD2048,ANDEN,,,,ZM-PT01,11001,0,0
AD2049,ANDEN,,,,ZM-PT01,11001,0,0
AD2050,ANDEN,,,,ZM-PT01,11001,0,0
AD2051,ANDEN,,,,ZM-PT01,11001,0,0
AD2052,ANDEN,,,,ZM-PT01,11001,0,0
AD2053,ANDEN,,,,ZM-PT01,11001,0,0
AD2054,ANDEN,,,,ZM-PT01,11001,0,0
AD2055,ANDEN,,,,ZM-PT01,11001,0,0
AD2056,ANDEN,,,,ZM-PT01,11001,0,0
AD2057,ANDEN,,,,ZM-PT01,11001,0,0
AD2058,ANDEN,,,,ZM-PT01,11001,0,0
AD2059,ANDEN,,,,ZM-PT01,11001,0,0
AD2060,ANDEN,,,,ZM-PT01,11001,0,0
AD2061,ANDEN,,,,ZM-PT01,11001,0,0
AD2062,ANDEN,,,,ZM-PT01,11001,0,0
AD2063,ANDEN,,,,ZM-PT01,11001,0,0
AD2064,ANDEN,,,,ZM-PT01,11001,0,0
AD2065,ANDEN,,,,ZM-PT01,11001,0,0
AD2066,ANDEN,,,,ZM-PT01,11001,0,0
AD2067,ANDEN,,,,ZM-PT01,11001,0,0
AD2068,ANDEN,,,,ZM-PT01,11001,0,0
AD2069,ANDEN,,,,ZM-PT01,11001,0,0
AD2070,ANDEN,,,,ZM-PT01,11001,0,0
AD2071,ANDEN,,,,ZM-PT01,11001,0,0
AD2072,ANDEN,,,,ZM-PT01,11001,0,0
AD2073,ANDEN,,,,ZM-PT01,11001,0,0
AD2074,ANDEN,,,,ZM-PT01,11001,0,0
AD2075,ANDEN,,,,ZM-PT01,11001,0,0
AD2076,ANDEN,,,,ZM-PT01,11001,0,0
AD2077,ANDEN,,,,ZM-PT01,11001,0,0
AD2078,ANDEN,,,,ZM-PT01,11001,0,0
AD2079,ANDEN,,,,ZM-PT01,11001,0,0
AD2080,ANDEN,,,,ZM-PT01,11001,0,0
AD2081,ANDEN,,,,ZM-PT01,11001,0,0
AD2082,ANDEN,,,,ZM-PT01,11001,0,0
AD2083,ANDEN,,,,ZM-PT01,11001,0,0
AD2084,ANDEN,,,,ZM-PT01,11001,0,0
AD2085,ANDEN,,,,ZM-PT01,11001,0,0
AD2086,ANDEN,,,,ZM-PT01,11001,0,0
AD2087,ANDEN,,,,ZM-PT01,11001,0,0
AD2088,ANDEN,,,,ZM-PT01,11001,0,0
AD2089,ANDEN,,,,ZM-PT01,11001,0,0
AD2090,ANDEN,,,,ZM-PT01,11001,0,0
AD2091,ANDEN,,,,ZM-PT01,11001,0,0
AD2092,ANDEN,,,,ZM-PT01,11001,0,0
AD2093,ANDEN,,,,ZM-PT01,11001,0,0
AD2094,ANDEN,,,,ZM-PT01,11001,0,0
AD2095,ANDEN,,,,ZM-PT01,11001,0,0
AD2096,ANDEN,,,,ZM-PT01,11001,0,0
AD2097,ANDEN,,,,ZM-PT01,11001,0,0
AD2098,ANDEN,,,,ZM-PT01,11001,0,0
AD2099,ANDEN,,,,ZM-PT01,11001,0,0
AD2100,ANDEN,,,,ZM-PT01,11001,0,0
AD3001,ANDEN,,,,ZM-PT01,11001,0,0
AD3002,ANDEN,,,,ZM-PT01,11001,0,0
AD3003,ANDEN,,,,ZM-PT01,11001,0,0
AD3004,ANDEN,,,,ZM-PT01,11001,0,0
AD3005,ANDEN,,,,ZM-PT01,11001,0,0
AD3006,ANDEN,,,,ZM-PT01,11001,0,0
AD3007,ANDEN,,,,ZM-PT01,11001,0,0
AD3008,ANDEN,,,,ZM-PT01,11001,0,0
AD3009,ANDEN,,,,ZM-PT01,11001,0,0
AD3010,ANDEN,,,,ZM-PT01,11001,0,0
AD3011,ANDEN,,,,ZM-PT01,11001,0,0
AD3012,ANDEN,,,,ZM-PT01,11001,0,0
AD3013,ANDEN,,,,ZM-PT01,11001,0,0
AD3014,ANDEN,,,,ZM-PT01,11001,0,0
AD3015,ANDEN,,,,ZM-PT01,11001,0,0
AD3016,ANDEN,,,,ZM-PT01,11001,0,0
AD3017,ANDEN,,,,ZM-PT01,11001,0,0
AD3018,ANDEN,,,,ZM-PT01,11001,0,0
AD3019,ANDEN,,,,ZM-PT01,11001,0,0
AD3020,ANDEN,,,,ZM-PT01,11001,0,0
AD3021,ANDEN,,,,ZM-PT01,11001,0,0
AD3022,ANDEN,,,,ZM-PT01,11001,0,0
AD3023,ANDEN,,,,ZM-PT01,11001,0,0
AD3024,ANDEN,,,,ZM-PT01,11001,0,0
AD3025,ANDEN,,,,ZM-PT01,11001,0,0
AD3026,ANDEN,,,,ZM-PT01,11001,0,0
AD3027,ANDEN,,,,ZM-PT01,11001,0,0
AD3028,ANDEN,,,,ZM-PT01,11001,0,0
AD3029,ANDEN,,,,ZM-PT01,11001,0,0
AD3030,ANDEN,,,,ZM-PT01,11001,0,0
AD3031,ANDEN,,,,ZM-PT01,11001,0,0
AD3032,ANDEN,,,,ZM-PT01,11001,0,0
AD3033,ANDEN,,,,ZM-PT01,11001,0,0
AD3034,ANDEN,,,,ZM-PT01,11001,0,0
AD3035,ANDEN,,,,ZM-PT01,11001,0,0
AD3036,ANDEN,,,,ZM-PT01,11001,0,0
AD3037,ANDEN,,,,ZM-PT01,11001,0,0
AD3038,ANDEN,,,,ZM-PT01,11001,0,0
AD3039,ANDEN,,,,ZM-PT01,11001,0,0
AD3040,ANDEN,,,,ZM-PT01,11001,0,0
AD3041,ANDEN,,,,ZM-PT01,11001,0,0
AD3042,ANDEN,,,,ZM-PT01,11001,0,0
AD3043,ANDEN,,,,ZM-PT01,11001,0,0
AD3044,ANDEN,,,,ZM-PT01,11001,0,0
AD3045,ANDEN,,,,ZM-PT01,11001,0,0
AD3046,ANDEN,,,,ZM-PT01,11001,0,0
AD3047,ANDEN,,,,ZM-PT01,11001,0,0
AD3048,ANDEN,,,,ZM-PT01,11001,0,0
AD3049,ANDEN,,,,ZM-PT01,11001,0,0
AD3050,ANDEN,,,,ZM-PT01,11001,0,0
AD3051,ANDEN,,,,ZM-PT01,11001,0,0
AD3052,ANDEN,,,,ZM-PT01,11001,0,0
AD3053,ANDEN,,,,ZM-PT01,11001,0,0
AD3054,ANDEN,,,,ZM-PT01,11001,0,0
AD3055,ANDEN,,,,ZM-PT01,11001,0,0
AD3056,ANDEN,,,,ZM-PT01,11001,0,0
AD3057,ANDEN,,,,ZM-PT01,11001,0,0
AD3058,ANDEN,,,,ZM-PT01,11001,0,0
AD3059,ANDEN,,,,ZM-PT01,11001,0,0
AD3060,ANDEN,,,,ZM-PT01,11001,0,0
AD3061,ANDEN,,,,ZM-PT01,11001,0,0
AD3062,ANDEN,,,,ZM-PT01,11001,0,0
AD3063,ANDEN,,,,ZM-PT01,11001,0,0
AD3064,ANDEN,,,,ZM-PT01,11001,0,0
AD3065,ANDEN,,,,ZM-PT01,11001,0,0
AD3066,ANDEN,,,,ZM-PT01,11001,0,0
AD3067,ANDEN,,,,ZM-PT01,11001,0,0
AD3068,ANDEN,,,,ZM-PT01,11001,0,0
AD3069,ANDEN,,,,ZM-PT01,11001,0,0
AD3070,ANDEN,,,,ZM-PT01,11001,0,0
AD3071,ANDEN,,,,ZM-PT01,11001,0,0
AD3072,ANDEN,,,,ZM-PT01,11001,0,0
AD3073,ANDEN,,,,ZM-PT01,11001,0,0
AD3074,ANDEN,,,,ZM-PT01,11001,0,0
AD3075,ANDEN,,,,ZM-PT01,11001,0,0
AD3076,ANDEN,,,,ZM-PT01,11001,0,0
AD3077,ANDEN,,,,ZM-PT01,11001,0,0
AD3078,ANDEN,,,,ZM-PT01,11001,0,0
AD3079,ANDEN,,,,ZM-PT01,11001,0,0
AD3080,ANDEN,,,,ZM-PT01,11001,0,0
AD3081,ANDEN,,,,ZM-PT01,11001,0,0
AD3082,ANDEN,,,,ZM-PT01,11001,0,0
AD3083,ANDEN,,,,ZM-PT01,11001,0,0
AD3084,ANDEN,,,,ZM-PT01,11001,0,0
AD3085,ANDEN,,,,ZM-PT01,11001,0,0
AD3086,ANDEN,,,,ZM-PT01,11001,0,0
AD3087,ANDEN,,,,ZM-PT01,11001,0,0
AD3088,ANDEN,,,,ZM-PT01,11001,0,0
AD3089,ANDEN,,,,ZM-PT01,11001,0,0
AD3090,ANDEN,,,,ZM-PT01,11001,0,0
AD3091,ANDEN,,,,ZM-PT01,11001,0,0
AD3092,ANDEN,,,,ZM-PT01,11001,0,0
AD3093,ANDEN,,,,ZM-PT01,11001,0,0
AD3094,ANDEN,,,,ZM-PT01,11001,0,0
AD3095,ANDEN,,,,ZM-PT01,11001,0,0
AD3096,ANDEN,,,,ZM-PT01,11001,0,0
AD3097,ANDEN,,,,ZM-PT01,11001,0,0
AD3098,ANDEN,,,,ZM-PT01,11001,0,0
AD3099,ANDEN,,,,ZM-PT01,11001,0,0
AD3100,ANDEN,,,,ZM-PT01,11001,0,0
AD4001,ANDEN,,,,ZM-PT01,11001,0,0
AD4002,ANDEN,,,,ZM-PT01,11001,0,0
AD4003,ANDEN,,,,ZM-PT01,11001,0,0
AD4004,ANDEN,,,,ZM-PT01,11001,0,0
AD4005,ANDEN,,,,ZM-PT01,11001,0,0
AD4006,ANDEN,,,,ZM-PT01,11001,0,0
AD4007,ANDEN,,,,ZM-PT01,11001,0,0
AD4008,ANDEN,,,,ZM-PT01,11001,0,0
AD4009,ANDEN,,,,ZM-PT01,11001,0,0
AD4010,ANDEN,,,,ZM-PT01,11001,0,0
AD4011,ANDEN,,,,ZM-PT01,11001,0,0
AD4012,ANDEN,,,,ZM-PT01,11001,0,0
AD4013,ANDEN,,,,ZM-PT01,11001,0,0
AD4014,ANDEN,,,,ZM-PT01,11001,0,0
AD4015,ANDEN,,,,ZM-PT01,11001,0,0
AD4016,ANDEN,,,,ZM-PT01,11001,0,0
AD4017,ANDEN,,,,ZM-PT01,11001,0,0
AD4018,ANDEN,,,,ZM-PT01,11001,0,0
AD4019,ANDEN,,,,ZM-PT01,11001,0,0
AD4020,ANDEN,,,,ZM-PT01,11001,0,0
AD4021,ANDEN,,,,ZM-PT01,11001,0,0
AD4022,ANDEN,,,,ZM-PT01,11001,0,0
AD4023,ANDEN,,,,ZM-PT01,11001,0,0
AD4024,ANDEN,,,,ZM-PT01,11001,0,0
AD4025,ANDEN,,,,ZM-PT01,11001,0,0
AD4026,ANDEN,,,,ZM-PT01,11001,0,0
AD4027,ANDEN,,,,ZM-PT01,11001,0,0
AD4028,ANDEN,,,,ZM-PT01,11001,0,0
AD4029,ANDEN,,,,ZM-PT01,11001,0,0
AD4030,ANDEN,,,,ZM-PT01,11001,0,0
AD4031,ANDEN,,,,ZM-PT01,11001,0,0
AD4032,ANDEN,,,,ZM-PT01,11001,0,0
AD4033,ANDEN,,,,ZM-PT01,11001,0,0
AD4034,ANDEN,,,,ZM-PT01,11001,0,0
AD4035,ANDEN,,,,ZM-PT01,11001,0,0
AD4036,ANDEN,,,,ZM-PT01,11001,0,0
AD4037,ANDEN,,,,ZM-PT01,11001,0,0
AD4038,ANDEN,,,,ZM-PT01,11001,0,0
AD4039,ANDEN,,,,ZM-PT01,11001,0,0
AD4040,ANDEN,,,,ZM-PT01,11001,0,0
AD4041,ANDEN,,,,ZM-PT01,11001,0,0
AD4042,ANDEN,,,,ZM-PT01,11001,0,0
AD4043,ANDEN,,,,ZM-PT01,11001,0,0
AD4044,ANDEN,,,,ZM-PT01,11001,0,0
AD4045,ANDEN,,,,ZM-PT01,11001,0,0
AD4046,ANDEN,,,,ZM-PT01,11001,0,0
AD4047,ANDEN,,,,ZM-PT01,11001,0,0
AD4048,ANDEN,,,,ZM-PT01,11001,0,0
AD4049,ANDEN,,,,ZM-PT01,11001,0,0
AD4050,ANDEN,,,,ZM-PT01,11001,0,0
AD4051,ANDEN,,,,ZM-PT01,11001,0,0
AD4052,ANDEN,,,,ZM-PT01,11001,0,0
AD4053,ANDEN,,,,ZM-PT01,11001,0,0
AD4054,ANDEN,,,,ZM-PT01,11001,0,0
AD4055,ANDEN,,,,ZM-PT01,11001,0,0
AD4056,ANDEN,,,,ZM-PT01,11001,0,0
AD4057,ANDEN,,,,ZM-PT01,11001,0,0
AD4058,ANDEN,,,,ZM-PT01,11001,0,0
AD4059,ANDEN,,,,ZM-PT01,11001,0,0
AD4060,ANDEN,,,,ZM-PT01,11001,0,0
AD4061,ANDEN,,,,ZM-PT01,11001,0,0
AD4062,ANDEN,,,,ZM-PT01,11001,0,0
AD4063,ANDEN,,,,ZM-PT01,11001,0,0
AD4064,ANDEN,,,,ZM-PT01,11001,0,0
AD4065,ANDEN,,,,ZM-PT01,11001,0,0
AD4066,ANDEN,,,,ZM-PT01,11001,0,0
AD4067,ANDEN,,,,ZM-PT01,11001,0,0
AD4068,ANDEN,,,,ZM-PT01,11001,0,0
AD4069,ANDEN,,,,ZM-PT01,11001,0,0
AD4070,ANDEN,,,,ZM-PT01,11001,0,0
AD4071,ANDEN,,,,ZM-PT01,11001,0,0
AD4072,ANDEN,,,,ZM-PT01,11001,0,0
AD4073,ANDEN,,,,ZM-PT01,11001,0,0
AD4074,ANDEN,,,,ZM-PT01,11001,0,0
AD4075,ANDEN,,,,ZM-PT01,11001,0,0
AD4076,ANDEN,,,,ZM-PT01,11001,0,0
AD4077,ANDEN,,,,ZM-PT01,11001,0,0
AD4078,ANDEN,,,,ZM-PT01,11001,0,0
AD4079,ANDEN,,,,ZM-PT01,11001,0,0
AD4080,ANDEN,,,,ZM-PT01,11001,0,0
AD4081,ANDEN,,,,ZM-PT01,11001,0,0
AD4082,ANDEN,,,,ZM-PT01,11001,0,0
AD4083,ANDEN,,,,ZM-PT01,11001,0,0
AD4084,ANDEN,,,,ZM-PT01,11001,0,0
AD4085,ANDEN,,,,ZM-PT01,11001,0,0
AD4086,ANDEN,,,,ZM-PT01,11001,0,0
AD4087,ANDEN,,,,ZM-PT01,11001,0,0
AD4088,ANDEN,,,,ZM-PT01,11001,0,0
AD4089,ANDEN,,,,ZM-PT01,11001,0,0
AD4090,ANDEN,,,,ZM-PT01,11001,0,0
AD4091,ANDEN,,,,ZM-PT01,11001,0,0
AD4092,ANDEN,,,,ZM-PT01,11001,0,0
AD4093,ANDEN,,,,ZM-PT01,11001,0,0
AD4094,ANDEN,,,,ZM-PT01,11001,0,0
AD4095,ANDEN,,,,ZM-PT01,11001,0,0
AD4096,ANDEN,,,,ZM-PT01,11001,0,0
AD4097,ANDEN,,,,ZM-PT01,11001,0,0
AD4098,ANDEN,,,,ZM-PT01,11001,0,0
AD4099,ANDEN,,,,ZM-PT01,11001,0,0
AD4100,ANDEN,,,,ZM-PT01,11001,0,0
AD5001,ANDEN,,,,ZM-PT01,11001,0,0
AD5002,ANDEN,,,,ZM-PT01,11001,0,0
AD5003,ANDEN,,,,ZM-PT01,11001,0,0
AD5004,ANDEN,,,,ZM-PT01,11001,0,0
AD5005,ANDEN,,,,ZM-PT01,11001,0,0
AD5006,ANDEN,,,,ZM-PT01,11001,0,0
AD5007,ANDEN,,,,ZM-PT01,11001,0,0
AD5008,ANDEN,,,,ZM-PT01,11001,0,0
AD5009,ANDEN,,,,ZM-PT01,11001,0,0
AD5010,ANDEN,,,,ZM-PT01,11001,0,0
AD5011,ANDEN,,,,ZM-PT01,11001,0,0
AD5012,ANDEN,,,,ZM-PT01,11001,0,0
AD5013,ANDEN,,,,ZM-PT01,11001,0,0
AD5014,ANDEN,,,,ZM-PT01,11001,0,0
AD5015,ANDEN,,,,ZM-PT01,11001,0,0
AD5016,ANDEN,,,,ZM-PT01,11001,0,0
AD5017,ANDEN,,,,ZM-PT01,11001,0,0
AD5018,ANDEN,,,,ZM-PT01,11001,0,0
AD5019,ANDEN,,,,ZM-PT01,11001,0,0
AD5020,ANDEN,,,,ZM-PT01,11001,0,0
AD5021,ANDEN,,,,ZM-PT01,11001,0,0
AD5022,ANDEN,,,,ZM-PT01,11001,0,0
AD5023,ANDEN,,,,ZM-PT01,11001,0,0
AD5024,ANDEN,,,,ZM-PT01,11001,0,0
AD5025,ANDEN,,,,ZM-PT01,11001,0,0
AD5026,ANDEN,,,,ZM-PT01,11001,0,0
AD5027,ANDEN,,,,ZM-PT01,11001,0,0
AD5028,ANDEN,,,,ZM-PT01,11001,0,0
AD5029,ANDEN,,,,ZM-PT01,11001,0,0
AD5030,ANDEN,,,,ZM-PT01,11001,0,0
AD5031,ANDEN,,,,ZM-PT01,11001,0,0
AD5032,ANDEN,,,,ZM-PT01,11001,0,0
AD5033,ANDEN,,,,ZM-PT01,11001,0,0
AD5034,ANDEN,,,,ZM-PT01,11001,0,0
AD5035,ANDEN,,,,ZM-PT01,11001,0,0
AD5036,ANDEN,,,,ZM-PT01,11001,0,0
AD5037,ANDEN,,,,ZM-PT01,11001,0,0
AD5038,ANDEN,,,,ZM-PT01,11001,0,0
AD5039,ANDEN,,,,ZM-PT01,11001,0,0
AD5040,ANDEN,,,,ZM-PT01,11001,0,0
AD5041,ANDEN,,,,ZM-PT01,11001,0,0
AD5042,ANDEN,,,,ZM-PT01,11001,0,0
AD5043,ANDEN,,,,ZM-PT01,11001,0,0
AD5044,ANDEN,,,,ZM-PT01,11001,0,0
AD5045,ANDEN,,,,ZM-PT01,11001,0,0
AD5046,ANDEN,,,,ZM-PT01,11001,0,0
AD5047,ANDEN,,,,ZM-PT01,11001,0,0
AD5048,ANDEN,,,,ZM-PT01,11001,0,0
AD5049,ANDEN,,,,ZM-PT01,11001,0,0
AD5050,ANDEN,,,,ZM-PT01,11001,0,0
AD5051,ANDEN,,,,ZM-PT01,11001,0,0
AD5052,ANDEN,,,,ZM-PT01,11001,0,0
AD5053,ANDEN,,,,ZM-PT01,11001,0,0
AD5054,ANDEN,,,,ZM-PT01,11001,0,0
AD5055,ANDEN,,,,ZM-PT01,11001,0,0
AD5056,ANDEN,,,,ZM-PT01,11001,0,0
AD5057,ANDEN,,,,ZM-PT01,11001,0,0
AD5058,ANDEN,,,,ZM-PT01,11001,0,0
AD5059,ANDEN,,,,ZM-PT01,11001,0,0
AD5060,ANDEN,,,,ZM-PT01,11001,0,0
AD5061,ANDEN,,,,ZM-PT01,11001,0,0
AD5062,ANDEN,,,,ZM-PT01,11001,0,0
AD5063,ANDEN,,,,ZM-PT01,11001,0,0
AD5064,ANDEN,,,,ZM-PT01,11001,0,0
AD5065,ANDEN,,,,ZM-PT01,11001,0,0
AD5066,ANDEN,,,,ZM-PT01,11001,0,0
AD5067,ANDEN,,,,ZM-PT01,11001,0,0
AD5068,ANDEN,,,,ZM-PT01,11001,0,0
AD5069,ANDEN,,,,ZM-PT01,11001,0,0
AD5070,ANDEN,,,,ZM-PT01,11001,0,0
AD5071,ANDEN,,,,ZM-PT01,11001,0,0
AD5072,ANDEN,,,,ZM-PT01,11001,0,0
AD5073,ANDEN,,,,ZM-PT01,11001,0,0
AD5074,ANDEN,,,,ZM-PT01,11001,0,0
AD5075,ANDEN,,,,ZM-PT01,11001,0,0
AD5076,ANDEN,,,,ZM-PT01,11001,0,0
AD5077,ANDEN,,,,ZM-PT01,11001,0,0
AD5078,ANDEN,,,,ZM-PT01,11001,0,0
AD5079,ANDEN,,,,ZM-PT01,11001,0,0
AD5080,ANDEN,,,,ZM-PT01,11001,0,0
AD5081,ANDEN,,,,ZM-PT01,11001,0,0
AD5082,ANDEN,,,,ZM-PT01,11001,0,0
AD5083,ANDEN,,,,ZM-PT01,11001,0,0
AD5084,ANDEN,,,,ZM-PT01,11001,0,0
AD5085,ANDEN,,,,ZM-PT01,11001,0,0
AD5086,ANDEN,,,,ZM-PT01,11001,0,0
AD5087,ANDEN,,,,ZM-PT01,11001,0,0
AD5088,ANDEN,,,,ZM-PT01,11001,0,0
AD5089,ANDEN,,,,ZM-PT01,11001,0,0
AD5090,ANDEN,,,,ZM-PT01,11001,0,0
AD5091,ANDEN,,,,ZM-PT01,11001,0,0
AD5092,ANDEN,,,,ZM-PT01,11001,0,0
AD5093,ANDEN,,,,ZM-PT01,11001,0,0
AD5094,ANDEN,,,,ZM-PT01,11001,0,0
AD5095,ANDEN,,,,ZM-PT01,11001,0,0
AD5096,ANDEN,,,,ZM-PT01,11001,0,0
AD5097,ANDEN,,,,ZM-PT01,11001,0,0
AD5098,ANDEN,,,,ZM-PT01,11001,0,0
AD5099,ANDEN,,,,ZM-PT01,11001,0,0
AD5100,ANDEN,,,,ZM-PT01,11001,0,0
AD6001,ANDEN,,,,ZM-PT01,11001,0,0
AD6002,ANDEN,,,,ZM-PT01,11001,0,0
AD6003,ANDEN,,,,ZM-PT01,11001,0,0
AD6004,ANDEN,,,,ZM-PT01,11001,0,0
AD6005,ANDEN,,,,ZM-PT01,11001,0,0
AD6006,ANDEN,,,,ZM-PT01,11001,0,0
AD6007,ANDEN,,,,ZM-PT01,11001,0,0
AD6008,ANDEN,,,,ZM-PT01,11001,0,0
AD6009,ANDEN,,,,ZM-PT01,11001,0,0
AD6010,ANDEN,,,,ZM-PT01,11001,0,0
AD6011,ANDEN,,,,ZM-PT01,11001,0,0
AD6012,ANDEN,,,,ZM-PT01,11001,0,0
AD6013,ANDEN,,,,ZM-PT01,11001,0,0
AD6014,ANDEN,,,,ZM-PT01,11001,0,0
AD6015,ANDEN,,,,ZM-PT01,11001,0,0
AD6016,ANDEN,,,,ZM-PT01,11001,0,0
AD6017,ANDEN,,,,ZM-PT01,11001,0,0
AD6018,ANDEN,,,,ZM-PT01,11001,0,0
AD6019,ANDEN,,,,ZM-PT01,11001,0,0
AD6020,ANDEN,,,,ZM-PT01,11001,0,0
AD6021,ANDEN,,,,ZM-PT01,11001,0,0
AD6022,ANDEN,,,,ZM-PT01,11001,0,0
AD6023,ANDEN,,,,ZM-PT01,11001,0,0
AD6024,ANDEN,,,,ZM-PT01,11001,0,0
AD6025,ANDEN,,,,ZM-PT01,11001,0,0
AD6026,ANDEN,,,,ZM-PT01,11001,0,0
AD6027,ANDEN,,,,ZM-PT01,11001,0,0
AD6028,ANDEN,,,,ZM-PT01,11001,0,0
AD6029,ANDEN,,,,ZM-PT01,11001,0,0
AD6030,ANDEN,,,,ZM-PT01,11001,0,0
AD6031,ANDEN,,,,ZM-PT01,11001,0,0
AD6032,ANDEN,,,,ZM-PT01,11001,0,0
AD6033,ANDEN,,,,ZM-PT01,11001,0,0
AD6034,ANDEN,,,,ZM-PT01,11001,0,0
AD6035,ANDEN,,,,ZM-PT01,11001,0,0
AD6036,ANDEN,,,,ZM-PT01,11001,0,0
AD6037,ANDEN,,,,ZM-PT01,11001,0,0
AD6038,ANDEN,,,,ZM-PT01,11001,0,0
AD6039,ANDEN,,,,ZM-PT01,11001,0,0
AD6040,ANDEN,,,,ZM-PT01,11001,0,0
AD6041,ANDEN,,,,ZM-PT01,11001,0,0
AD6042,ANDEN,,,,ZM-PT01,11001,0,0
AD6043,ANDEN,,,,ZM-PT01,11001,0,0
AD6044,ANDEN,,,,ZM-PT01,11001,0,0
AD6045,ANDEN,,,,ZM-PT01,11001,0,0
AD6046,ANDEN,,,,ZM-PT01,11001,0,0
AD6047,ANDEN,,,,ZM-PT01,11001,0,0
AD6048,ANDEN,,,,ZM-PT01,11001,0,0
AD6049,ANDEN,,,,ZM-PT01,11001,0,0
AD6050,ANDEN,,,,ZM-PT01,11001,0,0
AD6051,ANDEN,,,,ZM-PT01,11001,0,0
AD6052,ANDEN,,,,ZM-PT01,11001,0,0
AD6053,ANDEN,,,,ZM-PT01,11001,0,0
AD6054,ANDEN,,,,ZM-PT01,11001,0,0
AD6055,ANDEN,,,,ZM-PT01,11001,0,0
AD6056,ANDEN,,,,ZM-PT01,11001,0,0
AD6057,ANDEN,,,,ZM-PT01,11001,0,0
AD6058,ANDEN,,,,ZM-PT01,11001,0,0
AD6059,ANDEN,,,,ZM-PT01,11001,0,0
AD6060,ANDEN,,,,ZM-PT01,11001,0,0
AD6061,ANDEN,,,,ZM-PT01,11001,0,0
AD6062,ANDEN,,,,ZM-PT01,11001,0,0
AD6063,ANDEN,,,,ZM-PT01,11001,0,0
AD6064,ANDEN,,,,ZM-PT01,11001,0,0
AD6065,ANDEN,,,,ZM-PT01,11001,0,0
AD6066,ANDEN,,,,ZM-PT01,11001,0,0
AD6067,ANDEN,,,,ZM-PT01,11001,0,0
AD6068,ANDEN,,,,ZM-PT01,11001,0,0
AD6069,ANDEN,,,,ZM-PT01,11001,0,0
AD6070,ANDEN,,,,ZM-PT01,11001,0,0
AD6071,ANDEN,,,,ZM-PT01,11001,0,0
AD6072,ANDEN,,,,ZM-PT01,11001,0,0
AD6073,ANDEN,,,,ZM-PT01,11001,0,0
AD6074,ANDEN,,,,ZM-PT01,11001,0,0
AD6075,ANDEN,,,,ZM-PT01,11001,0,0
AD6076,ANDEN,,,,ZM-PT01,11001,0,0
AD6077,ANDEN,,,,ZM-PT01,11001,0,0
AD6078,ANDEN,,,,ZM-PT01,11001,0,0
AD6079,ANDEN,,,,ZM-PT01,11001,0,0
AD6080,ANDEN,,,,ZM-PT01,11001,0,0
AD6081,ANDEN,,,,ZM-PT01,11001,0,0
AD6082,ANDEN,,,,ZM-PT01,11001,0,0
AD6083,ANDEN,,,,ZM-PT01,11001,0,0
AD6084,ANDEN,,,,ZM-PT01,11001,0,0
AD6085,ANDEN,,,,ZM-PT01,11001,0,0
AD6086,ANDEN,,,,ZM-PT01,11001,0,0
AD6087,ANDEN,,,,ZM-PT01,11001,0,0
AD6088,ANDEN,,,,ZM-PT01,11001,0,0
AD6089,ANDEN,,,,ZM-PT01,11001,0,0
AD6090,ANDEN,,,,ZM-PT01,11001,0,0
AD6091,ANDEN,,,,ZM-PT01,11001,0,0
AD6092,ANDEN,,,,ZM-PT01,11001,0,0
AD6093,ANDEN,,,,ZM-PT01,11001,0,0
AD6094,ANDEN,,,,ZM-PT01,11001,0,0
AD6095,ANDEN,,,,ZM-PT01,11001,0,0
AD6096,ANDEN,,,,ZM-PT01,11001,0,0
AD6097,ANDEN,,,,ZM-PT01,11001,0,0
AD6098,ANDEN,,,,ZM-PT01,11001,0,0
AD6099,ANDEN,,,,ZM-PT01,11001,0,0
AD6100,ANDEN,,,,ZM-PT01,11001,0,0
AD7001,ANDEN,,,,ZM-PT01,11001,0,0
AD7002,ANDEN,,,,ZM-PT01,11001,0,0
AD7003,ANDEN,,,,ZM-PT01,11001,0,0
AD7004,ANDEN,,,,ZM-PT01,11001,0,0
AD7005,ANDEN,,,,ZM-PT01,11001,0,0
AD7006,ANDEN,,,,ZM-PT01,11001,0,0
AD7007,ANDEN,,,,ZM-PT01,11001,0,0
AD7008,ANDEN,,,,ZM-PT01,11001,0,0
AD7009,ANDEN,,,,ZM-PT01,11001,0,0
AD7010,ANDEN,,,,ZM-PT01,11001,0,0
AD7011,ANDEN,,,,ZM-PT01,11001,0,0
AD7012,ANDEN,,,,ZM-PT01,11001,0,0
AD7013,ANDEN,,,,ZM-PT01,11001,0,0
AD7014,ANDEN,,,,ZM-PT01,11001,0,0
AD7015,ANDEN,,,,ZM-PT01,11001,0,0
AD7016,ANDEN,,,,ZM-PT01,11001,0,0
AD7017,ANDEN,,,,ZM-PT01,11001,0,0
AD7018,ANDEN,,,,ZM-PT01,11001,0,0
AD7019,ANDEN,,,,ZM-PT01,11001,0,0
AD7020,ANDEN,,,,ZM-PT01,11001,0,0
AD7021,ANDEN,,,,ZM-PT01,11001,0,0
AD7022,ANDEN,,,,ZM-PT01,11001,0,0
AD7023,ANDEN,,,,ZM-PT01,11001,0,0
AD7024,ANDEN,,,,ZM-PT01,11001,0,0
AD7025,ANDEN,,,,ZM-PT01,11001,0,0
AD7026,ANDEN,,,,ZM-PT01,11001,0,0
AD7027,ANDEN,,,,ZM-PT01,11001,0,0
AD7028,ANDEN,,,,ZM-PT01,11001,0,0
AD7029,ANDEN,,,,ZM-PT01,11001,0,0
AD7030,ANDEN,,,,ZM-PT01,11001,0,0
AD7031,ANDEN,,,,ZM-PT01,11001,0,0
AD7032,ANDEN,,,,ZM-PT01,11001,0,0
AD7033,ANDEN,,,,ZM-PT01,11001,0,0
AD7034,ANDEN,,,,ZM-PT01,11001,0,0
AD7035,ANDEN,,,,ZM-PT01,11001,0,0
AD7036,ANDEN,,,,ZM-PT01,11001,0,0
AD7037,ANDEN,,,,ZM-PT01,11001,0,0
AD7038,ANDEN,,,,ZM-PT01,11001,0,0
AD7039,ANDEN,,,,ZM-PT01,11001,0,0
AD7040,ANDEN,,,,ZM-PT01,11001,0,0
AD7041,ANDEN,,,,ZM-PT01,11001,0,0
AD7042,ANDEN,,,,ZM-PT01,11001,0,0
AD7043,ANDEN,,,,ZM-PT01,11001,0,0
AD7044,ANDEN,,,,ZM-PT01,11001,0,0
AD7045,ANDEN,,,,ZM-PT01,11001,0,0
AD7046,ANDEN,,,,ZM-PT01,11001,0,0
AD7047,ANDEN,,,,ZM-PT01,11001,0,0
AD7048,ANDEN,,,,ZM-PT01,11001,0,0
AD7049,ANDEN,,,,ZM-PT01,11001,0,0
AD7050,ANDEN,,,,ZM-PT01,11001,0,0
AD7051,ANDEN,,,,ZM-PT01,11001,0,0
AD7052,ANDEN,,,,ZM-PT01,11001,0,0
AD7053,ANDEN,,,,ZM-PT01,11001,0,0
AD7054,ANDEN,,,,ZM-PT01,11001,0,0
AD7055,ANDEN,,,,ZM-PT01,11001,0,0
AD7056,ANDEN,,,,ZM-PT01,11001,0,0
AD7057,ANDEN,,,,ZM-PT01,11001,0,0
AD7058,ANDEN,,,,ZM-PT01,11001,0,0
AD7059,ANDEN,,,,ZM-PT01,11001,0,0
AD7060,ANDEN,,,,ZM-PT01,11001,0,0
AD7061,ANDEN,,,,ZM-PT01,11001,0,0
AD7062,ANDEN,,,,ZM-PT01,11001,0,0
AD7063,ANDEN,,,,ZM-PT01,11001,0,0
AD7064,ANDEN,,,,ZM-PT01,11001,0,0
AD7065,ANDEN,,,,ZM-PT01,11001,0,0
AD7066,ANDEN,,,,ZM-PT01,11001,0,0
AD7067,ANDEN,,,,ZM-PT01,11001,0,0
AD7068,ANDEN,,,,ZM-PT01,11001,0,0
AD7069,ANDEN,,,,ZM-PT01,11001,0,0
AD7070,ANDEN,,,,ZM-PT01,11001,0,0
AD7071,ANDEN,,,,ZM-PT01,11001,0,0
AD7072,ANDEN,,,,ZM-PT01,11001,0,0
AD7073,ANDEN,,,,ZM-PT01,11001,0,0
AD7074,ANDEN,,,,ZM-PT01,11001,0,0
AD7075,ANDEN,,,,ZM-PT01,11001,0,0
AD7076,ANDEN,,,,ZM-PT01,11001,0,0
AD7077,ANDEN,,,,ZM-PT01,11001,0,0
AD7078,ANDEN,,,,ZM-PT01,11001,0,0
AD7079,ANDEN,,,,ZM-PT01,11001,0,0
AD7080,ANDEN,,,,ZM-PT01,11001,0,0
AD7081,ANDEN,,,,ZM-PT01,11001,0,0
AD7082,ANDEN,,,,ZM-PT01,11001,0,0
AD7083,ANDEN,,,,ZM-PT01,11001,0,0
AD7084,ANDEN,,,,ZM-PT01,11001,0,0
AD7085,ANDEN,,,,ZM-PT01,11001,0,0
AD7086,ANDEN,,,,ZM-PT01,11001,0,0
AD7087,ANDEN,,,,ZM-PT01,11001,0,0
AD7088,ANDEN,,,,ZM-PT01,11001,0,0
AD7089,ANDEN,,,,ZM-PT01,11001,0,0
AD7090,ANDEN,,,,ZM-PT01,11001,0,0
AD7091,ANDEN,,,,ZM-PT01,11001,0,0
AD7092,ANDEN,,,,ZM-PT01,11001,0,0
AD7093,ANDEN,,,,ZM-PT01,11001,0,0
AD7094,ANDEN,,,,ZM-PT01,11001,0,0
AD7095,ANDEN,,,,ZM-PT01,11001,0,0
AD7096,ANDEN,,,,ZM-PT01,11001,0,0
AD7097,ANDEN,,,,ZM-PT01,11001,0,0
AD7098,ANDEN,,,,ZM-PT01,11001,0,0
AD7099,ANDEN,,,,ZM-PT01,11001,0,0
AD7100,ANDEN,,,,ZM-PT01,11001,0,0
VENCIDO,LOGICA,,ZA-LOGNOCONS,,ZM-PT06,650010,0,0
MERMA,LOGICA,,ZA-LOGCON,,ZM-PT05M,650020,0,0
REEMPAQUE,LOGICA,,ZA-LOGCON,,ZM-PT05R,650030,0,0
RETFLET1,LOGICA,,ZA-LOGCON,,ZM-PT04,650040,0,0
RETENIDO,LOGICA,,ZA-LOGNOCONS,,ZM-PT09,650050,0,0
REVISION,LOGICA,,ZA-LOGNOCONS,,ZM-PT11,650060,0,0
COBROIU,LOGICA,,ZA-LOGNOCONS,,ZM-PT07,650070,0,0
PALLET,LOGICA,,ZA-LOGNOCONS,,,650080,0,0
CONSUMO,LOGICA,,ZA-LOGNOCONS,,ZM-PT11,650090,0,0
MIXTOS,ALMAC,,ZA-MIX,,ZM-PT01,650100,0,0
A0-30-01-01,PICK,A0,ZA-PICK,ZS-PICKGRAL,ZM-PT01,1000100,1,1
AREC01,ANDEN,,,,ZM-PT01,650120,0,0
AREC02,ANDEN,,,,ZM-PT01,650130,0,0
AREC03,ANDEN,,,,ZM-PT01,650140,0,0
AREC04,ANDEN,,,,ZM-PT01,650150,0,0
AREC05,ANDEN,,,,ZM-PT01,650160,0,0
STREC01,STAGE,,,,ZM-PT01,650170,0,0
STREC02,STAGE,,,,ZM-PT01,650180,0,0
STREC03,STAGE,,,,ZM-PT01,650190,0,0
STREC04,STAGE,,,,ZM-PT01,650200,0,0
STREC05,STAGE,,,,ZM-PT01,650210,0,0
A0-29-01-01,PICK,A0,ZA-PICK,ZS-PICKGRAL,ZM-PT01,1000110,1,1
A0-01-02-01,ALMAC,A0,ZA-MIX,ZS-ALMAC,ZM-PT01,1001770,1,0
A0-28-01-01,PICK,A0,ZA-PICK,ZS-PICKGRAL,ZM-PT01CJ,1000120,1,1
A0-27-01-01,PICK,A0,ZA-PICK,ZS-PICKGRAL,ZM-PT01CJ,1000130,1,1
A0-26-01-01,PICK,A0,ZA-PICK,ZS-PICKGRAL,ZM-PT01CJ,1000140,1,1
A0-25-01-02,PICK,A0,ZA-PICK,ZS-PICKGRAL,ZM-PT01CJ,1000150,1,1
A0-25-01-01,PICK,A0,ZA-PICK,ZS-PICKGRAL,ZM-PT01CJ,1000160,1,1
A0-24-01-18,PICK,A0,ZA-PICK,ZS-PICKGRAL,ZM-PT01CJ,1000170,1,1
A0-24-01-17,PICK,A0,ZA-PICK,ZS-PICKGRAL,ZM-PT01CJ,1000180,1,1
A0-01-03-01,ALMAC,A0,ZA-AA0,ZS-ALMAC,ZM-PT01,1001850,1,0
A0-01-04-01,ALMAC,A0,ZA-AA0,ZS-ALMAC,ZM-PT01,1001850,1,0
A0-24-01-16,PICK,A0,ZA-PICK,ZS-PICKGRAL,ZM-PT01CJ,1000190,1,1
A0-24-01-15,PICK,A0,ZA-PICK,ZS-PICKGRAL,ZM-PT01CJ,1000200,1,1
A0-02-02-01,ALMAC,A0,ZA-MIX,ZS-ALMAC,ZM-PT01,1001710,1,0
A0-24-01-14,PICK,A0,ZA-PICK,ZS-PICKGRAL,ZM-PT01CJ,1000210,1,1
A0-24-01-13,PICK,A0,ZA-PICK,ZS-PICKGRAL,ZM-PT01CJ,1000220,1,1
A0-24-01-12,PICK,A0,ZA-PICK,ZS-PICKGRAL,ZM-PT01CJ,1000230,1,1
A0-24-01-11,PICK,A0,ZA-PICK,ZS-PICKGRAL,ZM-PT01CJ,1000240,1,1
A0-02-03-01,ALMAC,A0,ZA-AA0,ZS-ALMAC,ZM-PT01,1001760,1,0
A0-02-04-01,ALMAC,A0,ZA-AA0,ZS-ALMAC,ZM-PT01,1001760,1,0
A0-24-01-10,PICK,A0,ZA-PICK,ZS-PICKGRAL,ZM-PT01CJ,1000250,1,1
A0-24-01-09,PICK,A0,ZA-PICK,ZS-PICKGRAL,ZM-PT01CJ,1000260,1,1
A0-03-02-01,ALMAC,A0,ZA-MIX,ZS-ALMAC,ZM-PT01,1001620,1,0
A0-24-01-08,PICK,A0,ZA-PICK,ZS-PICKGRAL,ZM-PT01CJ,1000270,1,1
A0-24-01-07,PICK,A0,ZA-PICK,ZS-PICKGRAL,ZM-PT01CJ,1000280,1,1
A0-24-01-06,PICK,A0,ZA-PICK,ZS-PICKGRAL,ZM-PT01CJ,1000290,1,1
A0-24-01-05,PICK,A0,ZA-PICK,ZS-PICKGRAL,ZM-PT01CJ,1000300,1,1
A0-24-01-04,PICK,A0,ZA-PICK,ZS-PICKGRAL,ZM-PT01CJ,1000310,1,1
A0-24-01-03,PICK,A0,ZA-PICK,ZS-PICKGRAL,ZM-PT01CJ,1000320,1,1
A0-24-01-02,PICK,A0,ZA-PICK,ZS-PICKGRAL,ZM-PT01CJ,1000330,1,1
A0-03-03-01,ALMAC,A0,ZA-AA0,ZS-ALMAC,ZM-PT01,1001700,1,0
A0-03-04-01,ALMAC,A0,ZA-AA0,ZS-ALMAC,ZM-PT01,1001700,1,0
A0-24-01-01,PICK,A0,ZA-PICK,ZS-PICKGRAL,ZM-PT01CJ,1000340,1,1
A0-23-01-21,PICK,A0,ZA-PICK,ZS-PICKGRAL,ZM-PT01CJ,1000350,1,1
A0-04-02-01,ALMAC,A0,ZA-MIX,ZS-ALMAC,ZM-PT01,1001560,1,0
A0-23-01-20,PICK,A0,ZA-PICK,ZS-PICKGRAL,ZM-PT01CJ,1000360,1,1
A0-23-01-19,PICK,A0,ZA-PICK,ZS-PICKGRAL,ZM-PT01CJ,1000370,1,1
A0-23-01-18,PICK,A0,ZA-PICK,ZS-PICKGRAL,ZM-PT01CJ,1000380,1,1
A0-23-01-17,PICK,A0,ZA-PICK,ZS-PICKGRAL,ZM-PT01CJ,1000390,1,1
A0-04-03-01,ALMAC,A0,ZA-AA0,ZS-ALMAC,ZM-PT01,1001610,1,0
A0-04-04-01,ALMAC,A0,ZA-AA0,ZS-ALMAC,ZM-PT01,1001610,1,0
A0-23-01-16,PICK,A0,ZA-PICK,ZS-PICKGRAL,ZM-PT01CJ,1000400,1,1
A0-23-01-15,PICK,A0,ZA-PICK,ZS-PICKGRAL,ZM-PT01CJ,1000410,1,1
A0-05-02-01,ALMAC,A0,ZA-MIX,ZS-ALMAC,ZM-PT01,1001490,1,0
A0-23-01-14,PICK,A0,ZA-PICK,ZS-PICKGRAL,ZM-PT01CJ,1000420,1,1
A0-23-01-13,PICK,A0,ZA-PICK,ZS-PICKGRAL,ZM-PT01CJ,1000430,1,1
A0-23-01-12,PICK,A0,ZA-PICK,ZS-PICKGRAL,ZM-PT01CJ,1000440,1,1
A0-23-01-11,PICK,A0,ZA-PICK,ZS-PICKGRAL,ZM-PT01CJ,1000450,1,1
A0-23-01-10,PICK,A0,ZA-PICK,ZS-PICKGRAL,ZM-PT01CJ,1000460,1,1
A0-05-03-01,ALMAC,A0,ZA-AA0,ZS-ALMAC,ZM-PT01,1001550,1,0
A0-05-04-01,ALMAC,A0,ZA-AA0,ZS-ALMAC,ZM-PT01,1001550,1,0
A0-23-01-09,PICK,A0,ZA-PICK,ZS-PICKGRAL,ZM-PT01CJ,1000470,1,1
A0-23-01-08,PICK,A0,ZA-PICK,ZS-PICKGRAL,ZM-PT01CJ,1000480,1,1
A0-06-02-01,ALMAC,A0,ZA-MIX,ZS-ALMAC,ZM-PT01,1001440,1,0
A0-23-01-07,PICK,A0,ZA-PICK,ZS-PICKGRAL,ZM-PT01CJ,1000490,1,1
A0-23-01-06,PICK,A0,ZA-PICK,ZS-PICKGRAL,ZM-PT01CJ,1000500,1,1
A0-23-01-05,PICK,A0,ZA-PICK,ZS-PICKGRAL,ZM-PT01CJ,1000510,1,1
A0-06-03-01,ALMAC,A0,ZA-AA0,ZS-ALMAC,ZM-PT01,1001480,1,0
A0-06-04-01,ALMAC,A0,ZA-AA0,ZS-ALMAC,ZM-PT01,1001480,1,0
A0-23-01-04,PICK,A0,ZA-PICK,ZS-PICKGRAL,ZM-PT01CJ,1000520,1,1
A0-23-01-03,PICK,A0,ZA-PICK,ZS-PICKGRAL,ZM-PT01CJ,1000530,1,1
A0-07-02-01,ALMAC,A0,ZA-MIX,ZS-ALMAC,ZM-PT01,1001420,1,0
A0-07-03-01,ALMAC,A0,ZA-AA0,ZS-ALMAC,ZM-PT01,1001430,1,0
A0-07-04-01,ALMAC,A0,ZA-AA0,ZS-ALMAC,ZM-PT01,1001430,1,0
A0-23-01-02,PICK,A0,ZA-PICK,ZS-PICKGRAL,ZM-PT01CJ,1000540,1,1
A0-23-01-01,PICK,A0,ZA-PICK,ZS-PICKGRAL,ZM-PT01CJ,1000550,1,1
A0-08-02-01,ALMAC,A0,ZA-MIX,ZS-ALMAC,ZM-PT01,1001400,1,0
A0-08-03-01,ALMAC,A0,ZA-AA0,ZS-ALMAC,ZM-PT01,1001410,1,0
A0-08-04-01,ALMAC,A0,ZA-AA0,ZS-ALMAC,ZM-PT01,1001410,1,0
A0-22-01-06,PICK,A0,ZA-PICK,ZS-PICKGRAL,ZM-PT01CJ,1000560,1,1
A0-22-01-05,PICK,A0,ZA-PICK,ZS-PICKGRAL,ZM-PT01CJ,1000570,1,1
A0-09-02-01,ALMAC,A0,ZA-MIX,ZS-ALMAC,ZM-PT01,1001380,1,0
A0-09-03-01,ALMAC,A0,ZA-AA0,ZS-ALMAC,ZM-PT01,1001390,1,0
A0-09-04-01,ALMAC,A0,ZA-AA0,ZS-ALMAC,ZM-PT01,1001390,1,0
A0-22-01-04,PICK,A0,ZA-PICK,ZS-PICKGRAL,ZM-PT01CJ,1000580,1,1
A0-22-01-03,PICK,A0,ZA-PICK,ZS-PICKGRAL,ZM-PT01CJ,1000590,1,1
A0-10-02-01,ALMAC,A0,ZA-MIX,ZS-ALMAC,ZM-PT01,1001360,1,0
A0-10-03-01,ALMAC,A0,ZA-AA0,ZS-ALMAC,ZM-PT01,1001370,1,0
A0-10-04-01,ALMAC,A0,ZA-AA0,ZS-ALMAC,ZM-PT01,1001370,1,0
A0-22-01-02,PICK,A0,ZA-PICK,ZS-PICKGRAL,ZM-PT01CJ,1000600,1,1
A0-11-02-01,ALMAC,A0,ZA-MIX,ZS-ALMAC,ZM-PT01,1001350,1,0
A0-11-03-01,ALMAC,A0,ZA-AA0,ZS-ALMAC,ZM-PT01,1001350,1,0
A0-11-04-01,ALMAC,A0,ZA-AA0,ZS-ALMAC,ZM-PT01,1001350,1,0
A0-22-01-01,PICK,A0,ZA-PICK,ZS-PICKGRAL,ZM-PT01CJ,1000610,1,1
A0-21-01-06,PICK,A0,ZA-PICK,ZS-PICKGRAL,ZM-PT01CJ,1000620,1,1
A0-12-02-01,ALMAC,A0,ZA-MIX,ZS-ALMAC,ZM-PT01,1001310,1,0
A0-21-01-05,PICK,A0,ZA-PICK,ZS-PICKGRAL,ZM-PT01CJ,1000630,1,1
A0-21-01-04,PICK,A0,ZA-PICK,ZS-PICKGRAL,ZM-PT01CJ,1000640,1,1
A0-12-03-01,ALMAC,A0,ZA-AA0,ZS-ALMAC,ZM-PT01,1001340,1,0
A0-12-04-01,ALMAC,A0,ZA-AA0,ZS-ALMAC,ZM-PT01,1001340,1,0
A0-21-01-03,PICK,A0,ZA-PICK,ZS-PICKGRAL,ZM-PT01CJ,1000650,1,1
A0-21-01-02,PICK,A0,ZA-PICK,ZS-PICKGRAL,ZM-PT01CJ,1000660,1,1
A0-13-02-01,ALMAC,A0,ZA-MIX,ZS-ALMAC,ZM-PT01,1001220,1,0
A0-21-01-01,PICK,A0,ZA-PICK,ZS-PICKGRAL,ZM-PT01CJ,1000670,1,1
A0-20-01-06,PICK,A0,ZA-PICK,ZS-PICKGRAL,ZM-PT01CJ,1000680,1,1
A0-20-01-05,PICK,A0,ZA-PICK,ZS-PICKGRAL,ZM-PT01CJ,1000690,1,1
A0-20-01-04,PICK,A0,ZA-PICK,ZS-PICKGRAL,ZM-PT01CJ,1000700,1,1
A0-20-01-03,PICK,A0,ZA-PICK,ZS-PICKGRAL,ZM-PT01CJ,1000710,1,1
A0-20-01-02,PICK,A0,ZA-PICK,ZS-PICKGRAL,ZM-PT01CJ,1000720,1,1
A0-20-01-01,PICK,A0,ZA-PICK,ZS-PICKGRAL,ZM-PT01CJ,1000730,1,1
A0-13-03-01,ALMAC,A0,ZA-AA0,ZS-ALMAC,ZM-PT01,1001300,1,0
A0-13-04-01,ALMAC,A0,ZA-AA0,ZS-ALMAC,ZM-PT01,1001300,1,0
A0-19-01-06,PICK,A0,ZA-PICK,ZS-PICKGRAL,ZM-PT01CJ,1000740,1,1
A0-19-01-05,PICK,A0,ZA-PICK,ZS-PICKGRAL,ZM-PT01CJ,1000750,1,1
A0-14-02-01,ALMAC,A0,ZA-MIX,ZS-ALMAC,ZM-PT01,1001130,1,0
A0-19-01-04,PICK,A0,ZA-PICK,ZS-PICKGRAL,ZM-PT01CJ,1000760,1,1
A0-19-01-03,PICK,A0,ZA-PICK,ZS-PICKGRAL,ZM-PT01CJ,1000770,1,1
A0-19-01-02,PICK,A0,ZA-PICK,ZS-PICKGRAL,ZM-PT01CJ,1000780,1,1
A0-19-01-01,PICK,A0,ZA-PICK,ZS-PICKGRAL,ZM-PT01CJ,1000790,1,1
A0-18-01-06,PICK,A0,ZA-PICK,ZS-PICKGRAL,ZM-PT01CJ,1000800,1,1
A0-18-01-05,PICK,A0,ZA-PICK,ZS-PICKGRAL,ZM-PT01CJ,1000810,1,1
A0-18-01-04,PICK,A0,ZA-PICK,ZS-PICKGRAL,ZM-PT01CJ,1000820,1,1
A0-14-03-01,ALMAC,A0,ZA-AA0,ZS-ALMAC,ZM-PT01,1001210,1,0
A0-14-04-01,ALMAC,A0,ZA-AA0,ZS-ALMAC,ZM-PT01,1001210,1,0
A0-18-01-03,PICK,A0,ZA-PICK,ZS-PICKGRAL,ZM-PT01CJ,1000830,1,1
A0-18-01-02,PICK,A0,ZA-PICK,ZS-PICKGRAL,ZM-PT01CJ,1000840,1,1
A0-15-02-01,ALMAC,A0,ZA-MIX,ZS-ALMAC,ZM-PT01,1001040,1,0
A0-18-01-01,PICK,A0,ZA-PICK,ZS-PICKGRAL,ZM-PT01CJ,1000850,1,1
A0-17-01-09,PICK,A0,ZA-PICK,ZS-PICKGRAL,ZM-PT01CJ,1000860,1,1
A0-17-01-08,PICK,A0,ZA-PICK,ZS-PICKGRAL,ZM-PT01CJ,1000870,1,1
A0-17-01-07,PICK,A0,ZA-PICK,ZS-PICKGRAL,ZM-PT01CJ,1000880,1,1
A0-17-01-06,PICK,A0,ZA-PICK,ZS-PICKGRAL,ZM-PT01CJ,1000890,1,1
A0-17-01-05,PICK,A0,ZA-PICK,ZS-PICKGRAL,ZM-PT01CJ,1000900,1,1
A0-17-01-04,PICK,A0,ZA-PICK,ZS-PICKGRAL,ZM-PT01CJ,1000910,1,1
A0-15-03-01,ALMAC,A0,ZA-AA0,ZS-ALMAC,ZM-PT01,1001120,1,0
A0-15-04-01,ALMAC,A0,ZA-AA0,ZS-ALMAC,ZM-PT01,1001120,1,0
A0-17-01-03,PICK,A0,ZA-PICK,ZS-PICKGRAL,ZM-PT01CJ,1000920,1,1
A0-17-01-02,PICK,A0,ZA-PICK,ZS-PICKGRAL,ZM-PT01CJ,1000930,1,1
A0-16-02-01,ALMAC,A0,ZA-MIX,ZS-ALMAC,ZM-PT01,1000950,1,0
A0-17-01-01,PICK,A0,ZA-PICK,ZS-PICKGRAL,ZM-PT01CJ,1000940,1,1
A0-16-01-09,PICK,A0,ZA-PICK,ZS-PICKGRAL,ZM-PT01CJ,1000950,1,1
A0-16-01-08,PICK,A0,ZA-PICK,ZS-PICKGRAL,ZM-PT01CJ,1000960,1,1
A0-16-01-07,PICK,A0,ZA-PICK,ZS-PICKGRAL,ZM-PT01CJ,1000970,1,1
A0-16-01-06,PICK,A0,ZA-PICK,ZS-PICKGRAL,ZM-PT01CJ,1000980,1,1
A0-16-01-05,PICK,A0,ZA-PICK,ZS-PICKGRAL,ZM-PT01CJ,1000990,1,1
A0-16-01-04,PICK,A0,ZA-PICK,ZS-PICKGRAL,ZM-PT01CJ,1001000,1,1
A0-16-03-01,ALMAC,A0,ZA-AA0,ZS-ALMAC,ZM-PT01,1001030,1,0
A0-16-04-01,ALMAC,A0,ZA-AA0,ZS-ALMAC,ZM-PT01,1001030,1,0
A0-16-01-03,PICK,A0,ZA-PICK,ZS-PICKGRAL,ZM-PT01CJ,1001010,1,1
A0-16-01-02,PICK,A0,ZA-PICK,ZS-PICKGRAL,ZM-PT01CJ,1001020,1,1
A0-17-02-01,ALMAC,A0,ZA-MIX,ZS-ALMAC,ZM-PT01,1000860,1,0
A0-16-01-01,PICK,A0,ZA-PICK,ZS-PICKGRAL,ZM-PT01CJ,1001030,1,1
A0-15-01-09,PICK,A0,ZA-PICK,ZS-PICKGRAL,ZM-PT01CJ,1001040,1,1
A0-15-01-08,PICK,A0,ZA-PICK,ZS-PICKGRAL,ZM-PT01CJ,1001050,1,1
A0-15-01-07,PICK,A0,ZA-PICK,ZS-PICKGRAL,ZM-PT01CJ,1001060,1,1
A0-15-01-06,PICK,A0,ZA-PICK,ZS-PICKGRAL,ZM-PT01CJ,1001070,1,1
A0-15-01-05,PICK,A0,ZA-PICK,ZS-PICKGRAL,ZM-PT01CJ,1001080,1,1
A0-15-01-04,PICK,A0,ZA-PICK,ZS-PICKGRAL,ZM-PT01CJ,1001090,1,1
A0-17-03-01,ALMAC,A0,ZA-AA0,ZS-ALMAC,ZM-PT01,1000940,1,0
A0-17-04-01,ALMAC,A0,ZA-AA0,ZS-ALMAC,ZM-PT01,1000940,1,0
A0-15-01-03,PICK,A0,ZA-PICK,ZS-PICKGRAL,ZM-PT01CJ,1001100,1,1
A0-15-01-02,PICK,A0,ZA-PICK,ZS-PICKGRAL,ZM-PT01CJ,1001110,1,1
A0-18-02-01,ALMAC,A0,ZA-MIX,ZS-ALMAC,ZM-PT01,1000800,1,0
A0-15-01-01,PICK,A0,ZA-PICK,ZS-PICKGRAL,ZM-PT01CJ,1001120,1,1
A0-14-01-09,PICK,A0,ZA-PICK,ZS-PICKGRAL,ZM-PT01CJ,1001130,1,1
A0-14-01-08,PICK,A0,ZA-PICK,ZS-PICKGRAL,ZM-PT01CJ,1001140,1,1
A0-14-01-07,PICK,A0,ZA-PICK,ZS-PICKGRAL,ZM-PT01CJ,1001150,1,1
A0-18-03-01,ALMAC,A0,ZA-AA0,ZS-ALMAC,ZM-PT01,1000850,1,0
A0-18-04-01,ALMAC,A0,ZA-AA0,ZS-ALMAC,ZM-PT01,1000850,1,0
A0-14-01-06,PICK,A0,ZA-PICK,ZS-PICKGRAL,ZM-PT01CJ,1001160,1,1
A0-14-01-05,PICK,A0,ZA-PICK,ZS-PICKGRAL,ZM-PT01CJ,1001170,1,1
A0-19-02-01,ALMAC,A0,ZA-MIX,ZS-ALMAC,ZM-PT01,1000740,1,0
A0-14-01-04,PICK,A0,ZA-PICK,ZS-PICKGRAL,ZM-PT01CJ,1001180,1,1
A0-14-01-03,PICK,A0,ZA-PICK,ZS-PICKGRAL,ZM-PT01CJ,1001190,1,1
A0-14-01-02,PICK,A0,ZA-PICK,ZS-PICKGRAL,ZM-PT01CJ,1001200,1,1
A0-14-01-01,PICK,A0,ZA-PICK,ZS-PICKGRAL,ZM-PT01CJ,1001210,1,1
A0-19-03-01,ALMAC,A0,ZA-AA0,ZS-ALMAC,ZM-PT01,1000790,1,0
A0-19-04-01,ALMAC,A0,ZA-AA0,ZS-ALMAC,ZM-PT01,1000790,1,0
A0-13-01-09,PICK,A0,ZA-PICK,ZS-PICKGRAL,ZM-PT01CJ,1001220,1,1
A0-13-01-08,PICK,A0,ZA-PICK,ZS-PICKGRAL,ZM-PT01CJ,1001230,1,1
A0-20-02-01,ALMAC,A0,ZA-MIX,ZS-ALMAC,ZM-PT01,1000680,1,0
A0-13-01-07,PICK,A0,ZA-PICK,ZS-PICKGRAL,ZM-PT01CJ,1001240,1,1
A0-13-01-06,PICK,A0,ZA-PICK,ZS-PICKGRAL,ZM-PT01CJ,1001250,1,1
A0-13-01-05,PICK,A0,ZA-PICK,ZS-PICKGRAL,ZM-PT01CJ,1001260,1,1
A0-13-01-04,PICK,A0,ZA-PICK,ZS-PICKGRAL,ZM-PT01CJ,1001270,1,1
A0-20-03-01,ALMAC,A0,ZA-AA0,ZS-ALMAC,ZM-PT01,1000730,1,0
A0-20-04-01,ALMAC,A0,ZA-AA0,ZS-ALMAC,ZM-PT01,1000730,1,0
A0-13-01-03,PICK,A0,ZA-PICK,ZS-PICKGRAL,ZM-PT01CJ,1001280,1,1
A0-13-01-02,PICK,A0,ZA-PICK,ZS-PICKGRAL,ZM-PT01CJ,1001290,1,1
A0-21-02-01,ALMAC,A0,ZA-MIX,ZS-ALMAC,ZM-PT01,1000620,1,0
A0-13-01-01,PICK,A0,ZA-PICK,ZS-PICKGRAL,ZM-PT01CJ,1001300,1,1
A0-12-01-04,PICK,A0,ZA-PICK,ZS-PICKGRAL,ZM-PT01CJ,1001310,1,1
A0-12-01-03,PICK,A0,ZA-PICK,ZS-PICKGRAL,ZM-PT01CJ,1001320,1,1
A0-12-01-02,PICK,A0,ZA-PICK,ZS-PICKGRAL,ZM-PT01CJ,1001330,1,1
A0-21-03-01,ALMAC,A0,ZA-AA0,ZS-ALMAC,ZM-PT01,1000670,1,0
A0-21-04-01,ALMAC,A0,ZA-AA0,ZS-ALMAC,ZM-PT01,1000670,1,0
A0-12-01-01,PICK,A0,ZA-PICK,ZS-PICKGRAL,ZM-PT01CJ,1001340,1,1
A0-11-01-01,PICK,A0,ZA-PICK,ZS-PICKGRAL,ZM-PT01CJ,1001350,1,1
A0-22-02-01,ALMAC,A0,ZA-MIX,ZS-ALMAC,ZM-PT01,1000560,1,0
A0-10-01-02,PICK,A0,ZA-PICK,ZS-PICKGRAL,ZM-PT01,1001360,1,1
A0-10-01-01,PICK,A0,ZA-PICK,ZS-PICKGRAL,ZM-PT01,1001370,1,1
A0-09-01-02,PICK,A0,ZA-PICK,ZS-PICKGRAL,ZM-PT01,1001380,1,1
A0-09-01-01,PICK,A0,ZA-PICK,ZS-PICKGRAL,ZM-PT01,1001390,1,1
A0-22-03-01,ALMAC,A0,ZA-AA0,ZS-ALMAC,ZM-PT01,1000610,1,0
A0-22-04-01,ALMAC,A0,ZA-AA0,ZS-ALMAC,ZM-PT01,1000610,1,0
A0-08-01-02,PICK,A0,ZA-PICK,ZS-PICKGRAL,ZM-PT01,1001400,1,1
A0-08-01-01,PICK,A0,ZA-PICK,ZS-PICKGRAL,ZM-PT01,1001410,1,1
A0-23-02-01,ALMAC,A0,ZA-MIX,ZS-ALMAC,ZM-PT01,1000350,1,0
A0-07-01-02,PICK,A0,ZA-PICK,ZS-PICKGRAL,ZM-PT01,1001420,1,1
A0-07-01-01,PICK,A0,ZA-PICK,ZS-PICKGRAL,ZM-PT01,1001430,1,1
A0-06-01-05,PICK,A0,ZA-PICK,ZS-PICKGRAL,ZM-PT01CJ,1001440,1,1
A0-06-01-04,PICK,A0,ZA-PICK,ZS-PICKGRAL,ZM-PT01CJ,1001450,1,1
A0-06-01-03,PICK,A0,ZA-PICK,ZS-PICKGRAL,ZM-PT01CJ,1001460,1,1
A0-06-01-02,PICK,A0,ZA-PICK,ZS-PICKGRAL,ZM-PT01CJ,1001470,1,1
A0-06-01-01,PICK,A0,ZA-PICK,ZS-PICKGRAL,ZM-PT01CJ,1001480,1,1
A0-05-01-07,PICK,A0,ZA-PICK,ZS-PICKGRAL,ZM-PT01CJ,1001490,1,1
A0-05-01-06,PICK,A0,ZA-PICK,ZS-PICKGRAL,ZM-PT01CJ,1001500,1,1
A0-05-01-05,PICK,A0,ZA-PICK,ZS-PICKGRAL,ZM-PT01CJ,1001510,1,1
A0-05-01-04,PICK,A0,ZA-PICK,ZS-PICKGRAL,ZM-PT01CJ,1001520,1,1
A0-05-01-03,PICK,A0,ZA-PICK,ZS-PICKGRAL,ZM-PT01CJ,1001530,1,1
A0-05-01-02,PICK,A0,ZA-PICK,ZS-PICKGRAL,ZM-PT01CJ,1001540,1,1
A0-05-01-01,PICK,A0,ZA-PICK,ZS-PICKGRAL,ZM-PT01CJ,1001550,1,1
A0-04-01-06,PICK,A0,ZA-PICK,ZS-PICKGRAL,ZM-PT01CJ,1001560,1,1
A0-04-01-05,PICK,A0,ZA-PICK,ZS-PICKGRAL,ZM-PT01CJ,1001570,1,1
A0-04-01-04,PICK,A0,ZA-PICK,ZS-PICKGRAL,ZM-PT01CJ,1001580,1,1
A0-04-01-03,PICK,A0,ZA-PICK,ZS-PICKGRAL,ZM-PT01CJ,1001590,1,1
A0-04-01-02,PICK,A0,ZA-PICK,ZS-PICKGRAL,ZM-PT01CJ,1001600,1,1
A0-23-03-01,ALMAC,A0,ZA-AA0,ZS-ALMAC,ZM-PT01,1000550,1,0
A0-23-04-01,ALMAC,A0,ZA-AA0,ZS-ALMAC,ZM-PT01,1000550,1,0
A0-04-01-01,PICK,A0,ZA-PICK,ZS-PICKGRAL,ZM-PT01CJ,1001610,1,1
A0-03-01-09,PICK,A0,ZA-PICK,ZS-PICKGRAL,ZM-PT01CJ,1001620,1,1
A0-24-02-01,ALMAC,A0,ZA-MIX,ZS-ALMAC,ZM-PT01,1000170,1,0
A0-03-01-08,PICK,A0,ZA-PICK,ZS-PICKGRAL,ZM-PT01CJ,1001630,1,1
A0-03-01-07,PICK,A0,ZA-PICK,ZS-PICKGRAL,ZM-PT01CJ,1001640,1,1
A0-03-01-06,PICK,A0,ZA-PICK,ZS-PICKGRAL,ZM-PT01CJ,1001650,1,1
A0-03-01-05,PICK,A0,ZA-PICK,ZS-PICKGRAL,ZM-PT01CJ,1001660,1,1
A0-03-01-04,PICK,A0,ZA-PICK,ZS-PICKGRAL,ZM-PT01CJ,1001670,1,1
A0-03-01-03,PICK,A0,ZA-PICK,ZS-PICKGRAL,ZM-PT01CJ,1001680,1,1
A0-03-01-02,PICK,A0,ZA-PICK,ZS-PICKGRAL,ZM-PT01CJ,1001690,1,1
A0-03-01-01,PICK,A0,ZA-PICK,ZS-PICKGRAL,ZM-PT01CJ,1001700,1,1
A0-02-01-06,PICK,A0,ZA-PICK,ZS-PICKGRAL,ZM-PT01CJ,1001710,1,1
A0-02-01-05,PICK,A0,ZA-PICK,ZS-PICKGRAL,ZM-PT01CJ,1001720,1,1
A0-02-01-04,PICK,A0,ZA-PICK,ZS-PICKGRAL,ZM-PT01CJ,1001730,1,1
A0-02-01-03,PICK,A0,ZA-PICK,ZS-PICKGRAL,ZM-PT01CJ,1001740,1,1
A0-02-01-02,PICK,A0,ZA-PICK,ZS-PICKGRAL,ZM-PT01CJ,1001750,1,1
A0-02-01-01,PICK,A0,ZA-PICK,ZS-PICKGRAL,ZM-PT01CJ,1001760,1,1
A0-01-01-09,PICK,A0,ZA-PICK,ZS-PICKGRAL,ZM-PT01CJ,1001770,1,1
A0-01-01-08,PICK,A0,ZA-PICK,ZS-PICKGRAL,ZM-PT01CJ,1001780,1,1
A0-24-03-01,ALMAC,A0,ZA-AA0,ZS-ALMAC,ZM-PT01,1000340,1,0
A0-24-04-01,ALMAC,A0,ZA-AA0,ZS-ALMAC,ZM-PT01,1000340,1,0
A0-01-01-07,PICK,A0,ZA-PICK,ZS-PICKGRAL,ZM-PT01CJ,1001790,1,1
A0-01-01-06,PICK,A0,ZA-PICK,ZS-PICKGRAL,ZM-PT01CJ,1001800,1,1
A0-25-02-01,ALMAC,A0,ZA-MIX,ZS-ALMAC,ZM-PT01,1000150,1,0
A0-25-03-01,ALMAC,A0,ZA-AA0,ZS-ALMAC,ZM-PT01,1000160,1,0
A0-25-04-01,ALMAC,A0,ZA-AA0,ZS-ALMAC,ZM-PT01,1000160,1,0
A0-01-01-05,PICK,A0,ZA-PICK,ZS-PICKGRAL,ZM-PT01CJ,1001810,1,1
A0-26-02-01,ALMAC,A0,ZA-MIX,ZS-ALMAC,ZM-PT01,1000140,1,0
A0-26-03-01,ALMAC,A0,ZA-AA0,ZS-ALMAC,ZM-PT01,1000140,1,0
A0-26-04-01,ALMAC,A0,ZA-AA0,ZS-ALMAC,ZM-PT01,1000140,1,0
A0-01-01-04,PICK,A0,ZA-PICK,ZS-PICKGRAL,ZM-PT01CJ,1001820,1,1
A0-27-02-01,ALMAC,A0,ZA-MIX,ZS-ALMAC,ZM-PT01,1000130,1,0
A0-27-03-01,ALMAC,A0,ZA-AA0,ZS-ALMAC,ZM-PT01,1000130,1,0
A0-27-04-01,ALMAC,A0,ZA-AA0,ZS-ALMAC,ZM-PT01,1000130,1,0
A0-01-01-03,PICK,A0,ZA-PICK,ZS-PICKGRAL,ZM-PT01CJ,1001830,1,1
A0-28-02-01,ALMAC,A0,ZA-MIX,ZS-ALMAC,ZM-PT01,1000120,1,0
A0-28-03-01,ALMAC,A0,ZA-AA0,ZS-ALMAC,ZM-PT01,1000120,1,0
A0-28-04-01,ALMAC,A0,ZA-AA0,ZS-ALMAC,ZM-PT01,1000120,1,0
A0-01-01-02,PICK,A0,ZA-PICK,ZS-PICKGRAL,ZM-PT01CJ,1001840,1,1
A0-29-02-01,ALMAC,A0,ZA-MIX,ZS-ALMAC,ZM-PT01,1000110,1,0
A0-29-03-01,ALMAC,A0,ZA-AA0,ZS-ALMAC,ZM-PT01,1000110,1,0
A0-29-04-01,ALMAC,A0,ZA-AA0,ZS-ALMAC,ZM-PT01,1000110,1,0
A0-01-01-01,PICK,A0,ZA-PICK,ZS-PICKGRAL,ZM-PT01CJ,1001850,1,1
A0-30-02-01,ALMAC,A0,ZA-MIX,ZS-ALMAC,ZM-PT01,1000100,1,0
UNITARIOS,PICK,,ZA-UNIT,ZS-UNIT,ZM-PT01,1001860,1,0
A0-30-03-01,ALMAC,A0,ZA-AA0,ZS-ALMAC,ZM-PT01,1000100,1,0
A0-30-04-01,ALMAC,A0,ZA-AA0,ZS-ALMAC,ZM-PT01,1000100,1,0
A0-31-01-01,PICK,A0,ZA-PICK,ZS-PICKGRAL,ZM-PT01,2000100,1,1
A0-31-02-01,ALMAC,A0,ZA-APET,ZS-ALMAC,ZM-PT01,2000100,1,0
A0-31-03-01,ALMAC,A0,ZA-APET,ZS-ALMAC,ZM-PT01,2000100,1,0
A0-31-04-01,ALMAC,A0,ZA-APET,ZS-ALMAC,ZM-PT01,2000100,1,0
A0-32-01-01,PICK,A0,ZA-PICK,ZS-PICKGRAL,ZM-PT01,2000110,1,1
A0-32-02-01,ALMAC,A0,ZA-APET,ZS-ALMAC,ZM-PT01,2000110,1,0
A0-32-03-01,ALMAC,A0,ZA-APET,ZS-ALMAC,ZM-PT01,2000110,1,0
A0-32-04-01,ALMAC,A0,ZA-APET,ZS-ALMAC,ZM-PT01,2000110,1,0
A0-33-01-01,PICK,A0,ZA-PICK,ZS-PICKGRAL,ZM-PT01,2000120,1,1
A0-33-02-01,ALMAC,A0,ZA-APET,ZS-ALMAC,ZM-PT01,2000120,1,0
A0-33-03-01,ALMAC,A0,ZA-APET,ZS-ALMAC,ZM-PT01,2000120,1,0
A0-33-04-01,ALMAC,A0,ZA-APET,ZS-ALMAC,ZM-PT01,2000120,1,0
A0-34-01-01,PICK,A0,ZA-PICK,ZS-PICKGRAL,ZM-PT01,2000130,1,1
A0-34-02-01,ALMAC,A0,ZA-APET,ZS-ALMAC,ZM-PT01,2000130,1,0
A0-34-03-01,ALMAC,A0,ZA-APET,ZS-ALMAC,ZM-PT01,2000130,1,0
A0-34-04-01,ALMAC,A0,ZA-APET,ZS-ALMAC,ZM-PT01,2000130,1,0
A0-35-01-01,PICK,A0,ZA-PICK,ZS-PICKGRAL,ZM-PT01,2000140,1,1
A0-35-02-01,ALMAC,A0,ZA-APET,ZS-ALMAC,ZM-PT01,2000140,1,0
A0-35-03-01,ALMAC,A0,ZA-APET,ZS-ALMAC,ZM-PT01,2000140,1,0
A0-35-04-01,ALMAC,A0,ZA-APET,ZS-ALMAC,ZM-PT01,2000140,1,0
A0-36-01-01,PICK,A0,ZA-PICK,ZS-PICKGRAL,ZM-PT01,2000150,1,1
A0-36-02-01,ALMAC,A0,ZA-APET,ZS-ALMAC,ZM-PT01,2000150,1,0
A0-36-03-01,ALMAC,A0,ZA-APET,ZS-ALMAC,ZM-PT01,2000150,1,0
A0-36-04-01,ALMAC,A0,ZA-APET,ZS-ALMAC,ZM-PT01,2000150,1,0
A0-37-01-01,PICK,A0,ZA-PICK,ZS-PICKGRAL,ZM-PT01,2000160,1,1
A0-37-02-01,ALMAC,A0,ZA-APET,ZS-ALMAC,ZM-PT01,2000160,1,0
A0-37-03-01,ALMAC,A0,ZA-APET,ZS-ALMAC,ZM-PT01,2000160,1,0
A0-37-04-01,ALMAC,A0,ZA-APET,ZS-ALMAC,ZM-PT01,2000160,1,0
A0-38-01-01,PICK,A0,ZA-PICK,ZS-PICKGRAL,ZM-PT01,2000170,1,1
A0-38-02-01,ALMAC,A0,ZA-APET,ZS-ALMAC,ZM-PT01,2000170,1,0
A0-38-03-01,ALMAC,A0,ZA-APET,ZS-ALMAC,ZM-PT01,2000170,1,0
A0-38-04-01,ALMAC,A0,ZA-APET,ZS-ALMAC,ZM-PT01,2000170,1,0
A0-39-01-01,PICK,A0,ZA-PICK,ZS-PICKGRAL,ZM-PT01,2000180,1,1
A0-39-02-01,ALMAC,A0,ZA-APET,ZS-ALMAC,ZM-PT01,2000180,1,0
A0-39-03-01,ALMAC,A0,ZA-APET,ZS-ALMAC,ZM-PT01,2000180,1,0
A0-39-04-01,ALMAC,A0,ZA-APET,ZS-ALMAC,ZM-PT01,2000180,1,0
A0-40-01-01,PICK,A0,ZA-PICK,ZS-PICKGRAL,ZM-PT01,2000190,1,1
A0-40-02-01,ALMAC,A0,ZA-APET,ZS-ALMAC,ZM-PT01,2000190,1,0
A0-40-03-01,ALMAC,A0,ZA-APET,ZS-ALMAC,ZM-PT01,2000190,1,0
A0-40-04-01,ALMAC,A0,ZA-APET,ZS-ALMAC,ZM-PT01,2000190,1,0
A0-41-01-01,PICK,A0,ZA-PICK,ZS-PICKGRAL,ZM-PT01,2000200,1,1
A0-41-02-01,ALMAC,A0,ZA-APET,ZS-ALMAC,ZM-PT01,2000200,1,0
A0-41-03-01,ALMAC,A0,ZA-APET,ZS-ALMAC,ZM-PT01,2000200,1,0
A0-41-04-01,ALMAC,A0,ZA-APET,ZS-ALMAC,ZM-PT01,2000200,1,0
A0-42-01-01,PICK,A0,ZA-PICK,ZS-PICKGRAL,ZM-PT01,2000210,1,1
A0-42-02-01,ALMAC,A0,ZA-APET,ZS-ALMAC,ZM-PT01,2000210,1,0
A0-42-03-01,ALMAC,A0,ZA-APET,ZS-ALMAC,ZM-PT01,2000210,1,0
A0-42-04-01,ALMAC,A0,ZA-APET,ZS-ALMAC,ZM-PT01,2000210,1,0
A0-43-01-01,PICK,A0,ZA-PICK,ZS-PICKGRAL,ZM-PT01,2000220,1,1
A0-43-02-01,ALMAC,A0,ZA-APET,ZS-ALMAC,ZM-PT01,2000220,1,0
A0-43-03-01,ALMAC,A0,ZA-APET,ZS-ALMAC,ZM-PT01,2000220,1,0
A0-43-04-01,ALMAC,A0,ZA-APET,ZS-ALMAC,ZM-PT01,2000220,1,0
A0-44-01-01,PICK,A0,ZA-PICK,ZS-PICKGRAL,ZM-PT01,2000230,1,1
A0-44-02-01,ALMAC,A0,ZA-APET,ZS-ALMAC,ZM-PT01,2000230,1,0
A0-44-03-01,ALMAC,A0,ZA-APET,ZS-ALMAC,ZM-PT01,2000230,1,0
A0-44-04-01,ALMAC,A0,ZA-APET,ZS-ALMAC,ZM-PT01,2000230,1,0
A0-45-01-01,PICK,A0,ZA-PICK,ZS-PICKGRAL,ZM-PT01,2000240,1,1
A0-45-02-01,ALMAC,A0,ZA-APET,ZS-ALMAC,ZM-PT01,2000240,1,0
A0-45-03-01,ALMAC,A0,ZA-APET,ZS-ALMAC,ZM-PT01,2000240,1,0
A0-45-04-01,ALMAC,A0,ZA-APET,ZS-ALMAC,ZM-PT01,2000240,1,0
A0-46-01-01,PICK,A0,ZA-PICK,ZS-PICKGRAL,ZM-PT01,2000250,1,1
A0-46-02-01,ALMAC,A0,ZA-APET,ZS-ALMAC,ZM-PT01,2000250,1,0
A0-46-03-01,ALMAC,A0,ZA-APET,ZS-ALMAC,ZM-PT01,2000250,1,0
A0-46-04-01,ALMAC,A0,ZA-APET,ZS-ALMAC,ZM-PT01,2000250,1,0
A0-47-01-01,PICK,A0,ZA-PICK,ZS-PICKGRAL,ZM-PT01,2000260,1,1
A0-47-02-01,ALMAC,A0,ZA-APET,ZS-ALMAC,ZM-PT01,2000260,1,0
A0-47-03-01,ALMAC,A0,ZA-APET,ZS-ALMAC,ZM-PT01,2000260,1,0
A0-47-04-01,ALMAC,A0,ZA-APET,ZS-ALMAC,ZM-PT01,2000260,1,0
A0-48-01-01,PICK,A0,ZA-PICK,ZS-PICKGRAL,ZM-PT01,2000270,1,1
A0-48-02-01,ALMAC,A0,ZA-APET,ZS-ALMAC,ZM-PT01,2000270,1,0
A0-48-03-01,ALMAC,A0,ZA-APET,ZS-ALMAC,ZM-PT01,2000270,1,0
A0-48-04-01,ALMAC,A0,ZA-APET,ZS-ALMAC,ZM-PT01,2000270,1,0
A1-40-01-01,PICK,A1,ZA-PICK,ZS-PICKGRAL,ZM-PT01,2000280,1,1
A1-40-02-01,ALMAC,A1,ZA-APET,ZS-ALMAC,ZM-PT01,2000280,1,0
A1-40-03-01,ALMAC,A1,ZA-APET,ZS-ALMAC,ZM-PT01,2000280,1,0
A1-40-04-01,ALMAC,A1,ZA-APET,ZS-ALMAC,ZM-PT01,2000280,1,0
A1-39-01-01,PICK,A1,ZA-PICK,ZS-PICKGRAL,ZM-PT01,2000290,1,1
A1-39-02-01,ALMAC,A1,ZA-APET,ZS-ALMAC,ZM-PT01,2000290,1,0
A1-39-03-01,ALMAC,A1,ZA-APET,ZS-ALMAC,ZM-PT01,2000290,1,0
A1-39-04-01,ALMAC,A1,ZA-APET,ZS-ALMAC,ZM-PT01,2000290,1,0
A1-38-01-01,PICK,A1,ZA-PICK,ZS-PICKGRAL,ZM-PT01,2000300,1,1
A1-38-02-01,ALMAC,A1,ZA-APET,ZS-ALMAC,ZM-PT01,2000300,1,0
A1-38-03-01,ALMAC,A1,ZA-APET,ZS-ALMAC,ZM-PT01,2000300,1,0
A1-38-04-01,ALMAC,A1,ZA-APET,ZS-ALMAC,ZM-PT01,2000300,1,0
A1-37-01-01,PICK,A1,ZA-PICK,ZS-PICKGRAL,ZM-PT01,2000310,1,1
A1-37-02-01,ALMAC,A1,ZA-APET,ZS-ALMAC,ZM-PT01,2000310,1,0
A1-37-03-01,ALMAC,A1,ZA-APET,ZS-ALMAC,ZM-PT01,2000310,1,0
A1-37-04-01,ALMAC,A1,ZA-APET,ZS-ALMAC,ZM-PT01,2000310,1,0
A1-36-01-01,PICK,A1,ZA-PICK,ZS-PICKGRAL,ZM-PT01,2000320,1,1
A1-36-02-01,ALMAC,A1,ZA-APET,ZS-ALMAC,ZM-PT01,2000320,1,0
A1-36-03-01,ALMAC,A1,ZA-APET,ZS-ALMAC,ZM-PT01,2000320,1,0
A1-36-04-01,ALMAC,A1,ZA-APET,ZS-ALMAC,ZM-PT01,2000320,1,0
A1-35-01-01,PICK,A1,ZA-PICK,ZS-PICKGRAL,ZM-PT01,2000330,1,1
A1-35-02-01,ALMAC,A1,ZA-APET,ZS-ALMAC,ZM-PT01,2000330,1,0
A1-35-03-01,ALMAC,A1,ZA-APET,ZS-ALMAC,ZM-PT01,2000330,1,0
A1-35-04-01,ALMAC,A1,ZA-APET,ZS-ALMAC,ZM-PT01,2000330,1,0
A1-34-01-01,PICK,A1,ZA-PICK,ZS-PICKGRAL,ZM-PT01,2000340,1,1
A1-34-02-01,ALMAC,A1,ZA-APET,ZS-ALMAC,ZM-PT01,2000340,1,0
A1-34-03-01,ALMAC,A1,ZA-APET,ZS-ALMAC,ZM-PT01,2000340,1,0
A1-34-04-01,ALMAC,A1,ZA-APET,ZS-ALMAC,ZM-PT01,2000340,1,0
A1-33-01-01,PICK,A1,ZA-PICK,ZS-PICKGRAL,ZM-PT01,2000350,1,1
A1-33-02-01,ALMAC,A1,ZA-APET,ZS-ALMAC,ZM-PT01,2000350,1,0
A1-33-03-01,ALMAC,A1,ZA-APET,ZS-ALMAC,ZM-PT01,2000350,1,0
A1-33-04-01,ALMAC,A1,ZA-APET,ZS-ALMAC,ZM-PT01,2000350,1,0
A1-32-01-01,PICK,A1,ZA-PICK,ZS-PICKGRAL,ZM-PT01,2000360,1,1
A1-32-02-01,ALMAC,A1,ZA-APET,ZS-ALMAC,ZM-PT01,2000360,1,0
A1-32-03-01,ALMAC,A1,ZA-APET,ZS-ALMAC,ZM-PT01,2000360,1,0
A1-32-04-01,ALMAC,A1,ZA-APET,ZS-ALMAC,ZM-PT01,2000360,1,0
A1-31-01-01,PICK,A1,ZA-PICK,ZS-PICKGRAL,ZM-PT01,2000370,1,1
A1-31-02-01,ALMAC,A1,ZA-APET,ZS-ALMAC,ZM-PT01,2000370,1,0
A1-31-03-01,ALMAC,A1,ZA-APET,ZS-ALMAC,ZM-PT01,2000370,1,0
A1-31-04-01,ALMAC,A1,ZA-APET,ZS-ALMAC,ZM-PT01,2000370,1,0
A1-30-01-01,PICK,A1,ZA-PICK,ZS-PICKGRAL,ZM-PT01,2000380,1,1
A1-30-02-01,ALMAC,A1,ZA-APET,ZS-ALMAC,ZM-PT01,2000380,1,0
A1-30-03-01,ALMAC,A1,ZA-APET,ZS-ALMAC,ZM-PT01,2000380,1,0
A1-30-04-01,ALMAC,A1,ZA-APET,ZS-ALMAC,ZM-PT01,2000380,1,0
A1-29-01-01,PICK,A1,ZA-PICK,ZS-PICKGRAL,ZM-PT01,2000390,1,1
A1-29-02-01,ALMAC,A1,ZA-APET,ZS-ALMAC,ZM-PT01,2000390,1,0
A1-29-03-01,ALMAC,A1,ZA-APET,ZS-ALMAC,ZM-PT01,2000390,1,0
A1-29-04-01,ALMAC,A1,ZA-APET,ZS-ALMAC,ZM-PT01,2000390,1,0
A1-28-01-01,PICK,A1,ZA-PICK,ZS-PICKGRAL,ZM-PT01,2000400,1,1
A1-28-02-01,ALMAC,A1,ZA-APET,ZS-ALMAC,ZM-PT01,2000400,1,0
A1-28-03-01,ALMAC,A1,ZA-APET,ZS-ALMAC,ZM-PT01,2000400,1,0
A1-28-04-01,ALMAC,A1,ZA-APET,ZS-ALMAC,ZM-PT01,2000400,1,0
A1-27-01-01,PICK,A1,ZA-PICK,ZS-PICKGRAL,ZM-PT01,2000410,1,1
A1-27-02-01,ALMAC,A1,ZA-APET,ZS-ALMAC,ZM-PT01,2000410,1,0
A1-27-03-01,ALMAC,A1,ZA-APET,ZS-ALMAC,ZM-PT01,2000410,1,0
A1-27-04-01,ALMAC,A1,ZA-APET,ZS-ALMAC,ZM-PT01,2000410,1,0
A1-26-01-01,PICK,A1,ZA-PICK,ZS-PICKGRAL,ZM-PT01,2000420,1,1
A1-26-02-01,ALMAC,A1,ZA-APET,ZS-ALMAC,ZM-PT01,2000420,1,0
A1-26-03-01,ALMAC,A1,ZA-APET,ZS-ALMAC,ZM-PT01,2000420,1,0
A1-26-04-01,ALMAC,A1,ZA-APET,ZS-ALMAC,ZM-PT01,2000420,1,0
A1-25-01-01,PICK,A1,ZA-PICK,ZS-PICKGRAL,ZM-PT01,2000430,1,1
A1-25-02-01,ALMAC,A1,ZA-APET,ZS-ALMAC,ZM-PT01,2000430,1,0
A1-25-03-01,ALMAC,A1,ZA-APET,ZS-ALMAC,ZM-PT01,2000430,1,0
A1-25-04-01,ALMAC,A1,ZA-APET,ZS-ALMAC,ZM-PT01,2000430,1,0
A1-24-01-01,PICK,A1,ZA-PICK,ZS-PICKGRAL,ZM-PT01,2000440,1,1
A1-24-02-01,ALMAC,A1,ZA-APET,ZS-ALMAC,ZM-PT01,2000440,1,0
A1-24-03-01,ALMAC,A1,ZA-APET,ZS-ALMAC,ZM-PT01,2000440,1,0
A1-24-04-01,ALMAC,A1,ZA-APET,ZS-ALMAC,ZM-PT01,2000440,1,0
A1-23-01-01,PICK,A1,ZA-PICK,ZS-PICKGRAL,ZM-PT01,2000450,1,1
A1-23-02-01,ALMAC,A1,ZA-APET,ZS-ALMAC,ZM-PT01,2000450,1,0
A1-23-03-01,ALMAC,A1,ZA-APET,ZS-ALMAC,ZM-PT01,2000450,1,0
A1-23-04-01,ALMAC,A1,ZA-APET,ZS-ALMAC,ZM-PT01,2000450,1,0
A1-22-01-01,PICK,A1,ZA-PICK,ZS-PICKGRAL,ZM-PT01,2000460,1,1
A1-22-02-01,ALMAC,A1,ZA-APET,ZS-ALMAC,ZM-PT01,2000460,1,0
A1-22-03-01,ALMAC,A1,ZA-APET,ZS-ALMAC,ZM-PT01,2000460,1,0
A1-22-04-01,ALMAC,A1,ZA-APET,ZS-ALMAC,ZM-PT01,2000460,1,0
A1-21-01-01,PICK,A1,ZA-PICK,ZS-PICKGRAL,ZM-PT01,2000470,1,1
A1-21-02-01,ALMAC,A1,ZA-APET,ZS-ALMAC,ZM-PT01,2000470,1,0
A1-21-03-01,ALMAC,A1,ZA-APET,ZS-ALMAC,ZM-PT01,2000470,1,0
A1-21-04-01,ALMAC,A1,ZA-APET,ZS-ALMAC,ZM-PT01,2000470,1,0
A1-20-01-01,PICK,A1,ZA-PICK,ZS-PICKGRAL,ZM-PT01,2000480,1,1
A1-20-02-01,ALMAC,A1,ZA-APET,ZS-ALMAC,ZM-PT01,2000480,1,0
A1-20-03-01,ALMAC,A1,ZA-APET,ZS-ALMAC,ZM-PT01,2000480,1,0
A1-20-04-01,ALMAC,A1,ZA-APET,ZS-ALMAC,ZM-PT01,2000480,1,0
A1-19-01-01,PICK,A1,ZA-PICK,ZS-PICKGRAL,ZM-PT01,2000490,1,1
A1-19-02-01,ALMAC,A1,ZA-APET,ZS-ALMAC,ZM-PT01,2000490,1,0
A1-19-03-01,ALMAC,A1,ZA-APET,ZS-ALMAC,ZM-PT01,2000490,1,0
A1-19-04-01,ALMAC,A1,ZA-APET,ZS-ALMAC,ZM-PT01,2000490,1,0
A1-18-01-01,PICK,A1,ZA-PICK,ZS-PICKGRAL,ZM-PT01,2000500,1,1
A1-18-02-01,ALMAC,A1,ZA-APET,ZS-ALMAC,ZM-PT01,2000500,1,0
A1-18-03-01,ALMAC,A1,ZA-APET,ZS-ALMAC,ZM-PT01,2000500,1,0
A1-18-04-01,ALMAC,A1,ZA-APET,ZS-ALMAC,ZM-PT01,2000500,1,0
A1-17-01-01,PICK,A1,ZA-PICK,ZS-PICKGRAL,ZM-PT01,2000510,1,1
A1-17-02-01,ALMAC,A1,ZA-APET,ZS-ALMAC,ZM-PT01,2000510,1,0
A1-17-03-01,ALMAC,A1,ZA-APET,ZS-ALMAC,ZM-PT01,2000510,1,0
A1-17-04-01,ALMAC,A1,ZA-APET,ZS-ALMAC,ZM-PT01,2000510,1,0
A1-16-01-01,PICK,A1,ZA-PICK,ZS-PICKGRAL,ZM-PT01,2000520,1,1
A1-16-02-01,ALMAC,A1,ZA-APET,ZS-ALMAC,ZM-PT01,2000520,1,0
A1-16-03-01,ALMAC,A1,ZA-APET,ZS-ALMAC,ZM-PT01,2000520,1,0
A1-16-04-01,ALMAC,A1,ZA-APET,ZS-ALMAC,ZM-PT01,2000520,1,0
A1-15-01-01,PICK,A1,ZA-PICK,ZS-PICKGRAL,ZM-PT01,2000530,1,1
A1-15-02-01,ALMAC,A1,ZA-APET,ZS-ALMAC,ZM-PT01,2000530,1,0
A1-15-03-01,ALMAC,A1,ZA-APET,ZS-ALMAC,ZM-PT01,2000530,1,0
A1-15-04-01,ALMAC,A1,ZA-APET,ZS-ALMAC,ZM-PT01,2000530,1,0
A1-14-01-01,PICK,A1,ZA-PICK,ZS-PICKGRAL,ZM-PT01,2000540,1,1
A1-14-02-01,ALMAC,A1,ZA-APET,ZS-ALMAC,ZM-PT01,2000540,1,0
A1-14-03-01,ALMAC,A1,ZA-APET,ZS-ALMAC,ZM-PT01,2000540,1,0
A1-14-04-01,ALMAC,A1,ZA-APET,ZS-ALMAC,ZM-PT01,2000540,1,0
A1-13-01-01,PICK,A1,ZA-PICK,ZS-PICKGRAL,ZM-PT01,2000550,1,1
A1-13-02-01,ALMAC,A1,ZA-APET,ZS-ALMAC,ZM-PT01,2000550,1,0
A1-13-03-01,ALMAC,A1,ZA-APET,ZS-ALMAC,ZM-PT01,2000550,1,0
A1-13-04-01,ALMAC,A1,ZA-APET,ZS-ALMAC,ZM-PT01,2000550,1,0
A1-12-01-01,PICK,A1,ZA-PICK,ZS-PICKGRAL,ZM-PT01,2000560,1,1
A1-12-02-01,ALMAC,A1,ZA-APET,ZS-ALMAC,ZM-PT01,2000560,1,0
A1-12-03-01,ALMAC,A1,ZA-APET,ZS-ALMAC,ZM-PT01,2000560,1,0
A1-12-04-01,ALMAC,A1,ZA-APET,ZS-ALMAC,ZM-PT01,2000560,1,0
A1-11-01-01,PICK,A1,ZA-PICK,ZS-PICKGRAL,ZM-PT01,2000570,1,1
A1-11-02-01,ALMAC,A1,ZA-APET,ZS-ALMAC,ZM-PT01,2000570,1,0
A1-11-03-01,ALMAC,A1,ZA-APET,ZS-ALMAC,ZM-PT01,2000570,1,0
A1-11-04-01,ALMAC,A1,ZA-APET,ZS-ALMAC,ZM-PT01,2000570,1,0
A1-10-01-01,PICK,A1,ZA-PICK,ZS-PICKGRAL,ZM-PT01,2000580,1,1
A1-10-02-01,ALMAC,A1,ZA-APET,ZS-ALMAC,ZM-PT01,2000580,1,0
A1-10-03-01,ALMAC,A1,ZA-APET,ZS-ALMAC,ZM-PT01,2000580,1,0
A1-10-04-01,ALMAC,A1,ZA-APET,ZS-ALMAC,ZM-PT01,2000580,1,0
A1-09-01-01,PICK,A1,ZA-PICK,ZS-PICKGRAL,ZM-PT01,2000590,1,1
A1-09-02-01,ALMAC,A1,ZA-APET,ZS-ALMAC,ZM-PT01,2000590,1,0
A1-09-03-01,ALMAC,A1,ZA-APET,ZS-ALMAC,ZM-PT01,2000590,1,0
A1-09-04-01,ALMAC,A1,ZA-APET,ZS-ALMAC,ZM-PT01,2000590,1,0
A1-08-01-01,PICK,A1,ZA-PICK,ZS-PICKGRAL,ZM-PT01,2000600,1,1
A1-08-02-01,ALMAC,A1,ZA-APET,ZS-ALMAC,ZM-PT01,2000600,1,0
A1-08-03-01,ALMAC,A1,ZA-APET,ZS-ALMAC,ZM-PT01,2000600,1,0
A1-08-04-01,ALMAC,A1,ZA-APET,ZS-ALMAC,ZM-PT01,2000600,1,0
A1-07-01-01,PICK,A1,ZA-PICK,ZS-PICKGRAL,ZM-PT01,2000610,1,1
A1-07-02-01,ALMAC,A1,ZA-APET,ZS-ALMAC,ZM-PT01,2000610,1,0
A1-07-03-01,ALMAC,A1,ZA-APET,ZS-ALMAC,ZM-PT01,2000610,1,0
A1-07-04-01,ALMAC,A1,ZA-APET,ZS-ALMAC,ZM-PT01,2000610,1,0
A2-07-01-01,PICK,A2,ZA-PICK,ZS-PICKGRAL,ZM-PT01,2000620,1,1
A2-07-02-01,ALMAC,A2,ZA-APET,ZS-ALMAC,ZM-PT01,2000620,1,0
A2-07-03-01,ALMAC,A2,ZA-APET,ZS-ALMAC,ZM-PT01,2000620,1,0
A2-07-04-01,ALMAC,A2,ZA-APET,ZS-ALMAC,ZM-PT01,2000620,1,0
A2-08-01-01,PICK,A2,ZA-PICK,ZS-PICKGRAL,ZM-PT01,2000630,1,1
A2-08-02-01,ALMAC,A2,ZA-APET,ZS-ALMAC,ZM-PT01,2000630,1,0
A2-08-03-01,ALMAC,A2,ZA-APET,ZS-ALMAC,ZM-PT01,2000630,1,0
A2-08-04-01,ALMAC,A2,ZA-APET,ZS-ALMAC,ZM-PT01,2000630,1,0
A2-09-01-01,PICK,A2,ZA-PICK,ZS-PICKGRAL,ZM-PT01,2000640,1,1
A2-09-02-01,ALMAC,A2,ZA-APET,ZS-ALMAC,ZM-PT01,2000640,1,0
A2-09-03-01,ALMAC,A2,ZA-APET,ZS-ALMAC,ZM-PT01,2000640,1,0
A2-09-04-01,ALMAC,A2,ZA-APET,ZS-ALMAC,ZM-PT01,2000640,1,0
A2-10-01-01,PICK,A2,ZA-PICK,ZS-PICKGRAL,ZM-PT01,2000650,1,1
A2-10-02-01,ALMAC,A2,ZA-APET,ZS-ALMAC,ZM-PT01,2000650,1,0
A2-10-03-01,ALMAC,A2,ZA-APET,ZS-ALMAC,ZM-PT01,2000650,1,0
A2-10-04-01,ALMAC,A2,ZA-APET,ZS-ALMAC,ZM-PT01,2000650,1,0
A2-11-01-01,PICK,A2,ZA-PICK,ZS-PICKGRAL,ZM-PT01,2000660,1,1
A2-11-02-01,ALMAC,A2,ZA-APET,ZS-ALMAC,ZM-PT01,2000660,1,0
A2-11-03-01,ALMAC,A2,ZA-APET,ZS-ALMAC,ZM-PT01,2000660,1,0
A2-11-04-01,ALMAC,A2,ZA-APET,ZS-ALMAC,ZM-PT01,2000660,1,0
A2-12-01-01,PICK,A2,ZA-PICK,ZS-PICKGRAL,ZM-PT01,2000670,1,1
A2-12-02-01,ALMAC,A2,ZA-APET,ZS-ALMAC,ZM-PT01,2000670,1,0
A2-12-03-01,ALMAC,A2,ZA-APET,ZS-ALMAC,ZM-PT01,2000670,1,0
A2-12-04-01,ALMAC,A2,ZA-APET,ZS-ALMAC,ZM-PT01,2000670,1,0
A2-13-01-01,PICK,A2,ZA-PICK,ZS-PICKGRAL,ZM-PT01,2000680,1,1
A2-13-02-01,ALMAC,A2,ZA-APET,ZS-ALMAC,ZM-PT01,2000680,1,0
A2-13-03-01,ALMAC,A2,ZA-APET,ZS-ALMAC,ZM-PT01,2000680,1,0
A2-13-04-01,ALMAC,A2,ZA-APET,ZS-ALMAC,ZM-PT01,2000680,1,0
A2-14-01-01,PICK,A2,ZA-PICK,ZS-PICKGRAL,ZM-PT01,2000690,1,1
A2-14-02-01,ALMAC,A2,ZA-APET,ZS-ALMAC,ZM-PT01,2000690,1,0
A2-14-03-01,ALMAC,A2,ZA-APET,ZS-ALMAC,ZM-PT01,2000690,1,0
A2-14-04-01,ALMAC,A2,ZA-APET,ZS-ALMAC,ZM-PT01,2000690,1,0
A2-15-01-01,PICK,A2,ZA-PICK,ZS-PICKGRAL,ZM-PT01,2000700,1,1
A2-15-02-01,ALMAC,A2,ZA-APET,ZS-ALMAC,ZM-PT01,2000700,1,0
A2-15-03-01,ALMAC,A2,ZA-APET,ZS-ALMAC,ZM-PT01,2000700,1,0
A2-15-04-01,ALMAC,A2,ZA-APET,ZS-ALMAC,ZM-PT01,2000700,1,0
A2-16-01-01,PICK,A2,ZA-PICK,ZS-PICKGRAL,ZM-PT01,2000710,1,1
A2-16-02-01,ALMAC,A2,ZA-APET,ZS-ALMAC,ZM-PT01,2000710,1,0
A2-16-03-01,ALMAC,A2,ZA-APET,ZS-ALMAC,ZM-PT01,2000710,1,0
A2-16-04-01,ALMAC,A2,ZA-APET,ZS-ALMAC,ZM-PT01,2000710,1,0
A2-17-01-01,PICK,A2,ZA-PICK,ZS-PICKGRAL,ZM-PT01,2000720,1,1
A2-17-02-01,ALMAC,A2,ZA-APET,ZS-ALMAC,ZM-PT01,2000720,1,0
A2-17-03-01,ALMAC,A2,ZA-APET,ZS-ALMAC,ZM-PT01,2000720,1,0
A2-17-04-01,ALMAC,A2,ZA-APET,ZS-ALMAC,ZM-PT01,2000720,1,0
A2-18-01-01,PICK,A2,ZA-PICK,ZS-PICKGRAL,ZM-PT01,2000730,1,1
A2-18-02-01,ALMAC,A2,ZA-APET,ZS-ALMAC,ZM-PT01,2000730,1,0
A2-18-03-01,ALMAC,A2,ZA-APET,ZS-ALMAC,ZM-PT01,2000730,1,0
A2-18-04-01,ALMAC,A2,ZA-APET,ZS-ALMAC,ZM-PT01,2000730,1,0
A2-19-01-01,PICK,A2,ZA-PICK,ZS-PICKGRAL,ZM-PT01,2000740,1,1
A2-19-02-01,ALMAC,A2,ZA-APET,ZS-ALMAC,ZM-PT01,2000740,1,0
A2-19-03-01,ALMAC,A2,ZA-APET,ZS-ALMAC,ZM-PT01,2000740,1,0
A2-19-04-01,ALMAC,A2,ZA-APET,ZS-ALMAC,ZM-PT01,2000740,1,0
A2-20-01-01,PICK,A2,ZA-PICK,ZS-PICKGRAL,ZM-PT01,2000750,1,1
A2-20-02-01,ALMAC,A2,ZA-APET,ZS-ALMAC,ZM-PT01,2000750,1,0
A2-20-03-01,ALMAC,A2,ZA-APET,ZS-ALMAC,ZM-PT01,2000750,1,0
A2-20-04-01,ALMAC,A2,ZA-APET,ZS-ALMAC,ZM-PT01,2000750,1,0
A2-21-01-01,PICK,A2,ZA-PICK,ZS-PICKGRAL,ZM-PT01,2000760,1,1
A2-21-02-01,ALMAC,A2,ZA-APET,ZS-ALMAC,ZM-PT01,2000760,1,0
A2-21-03-01,ALMAC,A2,ZA-APET,ZS-ALMAC,ZM-PT01,2000760,1,0
A2-21-04-01,ALMAC,A2,ZA-APET,ZS-ALMAC,ZM-PT01,2000760,1,0
A2-22-01-01,PICK,A2,ZA-PICK,ZS-PICKGRAL,ZM-PT01,2000770,1,1
A2-22-02-01,ALMAC,A2,ZA-APET,ZS-ALMAC,ZM-PT01,2000770,1,0
A2-22-03-01,ALMAC,A2,ZA-APET,ZS-ALMAC,ZM-PT01,2000770,1,0
A2-22-04-01,ALMAC,A2,ZA-APET,ZS-ALMAC,ZM-PT01,2000770,1,0
A2-23-01-01,PICK,A2,ZA-PICK,ZS-PICKGRAL,ZM-PT01,2000780,1,1
A2-23-02-01,ALMAC,A2,ZA-APET,ZS-ALMAC,ZM-PT01,2000780,1,0
A2-23-03-01,ALMAC,A2,ZA-APET,ZS-ALMAC,ZM-PT01,2000780,1,0
A2-23-04-01,ALMAC,A2,ZA-APET,ZS-ALMAC,ZM-PT01,2000780,1,0
A2-24-01-01,PICK,A2,ZA-PICK,ZS-PICKGRAL,ZM-PT01,2000790,1,1
A2-24-02-01,ALMAC,A2,ZA-APET,ZS-ALMAC,ZM-PT01,2000790,1,0
A2-24-03-01,ALMAC,A2,ZA-APET,ZS-ALMAC,ZM-PT01,2000790,1,0
A2-24-04-01,ALMAC,A2,ZA-APET,ZS-ALMAC,ZM-PT01,2000790,1,0
A2-25-01-01,PICK,A2,ZA-PICK,ZS-PICKGRAL,ZM-PT01,2000800,1,1
A2-25-02-01,ALMAC,A2,ZA-APET,ZS-ALMAC,ZM-PT01,2000800,1,0
A2-25-03-01,ALMAC,A2,ZA-APET,ZS-ALMAC,ZM-PT01,2000800,1,0
A2-25-04-01,ALMAC,A2,ZA-APET,ZS-ALMAC,ZM-PT01,2000800,1,0
A2-26-01-01,PICK,A2,ZA-PICK,ZS-PICKGRAL,ZM-PT01,2000810,1,1
A2-26-02-01,ALMAC,A2,ZA-APET,ZS-ALMAC,ZM-PT01,2000810,1,0
A2-26-03-01,ALMAC,A2,ZA-APET,ZS-ALMAC,ZM-PT01,2000810,1,0
A2-26-04-01,ALMAC,A2,ZA-APET,ZS-ALMAC,ZM-PT01,2000810,1,0
A2-27-01-01,PICK,A2,ZA-PICK,ZS-PICKGRAL,ZM-PT01,2000820,1,1
A2-27-02-01,ALMAC,A2,ZA-APET,ZS-ALMAC,ZM-PT01,2000820,1,0
A2-27-03-01,ALMAC,A2,ZA-APET,ZS-ALMAC,ZM-PT01,2000820,1,0
A2-27-04-01,ALMAC,A2,ZA-APET,ZS-ALMAC,ZM-PT01,2000820,1,0
A2-28-01-01,PICK,A2,ZA-PICK,ZS-PICKGRAL,ZM-PT01,2000830,1,1
A2-28-02-01,ALMAC,A2,ZA-APET,ZS-ALMAC,ZM-PT01,2000830,1,0
A2-28-03-01,ALMAC,A2,ZA-APET,ZS-ALMAC,ZM-PT01,2000830,1,0
A2-28-04-01,ALMAC,A2,ZA-APET,ZS-ALMAC,ZM-PT01,2000830,1,0
A2-29-01-01,PICK,A2,ZA-PICK,ZS-PICKGRAL,ZM-PT01,2000840,1,1
A2-29-02-01,ALMAC,A2,ZA-APET,ZS-ALMAC,ZM-PT01,2000840,1,0
A2-29-03-01,ALMAC,A2,ZA-APET,ZS-ALMAC,ZM-PT01,2000840,1,0
A2-29-04-01,ALMAC,A2,ZA-APET,ZS-ALMAC,ZM-PT01,2000840,1,0
A2-30-01-01,PICK,A2,ZA-PICK,ZS-PICKGRAL,ZM-PT01,2000850,1,1
A2-30-02-01,ALMAC,A2,ZA-APET,ZS-ALMAC,ZM-PT01,2000850,1,0
A2-30-03-01,ALMAC,A2,ZA-APET,ZS-ALMAC,ZM-PT01,2000850,1,0
A2-30-04-01,ALMAC,A2,ZA-APET,ZS-ALMAC,ZM-PT01,2000850,1,0
A2-31-01-01,PICK,A2,ZA-PICK,ZS-PICKGRAL,ZM-PT01,2000860,1,1
A2-31-02-01,ALMAC,A2,ZA-APET,ZS-ALMAC,ZM-PT01,2000860,1,0
A2-31-03-01,ALMAC,A2,ZA-APET,ZS-ALMAC,ZM-PT01,2000860,1,0
A2-31-04-01,ALMAC,A2,ZA-APET,ZS-ALMAC,ZM-PT01,2000860,1,0
A2-32-01-01,PICK,A2,ZA-PICK,ZS-PICKGRAL,ZM-PT01,2000870,1,1
A2-32-02-01,ALMAC,A2,ZA-APET,ZS-ALMAC,ZM-PT01,2000870,1,0
A2-32-03-01,ALMAC,A2,ZA-APET,ZS-ALMAC,ZM-PT01,2000870,1,0
A2-32-04-01,ALMAC,A2,ZA-APET,ZS-ALMAC,ZM-PT01,2000870,1,0
A2-33-01-01,PICK,A2,ZA-PICK,ZS-PICKGRAL,ZM-PT01,2000880,1,1
A2-33-02-01,ALMAC,A2,ZA-APET,ZS-ALMAC,ZM-PT01,2000880,1,0
A2-33-03-01,ALMAC,A2,ZA-APET,ZS-ALMAC,ZM-PT01,2000880,1,0
A2-33-04-01,ALMAC,A2,ZA-APET,ZS-ALMAC,ZM-PT01,2000880,1,0
A2-34-01-01,PICK,A2,ZA-PICK,ZS-PICKGRAL,ZM-PT01,2000890,1,1
A2-34-02-01,ALMAC,A2,ZA-APET,ZS-ALMAC,ZM-PT01,2000890,1,0
A2-34-03-01,ALMAC,A2,ZA-APET,ZS-ALMAC,ZM-PT01,2000890,1,0
A2-34-04-01,ALMAC,A2,ZA-APET,ZS-ALMAC,ZM-PT01,2000890,1,0
A2-35-01-01,PICK,A2,ZA-PICK,ZS-PICKGRAL,ZM-PT01,2000900,1,1
A2-35-02-01,ALMAC,A2,ZA-APET,ZS-ALMAC,ZM-PT01,2000900,1,0
A2-35-03-01,ALMAC,A2,ZA-APET,ZS-ALMAC,ZM-PT01,2000900,1,0
A2-35-04-01,ALMAC,A2,ZA-APET,ZS-ALMAC,ZM-PT01,2000900,1,0
A2-36-01-01,PICK,A2,ZA-PICK,ZS-PICKGRAL,ZM-PT01,2000910,1,1
A2-36-02-01,ALMAC,A2,ZA-APET,ZS-ALMAC,ZM-PT01,2000910,1,0
A2-36-03-01,ALMAC,A2,ZA-APET,ZS-ALMAC,ZM-PT01,2000910,1,0
A2-36-04-01,ALMAC,A2,ZA-APET,ZS-ALMAC,ZM-PT01,2000910,1,0
A2-37-01-01,PICK,A2,ZA-PICK,ZS-PICKGRAL,ZM-PT01,2000920,1,1
A2-37-02-01,ALMAC,A2,ZA-APET,ZS-ALMAC,ZM-PT01,2000920,1,0
A2-37-03-01,ALMAC,A2,ZA-APET,ZS-ALMAC,ZM-PT01,2000920,1,0
A2-37-04-01,ALMAC,A2,ZA-APET,ZS-ALMAC,ZM-PT01,2000920,1,0
A2-38-01-01,PICK,A2,ZA-PICK,ZS-PICKGRAL,ZM-PT01,2000930,1,1
A2-38-02-01,ALMAC,A2,ZA-APET,ZS-ALMAC,ZM-PT01,2000930,1,0
A2-38-03-01,ALMAC,A2,ZA-APET,ZS-ALMAC,ZM-PT01,2000930,1,0
A2-38-04-01,ALMAC,A2,ZA-APET,ZS-ALMAC,ZM-PT01,2000930,1,0
A2-39-01-01,PICK,A2,ZA-PICK,ZS-PICKGRAL,ZM-PT01,2000940,1,1
A2-39-02-01,ALMAC,A2,ZA-APET,ZS-ALMAC,ZM-PT01,2000940,1,0
A2-39-03-01,ALMAC,A2,ZA-APET,ZS-ALMAC,ZM-PT01,2000940,1,0
A2-39-04-01,ALMAC,A2,ZA-APET,ZS-ALMAC,ZM-PT01,2000940,1,0
A2-40-01-01,PICK,A2,ZA-PICK,ZS-PICKGRAL,ZM-PT01,2000950,1,1
A2-40-02-01,ALMAC,A2,ZA-APET,ZS-ALMAC,ZM-PT01,2000950,1,0
A2-40-03-01,ALMAC,A2,ZA-APET,ZS-ALMAC,ZM-PT01,2000950,1,0
A2-40-04-01,ALMAC,A2,ZA-APET,ZS-ALMAC,ZM-PT01,2000950,1,0
B2-40-01-01,PICK,B2,ZA-PICK,ZS-PICKGRAL,ZM-PT01,2000960,1,1
B2-40-02-01,ALMAC,B2,ZA-APET,ZS-ALMAC,ZM-PT01,2000960,1,0
B2-40-03-01,ALMAC,B2,ZA-APET,ZS-ALMAC,ZM-PT01,2000960,1,0
B2-40-04-01,ALMAC,B2,ZA-APET,ZS-ALMAC,ZM-PT01,2000960,1,0
B2-39-01-01,PICK,B2,ZA-PICK,ZS-PICKGRAL,ZM-PT01,2000970,1,1
B2-39-02-01,ALMAC,B2,ZA-APET,ZS-ALMAC,ZM-PT01,2000970,1,0
B2-39-03-01,ALMAC,B2,ZA-APET,ZS-ALMAC,ZM-PT01,2000970,1,0
B2-39-04-01,ALMAC,B2,ZA-APET,ZS-ALMAC,ZM-PT01,2000970,1,0
B2-38-01-01,PICK,B2,ZA-PICK,ZS-PICKGRAL,ZM-PT01,2000980,1,1
B2-38-02-01,ALMAC,B2,ZA-APET,ZS-ALMAC,ZM-PT01,2000980,1,0
B2-38-03-01,ALMAC,B2,ZA-APET,ZS-ALMAC,ZM-PT01,2000980,1,0
B2-38-04-01,ALMAC,B2,ZA-APET,ZS-ALMAC,ZM-PT01,2000980,1,0
B1-40-01-01,PICK,B1,ZA-PICK,ZS-PICKGRAL,ZM-PT01,2000990,1,1
B1-40-02-01,ALMAC,B1,ZA-APET,ZS-ALMAC,ZM-PT01,2000990,1,0
B1-40-03-01,ALMAC,B1,ZA-APET,ZS-ALMAC,ZM-PT01,2000990,1,0
B1-40-04-01,ALMAC,B1,ZA-APET,ZS-ALMAC,ZM-PT01,2000990,1,0
B1-39-01-01,PICK,B1,ZA-PICK,ZS-PICKGRAL,ZM-PT01,2001000,1,1
B1-39-02-01,ALMAC,B1,ZA-APET,ZS-ALMAC,ZM-PT01,2001000,1,0
B1-39-03-01,ALMAC,B1,ZA-APET,ZS-ALMAC,ZM-PT01,2001000,1,0
B1-39-04-01,ALMAC,B1,ZA-APET,ZS-ALMAC,ZM-PT01,2001000,1,0
B1-38-01-01,PICK,B1,ZA-PICK,ZS-PICKGRAL,ZM-PT01,2001010,1,1
B1-38-02-01,ALMAC,B1,ZA-APET,ZS-ALMAC,ZM-PT01,2001010,1,0
B1-38-03-01,ALMAC,B1,ZA-APET,ZS-ALMAC,ZM-PT01,2001010,1,0
B1-38-04-01,ALMAC,B1,ZA-APET,ZS-ALMAC,ZM-PT01,2001010,1,0
B1-37-01-01,PICK,B1,ZA-PICK,ZS-PICKGRAL,ZM-PT01,2001020,1,1
B1-37-02-01,ALMAC,B1,ZA-APET,ZS-ALMAC,ZM-PT01,2001020,1,0
B1-37-03-01,ALMAC,B1,ZA-APET,ZS-ALMAC,ZM-PT01,2001020,1,0
B1-37-04-01,ALMAC,B1,ZA-APET,ZS-ALMAC,ZM-PT01,2001020,1,0
B1-36-01-01,PICK,B1,ZA-PICK,ZS-PICKGRAL,ZM-PT01,2001030,1,1
B1-36-02-01,ALMAC,B1,ZA-APET,ZS-ALMAC,ZM-PT01,2001030,1,0
B1-36-03-01,ALMAC,B1,ZA-APET,ZS-ALMAC,ZM-PT01,2001030,1,0
B1-36-04-01,ALMAC,B1,ZA-APET,ZS-ALMAC,ZM-PT01,2001030,1,0
B1-35-01-01,PICK,B1,ZA-PICK,ZS-PICKGRAL,ZM-PT01,2001040,1,1
B1-35-02-01,ALMAC,B1,ZA-APET,ZS-ALMAC,ZM-PT01,2001040,1,0
B1-35-03-01,ALMAC,B1,ZA-APET,ZS-ALMAC,ZM-PT01,2001040,1,0
B1-35-04-01,ALMAC,B1,ZA-APET,ZS-ALMAC,ZM-PT01,2001040,1,0
B1-34-01-01,PICK,B1,ZA-PICK,ZS-PICKGRAL,ZM-PT01,2001050,1,1
B1-34-02-01,ALMAC,B1,ZA-APET,ZS-ALMAC,ZM-PT01,2001050,1,0
B1-34-03-01,ALMAC,B1,ZA-APET,ZS-ALMAC,ZM-PT01,2001050,1,0
B1-34-04-01,ALMAC,B1,ZA-APET,ZS-ALMAC,ZM-PT01,2001050,1,0
B1-33-01-01,PICK,B1,ZA-PICK,ZS-PICKGRAL,ZM-PT01,2001060,1,1
B1-33-02-01,ALMAC,B1,ZA-APET,ZS-ALMAC,ZM-PT01,2001060,1,0
B1-33-03-01,ALMAC,B1,ZA-APET,ZS-ALMAC,ZM-PT01,2001060,1,0
B1-33-04-01,ALMAC,B1,ZA-APET,ZS-ALMAC,ZM-PT01,2001060,1,0
B1-32-01-01,PICK,B1,ZA-PICK,ZS-PICKGRAL,ZM-PT01,2001070,1,1
B1-32-02-01,ALMAC,B1,ZA-APET,ZS-ALMAC,ZM-PT01,2001070,1,0
B1-32-03-01,ALMAC,B1,ZA-APET,ZS-ALMAC,ZM-PT01,2001070,1,0
B1-32-04-01,ALMAC,B1,ZA-APET,ZS-ALMAC,ZM-PT01,2001070,1,0
B1-31-01-01,PICK,B1,ZA-PICK,ZS-PICKGRAL,ZM-PT01,2001080,1,1
B1-31-02-01,ALMAC,B1,ZA-APET,ZS-ALMAC,ZM-PT01,2001080,1,0
B1-31-03-01,ALMAC,B1,ZA-APET,ZS-ALMAC,ZM-PT01,2001080,1,0
B1-31-04-01,ALMAC,B1,ZA-APET,ZS-ALMAC,ZM-PT01,2001080,1,0
B1-30-01-01,PICK,B1,ZA-PICK,ZS-PICKGRAL,ZM-PT01,2001090,1,1
B1-30-02-01,ALMAC,B1,ZA-APET,ZS-ALMAC,ZM-PT01,2001090,1,0
B1-30-03-01,ALMAC,B1,ZA-APET,ZS-ALMAC,ZM-PT01,2001090,1,0
B1-30-04-01,ALMAC,B1,ZA-APET,ZS-ALMAC,ZM-PT01,2001090,1,0
B1-29-01-01,PICK,B1,ZA-PICK,ZS-PICKGRAL,ZM-PT01,2001100,1,1
B1-29-02-01,ALMAC,B1,ZA-APET,ZS-ALMAC,ZM-PT01,2001100,1,0
B1-29-03-01,ALMAC,B1,ZA-APET,ZS-ALMAC,ZM-PT01,2001100,1,0
B1-29-04-01,ALMAC,B1,ZA-APET,ZS-ALMAC,ZM-PT01,2001100,1,0
B1-28-01-01,PICK,B1,ZA-PICK,ZS-PICKGRAL,ZM-PT01,2001110,1,1
B1-28-02-01,ALMAC,B1,ZA-APET,ZS-ALMAC,ZM-PT01,2001110,1,0
B1-28-03-01,ALMAC,B1,ZA-APET,ZS-ALMAC,ZM-PT01,2001110,1,0
B1-28-04-01,ALMAC,B1,ZA-APET,ZS-ALMAC,ZM-PT01,2001110,1,0
B1-27-01-01,PICK,B1,ZA-PICK,ZS-PICKGRAL,ZM-PT01,2001120,1,1
B1-27-02-01,ALMAC,B1,ZA-APET,ZS-ALMAC,ZM-PT01,2001120,1,0
B1-27-03-01,ALMAC,B1,ZA-APET,ZS-ALMAC,ZM-PT01,2001120,1,0
B1-27-04-01,ALMAC,B1,ZA-APET,ZS-ALMAC,ZM-PT01,2001120,1,0
B1-26-01-01,PICK,B1,ZA-PICK,ZS-PICKGRAL,ZM-PT01,2001130,1,1
B1-26-02-01,ALMAC,B1,ZA-APET,ZS-ALMAC,ZM-PT01,2001130,1,0
B1-26-03-01,ALMAC,B1,ZA-APET,ZS-ALMAC,ZM-PT01,2001130,1,0
B1-26-04-01,ALMAC,B1,ZA-APET,ZS-ALMAC,ZM-PT01,2001130,1,0
B1-25-01-01,PICK,B1,ZA-PICK,ZS-PICKGRAL,ZM-PT01,2001140,1,1
B1-25-02-01,ALMAC,B1,ZA-APET,ZS-ALMAC,ZM-PT01,2001140,1,0
B1-25-03-01,ALMAC,B1,ZA-APET,ZS-ALMAC,ZM-PT01,2001140,1,0
B1-25-04-01,ALMAC,B1,ZA-APET,ZS-ALMAC,ZM-PT01,2001140,1,0
B1-24-01-01,PICK,B1,ZA-PICK,ZS-PICKGRAL,ZM-PT01,2001150,1,1
B1-24-02-01,ALMAC,B1,ZA-APET,ZS-ALMAC,ZM-PT01,2001150,1,0
B1-24-03-01,ALMAC,B1,ZA-APET,ZS-ALMAC,ZM-PT01,2001150,1,0
B1-24-04-01,ALMAC,B1,ZA-APET,ZS-ALMAC,ZM-PT01,2001150,1,0
B1-23-01-01,PICK,B1,ZA-PICK,ZS-PICKGRAL,ZM-PT01,2001160,1,1
B1-23-02-01,ALMAC,B1,ZA-APET,ZS-ALMAC,ZM-PT01,2001160,1,0
B1-23-03-01,ALMAC,B1,ZA-APET,ZS-ALMAC,ZM-PT01,2001160,1,0
B1-23-04-01,ALMAC,B1,ZA-APET,ZS-ALMAC,ZM-PT01,2001160,1,0
B1-22-01-01,PICK,B1,ZA-PICK,ZS-PICKGRAL,ZM-PT01,2001170,1,1
B1-22-02-01,ALMAC,B1,ZA-APET,ZS-ALMAC,ZM-PT01,2001170,1,0
B1-22-03-01,ALMAC,B1,ZA-APET,ZS-ALMAC,ZM-PT01,2001170,1,0
B1-22-04-01,ALMAC,B1,ZA-APET,ZS-ALMAC,ZM-PT01,2001170,1,0
B1-21-01-01,PICK,B1,ZA-PICK,ZS-PICKGRAL,ZM-PT01,2001180,1,1
B1-21-02-01,ALMAC,B1,ZA-APET,ZS-ALMAC,ZM-PT01,2001180,1,0
B1-21-03-01,ALMAC,B1,ZA-APET,ZS-ALMAC,ZM-PT01,2001180,1,0
B1-21-04-01,ALMAC,B1,ZA-APET,ZS-ALMAC,ZM-PT01,2001180,1,0
B1-20-01-01,PICK,B1,ZA-PICK,ZS-PICKGRAL,ZM-PT01,2001190,1,1
B1-20-02-01,ALMAC,B1,ZA-APET,ZS-ALMAC,ZM-PT01,2001190,1,0
B1-20-03-01,ALMAC,B1,ZA-APET,ZS-ALMAC,ZM-PT01,2001190,1,0
B1-20-04-01,ALMAC,B1,ZA-APET,ZS-ALMAC,ZM-PT01,2001190,1,0
B1-19-01-01,PICK,B1,ZA-PICK,ZS-PICKGRAL,ZM-PT01,2001200,1,1
B1-19-02-01,ALMAC,B1,ZA-APET,ZS-ALMAC,ZM-PT01,2001200,1,0
B1-19-03-01,ALMAC,B1,ZA-APET,ZS-ALMAC,ZM-PT01,2001200,1,0
B1-19-04-01,ALMAC,B1,ZA-APET,ZS-ALMAC,ZM-PT01,2001200,1,0
B1-18-01-01,PICK,B1,ZA-PICK,ZS-PICKGRAL,ZM-PT01,2001210,1,1
B1-18-02-01,ALMAC,B1,ZA-APET,ZS-ALMAC,ZM-PT01,2001210,1,0
B1-18-03-01,ALMAC,B1,ZA-APET,ZS-ALMAC,ZM-PT01,2001210,1,0
B1-18-04-01,ALMAC,B1,ZA-APET,ZS-ALMAC,ZM-PT01,2001210,1,0
B1-17-01-01,PICK,B1,ZA-PICK,ZS-PICKGRAL,ZM-PT01,2001220,1,1
B1-17-02-01,ALMAC,B1,ZA-APET,ZS-ALMAC,ZM-PT01,2001220,1,0
B1-17-03-01,ALMAC,B1,ZA-APET,ZS-ALMAC,ZM-PT01,2001220,1,0
B1-17-04-01,ALMAC,B1,ZA-APET,ZS-ALMAC,ZM-PT01,2001220,1,0
B1-16-01-01,PICK,B1,ZA-PICK,ZS-PICKGRAL,ZM-PT01,2001230,1,1
B1-16-02-01,ALMAC,B1,ZA-APET,ZS-ALMAC,ZM-PT01,2001230,1,0
B1-16-03-01,ALMAC,B1,ZA-APET,ZS-ALMAC,ZM-PT01,2001230,1,0
B1-16-04-01,ALMAC,B1,ZA-APET,ZS-ALMAC,ZM-PT01,2001230,1,0
B1-15-01-01,PICK,B1,ZA-PICK,ZS-PICKGRAL,ZM-PT01,2001240,1,1
B1-15-02-01,ALMAC,B1,ZA-APET,ZS-ALMAC,ZM-PT01,2001240,1,0
B1-15-03-01,ALMAC,B1,ZA-APET,ZS-ALMAC,ZM-PT01,2001240,1,0
B1-15-04-01,ALMAC,B1,ZA-APET,ZS-ALMAC,ZM-PT01,2001240,1,0
B1-14-01-01,PICK,B1,ZA-PICK,ZS-PICKGRAL,ZM-PT01,2001250,1,1
B1-14-02-01,ALMAC,B1,ZA-APET,ZS-ALMAC,ZM-PT01,2001250,1,0
B1-14-03-01,ALMAC,B1,ZA-APET,ZS-ALMAC,ZM-PT01,2001250,1,0
B1-14-04-01,ALMAC,B1,ZA-APET,ZS-ALMAC,ZM-PT01,2001250,1,0
B1-13-01-01,PICK,B1,ZA-PICK,ZS-PICKGRAL,ZM-PT01,2001260,1,1
B1-13-02-01,ALMAC,B1,ZA-APET,ZS-ALMAC,ZM-PT01,2001260,1,0
B1-13-03-01,ALMAC,B1,ZA-APET,ZS-ALMAC,ZM-PT01,2001260,1,0
B1-13-04-01,ALMAC,B1,ZA-APET,ZS-ALMAC,ZM-PT01,2001260,1,0
B1-12-01-01,PICK,B1,ZA-PICK,ZS-PICKGRAL,ZM-PT01,2001270,1,1
B1-12-02-01,ALMAC,B1,ZA-APET,ZS-ALMAC,ZM-PT01,2001270,1,0
B1-12-03-01,ALMAC,B1,ZA-APET,ZS-ALMAC,ZM-PT01,2001270,1,0
B1-12-04-01,ALMAC,B1,ZA-APET,ZS-ALMAC,ZM-PT01,2001270,1,0
B1-11-01-01,PICK,B1,ZA-PICK,ZS-PICKGRAL,ZM-PT01,2001280,1,1
B1-11-02-01,ALMAC,B1,ZA-APET,ZS-ALMAC,ZM-PT01,2001280,1,0
B1-11-03-01,ALMAC,B1,ZA-APET,ZS-ALMAC,ZM-PT01,2001280,1,0
B1-11-04-01,ALMAC,B1,ZA-APET,ZS-ALMAC,ZM-PT01,2001280,1,0
B1-10-01-01,PICK,B1,ZA-PICK,ZS-PICKGRAL,ZM-PT01,2001290,1,1
B1-10-02-01,ALMAC,B1,ZA-APET,ZS-ALMAC,ZM-PT01,2001290,1,0
B1-10-03-01,ALMAC,B1,ZA-APET,ZS-ALMAC,ZM-PT01,2001290,1,0
B1-10-04-01,ALMAC,B1,ZA-APET,ZS-ALMAC,ZM-PT01,2001290,1,0
B1-09-01-01,PICK,B1,ZA-PICK,ZS-PICKGRAL,ZM-PT01,2001300,1,1
B1-09-02-01,ALMAC,B1,ZA-APET,ZS-ALMAC,ZM-PT01,2001300,1,0
B1-09-03-01,ALMAC,B1,ZA-APET,ZS-ALMAC,ZM-PT01,2001300,1,0
B1-09-04-01,ALMAC,B1,ZA-APET,ZS-ALMAC,ZM-PT01,2001300,1,0
B1-08-01-01,PICK,B1,ZA-PICK,ZS-PICKGRAL,ZM-PT01,2001310,1,1
B1-08-02-01,ALMAC,B1,ZA-APET,ZS-ALMAC,ZM-PT01,2001310,1,0
B1-08-03-01,ALMAC,B1,ZA-APET,ZS-ALMAC,ZM-PT01,2001310,1,0
B1-08-04-01,ALMAC,B1,ZA-APET,ZS-ALMAC,ZM-PT01,2001310,1,0
B1-07-01-01,PICK,B1,ZA-PICK,ZS-PICKGRAL,ZM-PT01,2001320,1,1
B1-07-02-01,ALMAC,B1,ZA-APET,ZS-ALMAC,ZM-PT01,2001320,1,0
B1-07-03-01,ALMAC,B1,ZA-APET,ZS-ALMAC,ZM-PT01,2001320,1,0
B1-07-04-01,ALMAC,B1,ZA-APET,ZS-ALMAC,ZM-PT01,2001320,1,0
B2-07-01-01,PICK,B2,ZA-PICK,ZS-PICKGRAL,ZM-PT01,3000100,1,1
B2-07-02-01,ALMAC,B2,ZA-AVAR,ZS-ALMAC,ZM-PT01,3000100,1,0
B2-07-03-01,ALMAC,B2,ZA-AVAR,ZS-ALMAC,ZM-PT01,3000100,1,0
B2-07-04-01,ALMAC,B2,ZA-AVAR,ZS-ALMAC,ZM-PT01,3000100,1,0
B2-08-01-01,PICK,B2,ZA-PICK,ZS-PICKGRAL,ZM-PT01,3000110,1,1
B2-08-02-01,ALMAC,B2,ZA-AVAR,ZS-ALMAC,ZM-PT01,3000110,1,0
B2-08-03-01,ALMAC,B2,ZA-AVAR,ZS-ALMAC,ZM-PT01,3000110,1,0
B2-08-04-01,ALMAC,B2,ZA-AVAR,ZS-ALMAC,ZM-PT01,3000110,1,0
B2-09-01-01,PICK,B2,ZA-PICK,ZS-PICKGRAL,ZM-PT01,3000120,1,1
B2-09-02-01,ALMAC,B2,ZA-AVAR,ZS-ALMAC,ZM-PT01,3000120,1,0
B2-09-03-01,ALMAC,B2,ZA-AVAR,ZS-ALMAC,ZM-PT01,3000120,1,0
B2-09-04-01,ALMAC,B2,ZA-AVAR,ZS-ALMAC,ZM-PT01,3000120,1,0
B2-10-01-01,PICK,B2,ZA-PICK,ZS-PICKGRAL,ZM-PT01,3000130,1,1
B2-10-02-01,ALMAC,B2,ZA-AVAR,ZS-ALMAC,ZM-PT01,3000130,1,0
B2-10-03-01,ALMAC,B2,ZA-AVAR,ZS-ALMAC,ZM-PT01,3000130,1,0
B2-10-04-01,ALMAC,B2,ZA-AVAR,ZS-ALMAC,ZM-PT01,3000130,1,0
B2-11-01-01,PICK,B2,ZA-PICK,ZS-PICKGRAL,ZM-PT01,3000140,1,1
B2-11-02-01,ALMAC,B2,ZA-AVAR,ZS-ALMAC,ZM-PT01,3000140,1,0
B2-11-03-01,ALMAC,B2,ZA-AVAR,ZS-ALMAC,ZM-PT01,3000140,1,0
B2-11-04-01,ALMAC,B2,ZA-AVAR,ZS-ALMAC,ZM-PT01,3000140,1,0
B2-12-01-01,PICK,B2,ZA-PICK,ZS-PICKGRAL,ZM-PT01,3000150,1,1
B2-12-02-01,ALMAC,B2,ZA-AVAR,ZS-ALMAC,ZM-PT01,3000150,1,0
B2-12-03-01,ALMAC,B2,ZA-AVAR,ZS-ALMAC,ZM-PT01,3000150,1,0
B2-12-04-01,ALMAC,B2,ZA-AVAR,ZS-ALMAC,ZM-PT01,3000150,1,0
B2-13-01-01,PICK,B2,ZA-PICK,ZS-PICKGRAL,ZM-PT01,3000160,1,1
B2-13-02-01,ALMAC,B2,ZA-AVAR,ZS-ALMAC,ZM-PT01,3000160,1,0
B2-13-03-01,ALMAC,B2,ZA-AVAR,ZS-ALMAC,ZM-PT01,3000160,1,0
B2-13-04-01,ALMAC,B2,ZA-AVAR,ZS-ALMAC,ZM-PT01,3000160,1,0
B2-14-01-01,PICK,B2,ZA-PICK,ZS-PICKGRAL,ZM-PT01,3000170,1,1
B2-14-02-01,ALMAC,B2,ZA-AVAR,ZS-ALMAC,ZM-PT01,3000170,1,0
B2-14-03-01,ALMAC,B2,ZA-AVAR,ZS-ALMAC,ZM-PT01,3000170,1,0
B2-14-04-01,ALMAC,B2,ZA-AVAR,ZS-ALMAC,ZM-PT01,3000170,1,0
B2-15-01-01,PICK,B2,ZA-PICK,ZS-PICKGRAL,ZM-PT01,3000180,1,1
B2-15-02-01,ALMAC,B2,ZA-AVAR,ZS-ALMAC,ZM-PT01,3000180,1,0
B2-15-03-01,ALMAC,B2,ZA-AVAR,ZS-ALMAC,ZM-PT01,3000180,1,0
B2-15-04-01,ALMAC,B2,ZA-AVAR,ZS-ALMAC,ZM-PT01,3000180,1,0
B2-16-01-01,PICK,B2,ZA-PICK,ZS-PICKGRAL,ZM-PT01,3000190,1,1
B2-16-02-01,ALMAC,B2,ZA-AVAR,ZS-ALMAC,ZM-PT01,3000190,1,0
B2-16-03-01,ALMAC,B2,ZA-AVAR,ZS-ALMAC,ZM-PT01,3000190,1,0
B2-16-04-01,ALMAC,B2,ZA-AVAR,ZS-ALMAC,ZM-PT01,3000190,1,0
B2-17-01-01,PICK,B2,ZA-PICK,ZS-PICKGRAL,ZM-PT01,3000200,1,1
B2-17-02-01,ALMAC,B2,ZA-AVAR,ZS-ALMAC,ZM-PT01,3000200,1,0
B2-17-03-01,ALMAC,B2,ZA-AVAR,ZS-ALMAC,ZM-PT01,3000200,1,0
B2-17-04-01,ALMAC,B2,ZA-AVAR,ZS-ALMAC,ZM-PT01,3000200,1,0
B2-18-01-01,PICK,B2,ZA-PICK,ZS-PICKGRAL,ZM-PT01,3000210,1,1
B2-18-02-01,ALMAC,B2,ZA-AVAR,ZS-ALMAC,ZM-PT01,3000210,1,0
B2-18-03-01,ALMAC,B2,ZA-AVAR,ZS-ALMAC,ZM-PT01,3000210,1,0
B2-18-04-01,ALMAC,B2,ZA-AVAR,ZS-ALMAC,ZM-PT01,3000210,1,0
B2-19-01-01,PICK,B2,ZA-PICK,ZS-PICKGRAL,ZM-PT01,3000220,1,1
B2-19-02-01,ALMAC,B2,ZA-AVAR,ZS-ALMAC,ZM-PT01,3000220,1,0
B2-19-03-01,ALMAC,B2,ZA-AVAR,ZS-ALMAC,ZM-PT01,3000220,1,0
B2-19-04-01,ALMAC,B2,ZA-AVAR,ZS-ALMAC,ZM-PT01,3000220,1,0
B2-20-01-01,PICK,B2,ZA-PICK,ZS-PICKGRAL,ZM-PT01,3000230,1,1
B2-20-02-01,ALMAC,B2,ZA-AVAR,ZS-ALMAC,ZM-PT01,3000230,1,0
B2-20-03-01,ALMAC,B2,ZA-AVAR,ZS-ALMAC,ZM-PT01,3000230,1,0
B2-20-04-01,ALMAC,B2,ZA-AVAR,ZS-ALMAC,ZM-PT01,3000230,1,0
B2-21-01-01,PICK,B2,ZA-PICK,ZS-PICKGRAL,ZM-PT01,3000240,1,1
B2-21-02-01,ALMAC,B2,ZA-AVAR,ZS-ALMAC,ZM-PT01,3000240,1,0
B2-21-03-01,ALMAC,B2,ZA-AVAR,ZS-ALMAC,ZM-PT01,3000240,1,0
B2-21-04-01,ALMAC,B2,ZA-AVAR,ZS-ALMAC,ZM-PT01,3000240,1,0
B2-22-01-01,PICK,B2,ZA-PICK,ZS-PICKGRAL,ZM-PT01,3000250,1,1
B2-22-02-01,ALMAC,B2,ZA-AVAR,ZS-ALMAC,ZM-PT01,3000250,1,0
B2-22-03-01,ALMAC,B2,ZA-AVAR,ZS-ALMAC,ZM-PT01,3000250,1,0
B2-22-04-01,ALMAC,B2,ZA-AVAR,ZS-ALMAC,ZM-PT01,3000250,1,0
B2-23-01-01,PICK,B2,ZA-PICK,ZS-PICKGRAL,ZM-PT01,3000260,1,1
B2-23-02-01,ALMAC,B2,ZA-AVAR,ZS-ALMAC,ZM-PT01,3000260,1,0
B2-23-03-01,ALMAC,B2,ZA-AVAR,ZS-ALMAC,ZM-PT01,3000260,1,0
B2-23-04-01,ALMAC,B2,ZA-AVAR,ZS-ALMAC,ZM-PT01,3000260,1,0
B2-24-01-01,PICK,B2,ZA-PICK,ZS-PICKGRAL,ZM-PT01,3000270,1,1
B2-24-02-01,ALMAC,B2,ZA-AVAR,ZS-ALMAC,ZM-PT01,3000270,1,0
B2-24-03-01,ALMAC,B2,ZA-AVAR,ZS-ALMAC,ZM-PT01,3000270,1,0
B2-24-04-01,ALMAC,B2,ZA-AVAR,ZS-ALMAC,ZM-PT01,3000270,1,0
B2-25-01-01,PICK,B2,ZA-PICK,ZS-PICKGRAL,ZM-PT01,3000280,1,1
B2-25-02-01,ALMAC,B2,ZA-AVAR,ZS-ALMAC,ZM-PT01,3000280,1,0
B2-25-03-01,ALMAC,B2,ZA-AVAR,ZS-ALMAC,ZM-PT01,3000280,1,0
B2-25-04-01,ALMAC,B2,ZA-AVAR,ZS-ALMAC,ZM-PT01,3000280,1,0
B2-26-01-01,PICK,B2,ZA-PICK,ZS-PICKGRAL,ZM-PT01,3000290,1,1
B2-26-02-01,ALMAC,B2,ZA-AVAR,ZS-ALMAC,ZM-PT01,3000290,1,0
B2-26-03-01,ALMAC,B2,ZA-AVAR,ZS-ALMAC,ZM-PT01,3000290,1,0
B2-26-04-01,ALMAC,B2,ZA-AVAR,ZS-ALMAC,ZM-PT01,3000290,1,0
B2-27-01-01,PICK,B2,ZA-PICK,ZS-PICKGRAL,ZM-PT01,3000300,1,1
B2-27-02-01,ALMAC,B2,ZA-AVAR,ZS-ALMAC,ZM-PT01,3000300,1,0
B2-27-03-01,ALMAC,B2,ZA-AVAR,ZS-ALMAC,ZM-PT01,3000300,1,0
B2-27-04-01,ALMAC,B2,ZA-AVAR,ZS-ALMAC,ZM-PT01,3000300,1,0
B2-28-01-01,PICK,B2,ZA-PICK,ZS-PICKGRAL,ZM-PT01,3000310,1,1
B2-28-02-01,ALMAC,B2,ZA-AVAR,ZS-ALMAC,ZM-PT01,3000310,1,0
B2-28-03-01,ALMAC,B2,ZA-AVAR,ZS-ALMAC,ZM-PT01,3000310,1,0
B2-28-04-01,ALMAC,B2,ZA-AVAR,ZS-ALMAC,ZM-PT01,3000310,1,0
B2-29-01-01,PICK,B2,ZA-PICK,ZS-PICKGRAL,ZM-PT01,3000320,1,1
B2-29-02-01,ALMAC,B2,ZA-AVAR,ZS-ALMAC,ZM-PT01,3000320,1,0
B2-29-03-01,ALMAC,B2,ZA-AVAR,ZS-ALMAC,ZM-PT01,3000320,1,0
B2-29-04-01,ALMAC,B2,ZA-AVAR,ZS-ALMAC,ZM-PT01,3000320,1,0
B2-30-01-01,PICK,B2,ZA-PICK,ZS-PICKGRAL,ZM-PT01,3000330,1,1
B2-30-02-01,ALMAC,B2,ZA-AVAR,ZS-ALMAC,ZM-PT01,3000330,1,0
B2-30-03-01,ALMAC,B2,ZA-AVAR,ZS-ALMAC,ZM-PT01,3000330,1,0
B2-30-04-01,ALMAC,B2,ZA-AVAR,ZS-ALMAC,ZM-PT01,3000330,1,0
B2-31-01-01,PICK,B2,ZA-PICK,ZS-PICKGRAL,ZM-PT01,3000340,1,1
B2-31-02-01,ALMAC,B2,ZA-AVAR,ZS-ALMAC,ZM-PT01,3000340,1,0
B2-31-03-01,ALMAC,B2,ZA-AVAR,ZS-ALMAC,ZM-PT01,3000340,1,0
B2-31-04-01,ALMAC,B2,ZA-AVAR,ZS-ALMAC,ZM-PT01,3000340,1,0
B2-32-01-01,PICK,B2,ZA-PICK,ZS-PICKGRAL,ZM-PT01,3000350,1,1
B2-32-02-01,ALMAC,B2,ZA-AVAR,ZS-ALMAC,ZM-PT01,3000350,1,0
B2-32-03-01,ALMAC,B2,ZA-AVAR,ZS-ALMAC,ZM-PT01,3000350,1,0
B2-32-04-01,ALMAC,B2,ZA-AVAR,ZS-ALMAC,ZM-PT01,3000350,1,0
B2-33-01-01,PICK,B2,ZA-PICK,ZS-PICKGRAL,ZM-PT01,3000360,1,1
B2-33-02-01,ALMAC,B2,ZA-AVAR,ZS-ALMAC,ZM-PT01,3000360,1,0
B2-33-03-01,ALMAC,B2,ZA-AVAR,ZS-ALMAC,ZM-PT01,3000360,1,0
B2-33-04-01,ALMAC,B2,ZA-AVAR,ZS-ALMAC,ZM-PT01,3000360,1,0
B2-34-01-01,PICK,B2,ZA-PICK,ZS-PICKGRAL,ZM-PT01,3000370,1,1
B2-34-02-01,ALMAC,B2,ZA-AVAR,ZS-ALMAC,ZM-PT01,3000370,1,0
B2-34-03-01,ALMAC,B2,ZA-AVAR,ZS-ALMAC,ZM-PT01,3000370,1,0
B2-34-04-01,ALMAC,B2,ZA-AVAR,ZS-ALMAC,ZM-PT01,3000370,1,0
B2-35-01-01,PICK,B2,ZA-PICK,ZS-PICKGRAL,ZM-PT01,3000380,1,1
B2-35-02-01,ALMAC,B2,ZA-AVAR,ZS-ALMAC,ZM-PT01,3000380,1,0
B2-35-03-01,ALMAC,B2,ZA-AVAR,ZS-ALMAC,ZM-PT01,3000380,1,0
B2-35-04-01,ALMAC,B2,ZA-AVAR,ZS-ALMAC,ZM-PT01,3000380,1,0
B2-35-01-02,PICK,B2,ZA-PICK,ZS-PICKGRAL,ZM-PT01,3000390,1,1
B2-36-01-01,PICK,B2,ZA-PICK,ZS-PICKGRAL,ZM-PT01,3000400,1,1
B2-36-02-01,ALMAC,B2,ZA-AVAR,ZS-ALMAC,ZM-PT01,3000400,1,0
B2-36-03-01,ALMAC,B2,ZA-AVAR,ZS-ALMAC,ZM-PT01,3000400,1,0
B2-36-04-01,ALMAC,B2,ZA-AVAR,ZS-ALMAC,ZM-PT01,3000400,1,0
B2-36-01-02,PICK,B2,ZA-PICK,ZS-PICKGRAL,ZM-PT01,3000410,1,1
B2-37-01-01,PICK,B2,ZA-PICK,ZS-PICKGRAL,ZM-PT01,3000420,1,1
B2-37-02-01,ALMAC,B2,ZA-AVAR,ZS-ALMAC,ZM-PT01,3000420,1,0
B2-37-03-01,ALMAC,B2,ZA-AVAR,ZS-ALMAC,ZM-PT01,3000420,1,0
B2-37-04-01,ALMAC,B2,ZA-AVAR,ZS-ALMAC,ZM-PT01,3000420,1,0
B2-37-01-02,PICK,B2,ZA-PICK,ZS-PICKGRAL,ZM-PT01,3000430,1,1
C1-40-01-02,PICK,C1,ZA-PICK,ZS-PICKGRAL,ZM-PT01CJ,3000440,1,1
C1-40-02-01,ALMAC,C1,ZA-AVAR,ZS-ALMAC,ZM-PT01,3000440,1,0
C1-40-01-01,PICK,C1,ZA-PICK,ZS-PICKGRAL,ZM-PT01CJ,3000450,1,1
C1-40-03-01,ALMAC,C1,ZA-AVAR,ZS-ALMAC,ZM-PT01,3000450,1,0
C1-40-04-01,ALMAC,C1,ZA-AVAR,ZS-ALMAC,ZM-PT01,3000450,1,0
C1-39-01-02,PICK,C1,ZA-PICK,ZS-PICKGRAL,ZM-PT01CJ,3000460,1,1
C1-39-02-01,ALMAC,C1,ZA-AVAR,ZS-ALMAC,ZM-PT01,3000460,1,0
C1-39-01-01,PICK,C1,ZA-PICK,ZS-PICKGRAL,ZM-PT01CJ,3000470,1,1
C1-39-03-01,ALMAC,C1,ZA-AVAR,ZS-ALMAC,ZM-PT01,3000470,1,0
C1-39-04-01,ALMAC,C1,ZA-AVAR,ZS-ALMAC,ZM-PT01,3000470,1,0
C1-38-01-02,PICK,C1,ZA-PICK,ZS-PICKGRAL,ZM-PT01CJ,3000480,1,1
C1-38-02-01,ALMAC,C1,ZA-AVAR,ZS-ALMAC,ZM-PT01,3000480,1,0
C1-38-01-01,PICK,C1,ZA-PICK,ZS-PICKGRAL,ZM-PT01CJ,3000490,1,1
C1-38-03-01,ALMAC,C1,ZA-AVAR,ZS-ALMAC,ZM-PT01,3000490,1,0
C1-38-04-01,ALMAC,C1,ZA-AVAR,ZS-ALMAC,ZM-PT01,3000490,1,0
C1-37-01-02,PICK,C1,ZA-PICK,ZS-PICKGRAL,ZM-PT01CJ,3000500,1,1
C1-37-02-01,ALMAC,C1,ZA-AVAR,ZS-ALMAC,ZM-PT01,3000500,1,0
C1-37-01-01,PICK,C1,ZA-PICK,ZS-PICKGRAL,ZM-PT01CJ,3000510,1,1
C1-37-03-01,ALMAC,C1,ZA-AVAR,ZS-ALMAC,ZM-PT01,3000510,1,0
C1-37-04-01,ALMAC,C1,ZA-AVAR,ZS-ALMAC,ZM-PT01,3000510,1,0
C1-36-01-01,PICK,C1,ZA-PICK,ZS-PICKGRAL,ZM-PT01,3000520,1,1
C1-36-02-01,ALMAC,C1,ZA-AVAR,ZS-ALMAC,ZM-PT01,3000520,1,0
C1-36-03-01,ALMAC,C1,ZA-AVAR,ZS-ALMAC,ZM-PT01,3000520,1,0
C1-36-04-01,ALMAC,C1,ZA-AVAR,ZS-ALMAC,ZM-PT01,3000520,1,0
C1-35-01-01,PICK,C1,ZA-PICK,ZS-PICKGRAL,ZM-PT01,3000530,1,1
C1-35-02-01,ALMAC,C1,ZA-AVAR,ZS-ALMAC,ZM-PT01,3000530,1,0
C1-35-03-01,ALMAC,C1,ZA-AVAR,ZS-ALMAC,ZM-PT01,3000530,1,0
C1-35-04-01,ALMAC,C1,ZA-AVAR,ZS-ALMAC,ZM-PT01,3000530,1,0
C1-34-01-01,PICK,C1,ZA-PICK,ZS-PICKGRAL,ZM-PT01,3000540,1,1
C1-34-02-01,ALMAC,C1,ZA-AVAR,ZS-ALMAC,ZM-PT01,3000540,1,0
C1-34-03-01,ALMAC,C1,ZA-AVAR,ZS-ALMAC,ZM-PT01,3000540,1,0
C1-34-04-01,ALMAC,C1,ZA-AVAR,ZS-ALMAC,ZM-PT01,3000540,1,0
C1-33-01-01,PICK,C1,ZA-PICK,ZS-PICKGRAL,ZM-PT01,3000550,1,1
C1-33-02-01,ALMAC,C1,ZA-AVAR,ZS-ALMAC,ZM-PT01,3000550,1,0
C1-33-03-01,ALMAC,C1,ZA-AVAR,ZS-ALMAC,ZM-PT01,3000550,1,0
C1-33-04-01,ALMAC,C1,ZA-AVAR,ZS-ALMAC,ZM-PT01,3000550,1,0
C1-32-01-01,PICK,C1,ZA-PICK,ZS-PICKGRAL,ZM-PT01,3000560,1,1
C1-32-02-01,ALMAC,C1,ZA-AVAR,ZS-ALMAC,ZM-PT01,3000560,1,0
C1-32-03-01,ALMAC,C1,ZA-AVAR,ZS-ALMAC,ZM-PT01,3000560,1,0
C1-32-04-01,ALMAC,C1,ZA-AVAR,ZS-ALMAC,ZM-PT01,3000560,1,0
C1-31-01-01,PICK,C1,ZA-PICK,ZS-PICKGRAL,ZM-PT01,3000570,1,1
C1-31-02-01,ALMAC,C1,ZA-AVAR,ZS-ALMAC,ZM-PT01,3000570,1,0
C1-31-03-01,ALMAC,C1,ZA-AVAR,ZS-ALMAC,ZM-PT01,3000570,1,0
C1-31-04-01,ALMAC,C1,ZA-AVAR,ZS-ALMAC,ZM-PT01,3000570,1,0
C1-30-01-01,PICK,C1,ZA-PICK,ZS-PICKGRAL,ZM-PT01,3000580,1,1
C1-30-02-01,ALMAC,C1,ZA-AVAR,ZS-ALMAC,ZM-PT01,3000580,1,0
C1-30-03-01,ALMAC,C1,ZA-AVAR,ZS-ALMAC,ZM-PT01,3000580,1,0
C1-30-04-01,ALMAC,C1,ZA-AVAR,ZS-ALMAC,ZM-PT01,3000580,1,0
C1-29-01-01,PICK,C1,ZA-PICK,ZS-PICKGRAL,ZM-PT01,3000590,1,1
C1-29-02-01,ALMAC,C1,ZA-AVAR,ZS-ALMAC,ZM-PT01,3000590,1,0
C1-29-03-01,ALMAC,C1,ZA-AVAR,ZS-ALMAC,ZM-PT01,3000590,1,0
C1-29-04-01,ALMAC,C1,ZA-AVAR,ZS-ALMAC,ZM-PT01,3000590,1,0
C1-28-01-01,PICK,C1,ZA-PICK,ZS-PICKGRAL,ZM-PT01,3000600,1,1
C1-28-02-01,ALMAC,C1,ZA-AVAR,ZS-ALMAC,ZM-PT01,3000600,1,0
C1-28-03-01,ALMAC,C1,ZA-AVAR,ZS-ALMAC,ZM-PT01,3000600,1,0
C1-28-04-01,ALMAC,C1,ZA-AVAR,ZS-ALMAC,ZM-PT01,3000600,1,0
C1-27-01-01,PICK,C1,ZA-PICK,ZS-PICKGRAL,ZM-PT01,3000610,1,1
C1-27-02-01,ALMAC,C1,ZA-AVAR,ZS-ALMAC,ZM-PT01,3000610,1,0
C1-27-03-01,ALMAC,C1,ZA-AVAR,ZS-ALMAC,ZM-PT01,3000610,1,0
C1-27-04-01,ALMAC,C1,ZA-AVAR,ZS-ALMAC,ZM-PT01,3000610,1,0
C1-26-01-01,PICK,C1,ZA-PICK,ZS-PICKGRAL,ZM-PT01,3000620,1,1
C1-26-02-01,ALMAC,C1,ZA-AVAR,ZS-ALMAC,ZM-PT01,3000620,1,0
C1-26-03-01,ALMAC,C1,ZA-AVAR,ZS-ALMAC,ZM-PT01,3000620,1,0
C1-26-04-01,ALMAC,C1,ZA-AVAR,ZS-ALMAC,ZM-PT01,3000620,1,0
C1-25-01-01,PICK,C1,ZA-PICK,ZS-PICKGRAL,ZM-PT01,3000630,1,1
C1-25-02-01,ALMAC,C1,ZA-AVAR,ZS-ALMAC,ZM-PT01,3000630,1,0
C1-25-03-01,ALMAC,C1,ZA-AVAR,ZS-ALMAC,ZM-PT01,3000630,1,0
C1-25-04-01,ALMAC,C1,ZA-AVAR,ZS-ALMAC,ZM-PT01,3000630,1,0
C1-24-01-01,PICK,C1,ZA-PICK,ZS-PICKGRAL,ZM-PT01,3000640,1,1
C1-24-02-01,ALMAC,C1,ZA-AVAR,ZS-ALMAC,ZM-PT01,3000640,1,0
C1-24-03-01,ALMAC,C1,ZA-AVAR,ZS-ALMAC,ZM-PT01,3000640,1,0
C1-24-04-01,ALMAC,C1,ZA-AVAR,ZS-ALMAC,ZM-PT01,3000640,1,0
C1-23-01-01,PICK,C1,ZA-PICK,ZS-PICKGRAL,ZM-PT01,3000650,1,1
C1-23-02-01,ALMAC,C1,ZA-AVAR,ZS-ALMAC,ZM-PT01,3000650,1,0
C1-23-03-01,ALMAC,C1,ZA-AVAR,ZS-ALMAC,ZM-PT01,3000650,1,0
C1-23-04-01,ALMAC,C1,ZA-AVAR,ZS-ALMAC,ZM-PT01,3000650,1,0
C1-22-01-01,PICK,C1,ZA-PICK,ZS-PICKGRAL,ZM-PT01,3000660,1,1
C1-22-02-01,ALMAC,C1,ZA-AVAR,ZS-ALMAC,ZM-PT01,3000660,1,0
C1-22-03-01,ALMAC,C1,ZA-AVAR,ZS-ALMAC,ZM-PT01,3000660,1,0
C1-22-04-01,ALMAC,C1,ZA-AVAR,ZS-ALMAC,ZM-PT01,3000660,1,0
C1-21-01-01,PICK,C1,ZA-PICK,ZS-PICKGRAL,ZM-PT01,3000670,1,1
C1-21-02-01,ALMAC,C1,ZA-AVAR,ZS-ALMAC,ZM-PT01,3000670,1,0
C1-21-03-01,ALMAC,C1,ZA-AVAR,ZS-ALMAC,ZM-PT01,3000670,1,0
C1-21-04-01,ALMAC,C1,ZA-AVAR,ZS-ALMAC,ZM-PT01,3000670,1,0
C1-20-01-01,PICK,C1,ZA-PICK,ZS-PICKGRAL,ZM-PT01,3000680,1,1
C1-20-02-01,ALMAC,C1,ZA-AVAR,ZS-ALMAC,ZM-PT01,3000680,1,0
C1-20-03-01,ALMAC,C1,ZA-AVAR,ZS-ALMAC,ZM-PT01,3000680,1,0
C1-20-04-01,ALMAC,C1,ZA-AVAR,ZS-ALMAC,ZM-PT01,3000680,1,0
C1-19-01-01,PICK,C1,ZA-PICK,ZS-PICKGRAL,ZM-PT01,3000690,1,1
C1-19-02-01,ALMAC,C1,ZA-AVAR,ZS-ALMAC,ZM-PT01,3000690,1,0
C1-19-03-01,ALMAC,C1,ZA-AVAR,ZS-ALMAC,ZM-PT01,3000690,1,0
C1-19-04-01,ALMAC,C1,ZA-AVAR,ZS-ALMAC,ZM-PT01,3000690,1,0
C1-18-01-01,PICK,C1,ZA-PICK,ZS-PICKGRAL,ZM-PT01,3000700,1,1
C1-18-02-01,ALMAC,C1,ZA-AVAR,ZS-ALMAC,ZM-PT01,3000700,1,0
C1-18-03-01,ALMAC,C1,ZA-AVAR,ZS-ALMAC,ZM-PT01,3000700,1,0
C1-18-04-01,ALMAC,C1,ZA-AVAR,ZS-ALMAC,ZM-PT01,3000700,1,0
C1-17-01-01,PICK,C1,ZA-PICK,ZS-PICKGRAL,ZM-PT01,3000710,1,1
C1-17-02-01,ALMAC,C1,ZA-AVAR,ZS-ALMAC,ZM-PT01,3000710,1,0
C1-17-03-01,ALMAC,C1,ZA-AVAR,ZS-ALMAC,ZM-PT01,3000710,1,0
C1-17-04-01,ALMAC,C1,ZA-AVAR,ZS-ALMAC,ZM-PT01,3000710,1,0
C1-16-01-01,PICK,C1,ZA-PICK,ZS-PICKGRAL,ZM-PT01,3000720,1,1
C1-16-02-01,ALMAC,C1,ZA-AVAR,ZS-ALMAC,ZM-PT01,3000720,1,0
C1-16-03-01,ALMAC,C1,ZA-AVAR,ZS-ALMAC,ZM-PT01,3000720,1,0
C1-16-04-01,ALMAC,C1,ZA-AVAR,ZS-ALMAC,ZM-PT01,3000720,1,0
C1-15-01-01,PICK,C1,ZA-PICK,ZS-PICKGRAL,ZM-PT01,3000730,1,1
C1-15-02-01,ALMAC,C1,ZA-AVAR,ZS-ALMAC,ZM-PT01,3000730,1,0
C1-15-03-01,ALMAC,C1,ZA-AVAR,ZS-ALMAC,ZM-PT01,3000730,1,0
C1-15-04-01,ALMAC,C1,ZA-AVAR,ZS-ALMAC,ZM-PT01,3000730,1,0
C1-14-01-01,PICK,C1,ZA-PICK,ZS-PICKGRAL,ZM-PT01,3000740,1,1
C1-14-02-01,ALMAC,C1,ZA-AVAR,ZS-ALMAC,ZM-PT01,3000740,1,0
C1-14-03-01,ALMAC,C1,ZA-AVAR,ZS-ALMAC,ZM-PT01,3000740,1,0
C1-14-04-01,ALMAC,C1,ZA-AVAR,ZS-ALMAC,ZM-PT01,3000740,1,0
C1-13-01-01,PICK,C1,ZA-PICK,ZS-PICKGRAL,ZM-PT01,3000750,1,1
C1-13-02-01,ALMAC,C1,ZA-AVAR,ZS-ALMAC,ZM-PT01,3000750,1,0
C1-13-03-01,ALMAC,C1,ZA-AVAR,ZS-ALMAC,ZM-PT01,3000750,1,0
C1-13-04-01,ALMAC,C1,ZA-AVAR,ZS-ALMAC,ZM-PT01,3000750,1,0
C1-12-01-01,PICK,C1,ZA-PICK,ZS-PICKGRAL,ZM-PT01,3000760,1,1
C1-12-02-01,ALMAC,C1,ZA-AVAR,ZS-ALMAC,ZM-PT01,3000760,1,0
C1-12-03-01,ALMAC,C1,ZA-AVAR,ZS-ALMAC,ZM-PT01,3000760,1,0
C1-12-04-01,ALMAC,C1,ZA-AVAR,ZS-ALMAC,ZM-PT01,3000760,1,0
C1-11-01-01,PICK,C1,ZA-PICK,ZS-PICKGRAL,ZM-PT01,3000770,1,1
C1-11-02-01,ALMAC,C1,ZA-AVAR,ZS-ALMAC,ZM-PT01,3000770,1,0
C1-11-03-01,ALMAC,C1,ZA-AVAR,ZS-ALMAC,ZM-PT01,3000770,1,0
C1-11-04-01,ALMAC,C1,ZA-AVAR,ZS-ALMAC,ZM-PT01,3000770,1,0
C1-10-01-01,PICK,C1,ZA-PICK,ZS-PICKGRAL,ZM-PT01,3000780,1,1
C1-10-02-01,ALMAC,C1,ZA-AVAR,ZS-ALMAC,ZM-PT01,3000780,1,0
C1-10-03-01,ALMAC,C1,ZA-AVAR,ZS-ALMAC,ZM-PT01,3000780,1,0
C1-10-04-01,ALMAC,C1,ZA-AVAR,ZS-ALMAC,ZM-PT01,3000780,1,0
C1-09-01-01,PICK,C1,ZA-PICK,ZS-PICKGRAL,ZM-PT01,3000790,1,1
C1-09-02-01,ALMAC,C1,ZA-AVAR,ZS-ALMAC,ZM-PT01,3000790,1,0
C1-09-03-01,ALMAC,C1,ZA-AVAR,ZS-ALMAC,ZM-PT01,3000790,1,0
C1-09-04-01,ALMAC,C1,ZA-AVAR,ZS-ALMAC,ZM-PT01,3000790,1,0
C1-08-01-01,PICK,C1,ZA-PICK,ZS-PICKGRAL,ZM-PT01,3000800,1,1
C1-08-02-01,ALMAC,C1,ZA-AVAR,ZS-ALMAC,ZM-PT01,3000800,1,0
C1-08-03-01,ALMAC,C1,ZA-AVAR,ZS-ALMAC,ZM-PT01,3000800,1,0
C1-08-04-01,ALMAC,C1,ZA-AVAR,ZS-ALMAC,ZM-PT01,3000800,1,0
C1-07-01-01,PICK,C1,ZA-PICK,ZS-PICKGRAL,ZM-PT01,3000810,1,1
C1-07-02-01,ALMAC,C1,ZA-AVAR,ZS-ALMAC,ZM-PT01,3000810,1,0
C1-07-03-01,ALMAC,C1,ZA-AVAR,ZS-ALMAC,ZM-PT01,3000810,1,0
C1-07-04-01,ALMAC,C1,ZA-AVAR,ZS-ALMAC,ZM-PT01,3000810,1,0
C2-07-01-01,PICK,C2,ZA-PICK,ZS-PICKGRAL,ZM-PT01,3000820,1,1
C2-07-02-01,ALMAC,C2,ZA-AVAR,ZS-ALMAC,ZM-PT01,3000820,1,0
C2-07-03-01,ALMAC,C2,ZA-AVAR,ZS-ALMAC,ZM-PT01,3000820,1,0
C2-07-04-01,ALMAC,C2,ZA-AVAR,ZS-ALMAC,ZM-PT01,3000820,1,0
C2-08-01-01,PICK,C2,ZA-PICK,ZS-PICKGRAL,ZM-PT01,3000830,1,1
C2-08-02-01,ALMAC,C2,ZA-AVAR,ZS-ALMAC,ZM-PT01,3000830,1,0
C2-08-03-01,ALMAC,C2,ZA-AVAR,ZS-ALMAC,ZM-PT01,3000830,1,0
C2-08-04-01,ALMAC,C2,ZA-AVAR,ZS-ALMAC,ZM-PT01,3000830,1,0
C2-09-01-01,PICK,C2,ZA-PICK,ZS-PICKGRAL,ZM-PT01,3000840,1,1
C2-09-02-01,ALMAC,C2,ZA-AVAR,ZS-ALMAC,ZM-PT01,3000840,1,0
C2-09-03-01,ALMAC,C2,ZA-AVAR,ZS-ALMAC,ZM-PT01,3000840,1,0
C2-09-04-01,ALMAC,C2,ZA-AVAR,ZS-ALMAC,ZM-PT01,3000840,1,0
C2-10-01-01,PICK,C2,ZA-PICK,ZS-PICKGRAL,ZM-PT01,3000850,1,1
C2-10-02-01,ALMAC,C2,ZA-AVAR,ZS-ALMAC,ZM-PT01,3000850,1,0
C2-10-03-01,ALMAC,C2,ZA-AVAR,ZS-ALMAC,ZM-PT01,3000850,1,0
C2-10-04-01,ALMAC,C2,ZA-AVAR,ZS-ALMAC,ZM-PT01,3000850,1,0
C2-11-01-01,PICK,C2,ZA-PICK,ZS-PICKGRAL,ZM-PT01,3000860,1,1
C2-11-02-01,ALMAC,C2,ZA-AVAR,ZS-ALMAC,ZM-PT01,3000860,1,0
C2-11-03-01,ALMAC,C2,ZA-AVAR,ZS-ALMAC,ZM-PT01,3000860,1,0
C2-11-04-01,ALMAC,C2,ZA-AVAR,ZS-ALMAC,ZM-PT01,3000860,1,0
C2-12-01-01,PICK,C2,ZA-PICK,ZS-PICKGRAL,ZM-PT01,3000870,1,1
C2-12-02-01,ALMAC,C2,ZA-AVAR,ZS-ALMAC,ZM-PT01,3000870,1,0
C2-12-03-01,ALMAC,C2,ZA-AVAR,ZS-ALMAC,ZM-PT01,3000870,1,0
C2-12-04-01,ALMAC,C2,ZA-AVAR,ZS-ALMAC,ZM-PT01,3000870,1,0
C2-13-01-01,PICK,C2,ZA-PICK,ZS-PICKGRAL,ZM-PT01,3000880,1,1
C2-13-02-01,ALMAC,C2,ZA-AVAR,ZS-ALMAC,ZM-PT01,3000880,1,0
C2-13-03-01,ALMAC,C2,ZA-AVAR,ZS-ALMAC,ZM-PT01,3000880,1,0
C2-13-04-01,ALMAC,C2,ZA-AVAR,ZS-ALMAC,ZM-PT01,3000880,1,0
C2-14-01-01,PICK,C2,ZA-PICK,ZS-PICKGRAL,ZM-PT01,3000890,1,1
C2-14-02-01,ALMAC,C2,ZA-AVAR,ZS-ALMAC,ZM-PT01,3000890,1,0
C2-14-03-01,ALMAC,C2,ZA-AVAR,ZS-ALMAC,ZM-PT01,3000890,1,0
C2-14-04-01,ALMAC,C2,ZA-AVAR,ZS-ALMAC,ZM-PT01,3000890,1,0
C2-15-01-01,PICK,C2,ZA-PICK,ZS-PICKGRAL,ZM-PT01,3000900,1,1
C2-15-02-01,ALMAC,C2,ZA-AVAR,ZS-ALMAC,ZM-PT01,3000900,1,0
C2-15-03-01,ALMAC,C2,ZA-AVAR,ZS-ALMAC,ZM-PT01,3000900,1,0
C2-15-04-01,ALMAC,C2,ZA-AVAR,ZS-ALMAC,ZM-PT01,3000900,1,0
C2-16-01-01,PICK,C2,ZA-PICK,ZS-PICKGRAL,ZM-PT01,3000910,1,1
C2-16-02-01,ALMAC,C2,ZA-AVAR,ZS-ALMAC,ZM-PT01,3000910,1,0
C2-16-03-01,ALMAC,C2,ZA-AVAR,ZS-ALMAC,ZM-PT01,3000910,1,0
C2-16-04-01,ALMAC,C2,ZA-AVAR,ZS-ALMAC,ZM-PT01,3000910,1,0
C2-17-01-01,PICK,C2,ZA-PICK,ZS-PICKGRAL,ZM-PT01,3000920,1,1
C2-17-02-01,ALMAC,C2,ZA-AVAR,ZS-ALMAC,ZM-PT01,3000920,1,0
C2-17-03-01,ALMAC,C2,ZA-AVAR,ZS-ALMAC,ZM-PT01,3000920,1,0
C2-17-04-01,ALMAC,C2,ZA-AVAR,ZS-ALMAC,ZM-PT01,3000920,1,0
C2-18-01-01,PICK,C2,ZA-PICK,ZS-PICKGRAL,ZM-PT01,3000930,1,1
C2-18-02-01,ALMAC,C2,ZA-AVAR,ZS-ALMAC,ZM-PT01,3000930,1,0
C2-18-03-01,ALMAC,C2,ZA-AVAR,ZS-ALMAC,ZM-PT01,3000930,1,0
C2-18-04-01,ALMAC,C2,ZA-AVAR,ZS-ALMAC,ZM-PT01,3000930,1,0
C2-19-01-01,PICK,C2,ZA-PICK,ZS-PICKGRAL,ZM-PT01,3000940,1,1
C2-19-02-01,ALMAC,C2,ZA-AVAR,ZS-ALMAC,ZM-PT01,3000940,1,0
C2-19-03-01,ALMAC,C2,ZA-AVAR,ZS-ALMAC,ZM-PT01,3000940,1,0
C2-19-04-01,ALMAC,C2,ZA-AVAR,ZS-ALMAC,ZM-PT01,3000940,1,0
C2-20-01-01,PICK,C2,ZA-PICK,ZS-PICKGRAL,ZM-PT01,3000950,1,1
C2-20-02-01,ALMAC,C2,ZA-AVAR,ZS-ALMAC,ZM-PT01,3000950,1,0
C2-20-03-01,ALMAC,C2,ZA-AVAR,ZS-ALMAC,ZM-PT01,3000950,1,0
C2-20-04-01,ALMAC,C2,ZA-AVAR,ZS-ALMAC,ZM-PT01,3000950,1,0
C2-21-01-01,PICK,C2,ZA-PICK,ZS-PICKGRAL,ZM-PT01,3000960,1,1
C2-21-02-01,ALMAC,C2,ZA-AVAR,ZS-ALMAC,ZM-PT01,3000960,1,0
C2-21-03-01,ALMAC,C2,ZA-AVAR,ZS-ALMAC,ZM-PT01,3000960,1,0
C2-21-04-01,ALMAC,C2,ZA-AVAR,ZS-ALMAC,ZM-PT01,3000960,1,0
C2-22-01-01,PICK,C2,ZA-PICK,ZS-PICKGRAL,ZM-PT01,3000970,1,1
C2-22-02-01,ALMAC,C2,ZA-AVAR,ZS-ALMAC,ZM-PT01,3000970,1,0
C2-22-03-01,ALMAC,C2,ZA-AVAR,ZS-ALMAC,ZM-PT01,3000970,1,0
C2-22-04-01,ALMAC,C2,ZA-AVAR,ZS-ALMAC,ZM-PT01,3000970,1,0
C2-23-01-01,PICK,C2,ZA-PICK,ZS-PICKGRAL,ZM-PT01CJ,3000980,1,1
C2-23-02-01,ALMAC,C2,ZA-AVAR,ZS-ALMAC,ZM-PT01,3000980,1,0
C2-23-03-01,ALMAC,C2,ZA-AVAR,ZS-ALMAC,ZM-PT01,3000980,1,0
C2-23-04-01,ALMAC,C2,ZA-AVAR,ZS-ALMAC,ZM-PT01,3000980,1,0
C2-23-01-02,PICK,C2,ZA-PICK,ZS-PICKGRAL,ZM-PT01CJ,3000990,1,1
C2-24-01-01,PICK,C2,ZA-PICK,ZS-PICKGRAL,ZM-PT01CJ,3001000,1,1
C2-24-02-01,ALMAC,C2,ZA-AVAR,ZS-ALMAC,ZM-PT01,3001000,1,0
C2-24-03-01,ALMAC,C2,ZA-AVAR,ZS-ALMAC,ZM-PT01,3001000,1,0
C2-24-04-01,ALMAC,C2,ZA-AVAR,ZS-ALMAC,ZM-PT01,3001000,1,0
C2-24-01-02,PICK,C2,ZA-PICK,ZS-PICKGRAL,ZM-PT01CJ,3001010,1,1
C2-25-01-01,PICK,C2,ZA-PICK,ZS-PICKGRAL,ZM-PT01,3001020,1,1
C2-25-02-01,ALMAC,C2,ZA-AVAR,ZS-ALMAC,ZM-PT01,3001020,1,0
C2-25-03-01,ALMAC,C2,ZA-AVAR,ZS-ALMAC,ZM-PT01,3001020,1,0
C2-25-04-01,ALMAC,C2,ZA-AVAR,ZS-ALMAC,ZM-PT01,3001020,1,0
C2-26-01-01,PICK,C2,ZA-PICK,ZS-PICKGRAL,ZM-PT01,3001030,1,1
C2-26-02-01,ALMAC,C2,ZA-AVAR,ZS-ALMAC,ZM-PT01,3001030,1,0
C2-26-03-01,ALMAC,C2,ZA-AVAR,ZS-ALMAC,ZM-PT01,3001030,1,0
C2-26-04-01,ALMAC,C2,ZA-AVAR,ZS-ALMAC,ZM-PT01,3001030,1,0
C2-27-01-01,PICK,C2,ZA-PICK,ZS-PICKGRAL,ZM-PT01,3001040,1,1
C2-27-02-01,ALMAC,C2,ZA-AVAR,ZS-ALMAC,ZM-PT01,3001040,1,0
C2-27-03-01,ALMAC,C2,ZA-AVAR,ZS-ALMAC,ZM-PT01,3001040,1,0
C2-27-04-01,ALMAC,C2,ZA-AVAR,ZS-ALMAC,ZM-PT01,3001040,1,0
C2-28-01-01,PICK,C2,ZA-PICK,ZS-PICKGRAL,ZM-PT01,3001050,1,1
C2-28-02-01,ALMAC,C2,ZA-AVAR,ZS-ALMAC,ZM-PT01,3001050,1,0
C2-28-03-01,ALMAC,C2,ZA-AVAR,ZS-ALMAC,ZM-PT01,3001050,1,0
C2-28-04-01,ALMAC,C2,ZA-AVAR,ZS-ALMAC,ZM-PT01,3001050,1,0
C2-29-01-01,PICK,C2,ZA-PICK,ZS-PICKGRAL,ZM-PT01,3001060,1,1
C2-29-02-01,ALMAC,C2,ZA-AVAR,ZS-ALMAC,ZM-PT01,3001060,1,0
C2-29-03-01,ALMAC,C2,ZA-AVAR,ZS-ALMAC,ZM-PT01,3001060,1,0
C2-29-04-01,ALMAC,C2,ZA-AVAR,ZS-ALMAC,ZM-PT01,3001060,1,0
C2-30-01-01,PICK,C2,ZA-PICK,ZS-PICKGRAL,ZM-PT01,3001070,1,1
C2-30-02-01,ALMAC,C2,ZA-AVAR,ZS-ALMAC,ZM-PT01,3001070,1,0
C2-30-03-01,ALMAC,C2,ZA-AVAR,ZS-ALMAC,ZM-PT01,3001070,1,0
C2-30-04-01,ALMAC,C2,ZA-AVAR,ZS-ALMAC,ZM-PT01,3001070,1,0
C2-31-01-01,PICK,C2,ZA-PICK,ZS-PICKGRAL,ZM-PT01,3001080,1,1
C2-31-02-01,ALMAC,C2,ZA-AVAR,ZS-ALMAC,ZM-PT01,3001080,1,0
C2-31-03-01,ALMAC,C2,ZA-AVAR,ZS-ALMAC,ZM-PT01,3001080,1,0
C2-31-04-01,ALMAC,C2,ZA-AVAR,ZS-ALMAC,ZM-PT01,3001080,1,0
C2-32-01-01,PICK,C2,ZA-PICK,ZS-PICKGRAL,ZM-PT01CJ,3001090,1,1
C2-32-02-01,ALMAC,C2,ZA-AVAR,ZS-ALMAC,ZM-PT01,3001090,1,0
C2-32-03-01,ALMAC,C2,ZA-AVAR,ZS-ALMAC,ZM-PT01,3001090,1,0
C2-32-04-01,ALMAC,C2,ZA-AVAR,ZS-ALMAC,ZM-PT01,3001090,1,0
C2-32-01-02,PICK,C2,ZA-PICK,ZS-PICKGRAL,ZM-PT01CJ,3001100,1,1
C2-33-01-01,PICK,C2,ZA-PICK,ZS-PICKGRAL,ZM-PT01CJ,3001110,1,1
C2-33-02-01,ALMAC,C2,ZA-AVAR,ZS-ALMAC,ZM-PT01,3001110,1,0
C2-33-03-01,ALMAC,C2,ZA-AVAR,ZS-ALMAC,ZM-PT01,3001110,1,0
C2-33-04-01,ALMAC,C2,ZA-AVAR,ZS-ALMAC,ZM-PT01,3001110,1,0
C2-33-01-02,PICK,C2,ZA-PICK,ZS-PICKGRAL,ZM-PT01CJ,3001120,1,1
C2-34-01-01,PICK,C2,ZA-PICK,ZS-PICKGRAL,ZM-PT01CJ,3001130,1,1
C2-34-02-01,ALMAC,C2,ZA-AVAR,ZS-ALMAC,ZM-PT01,3001130,1,0
C2-34-03-01,ALMAC,C2,ZA-AVAR,ZS-ALMAC,ZM-PT01,3001130,1,0
C2-34-04-01,ALMAC,C2,ZA-AVAR,ZS-ALMAC,ZM-PT01,3001130,1,0
C2-34-01-02,PICK,C2,ZA-PICK,ZS-PICKGRAL,ZM-PT01CJ,3001140,1,1
C2-35-01-01,PICK,C2,ZA-PICK,ZS-PICKGRAL,ZM-PT01CJ,3001150,1,1
C2-35-02-01,ALMAC,C2,ZA-AVAR,ZS-ALMAC,ZM-PT01,3001150,1,0
C2-35-03-01,ALMAC,C2,ZA-AVAR,ZS-ALMAC,ZM-PT01,3001150,1,0
C2-35-04-01,ALMAC,C2,ZA-AVAR,ZS-ALMAC,ZM-PT01,3001150,1,0
C2-35-01-02,PICK,C2,ZA-PICK,ZS-PICKGRAL,ZM-PT01CJ,3001160,1,1
C2-35-01-03,PICK,C2,ZA-PICK,ZS-PICKGRAL,ZM-PT01CJ,3001170,1,1
C2-36-01-01,PICK,C2,ZA-PICK,ZS-PICKGRAL,ZM-PT01,3001180,1,1
C2-36-02-01,ALMAC,C2,ZA-AVAR,ZS-ALMAC,ZM-PT01,3001180,1,0
C2-36-03-01,ALMAC,C2,ZA-AVAR,ZS-ALMAC,ZM-PT01,3001180,1,0
C2-36-04-01,ALMAC,C2,ZA-AVAR,ZS-ALMAC,ZM-PT01,3001180,1,0
C2-37-01-01,PICK,C2,ZA-PICK,ZS-PICKGRAL,ZM-PT01,3001190,1,1
C2-37-02-01,ALMAC,C2,ZA-AVAR,ZS-ALMAC,ZM-PT01,3001190,1,0
C2-37-03-01,ALMAC,C2,ZA-AVAR,ZS-ALMAC,ZM-PT01,3001190,1,0
C2-37-04-01,ALMAC,C2,ZA-AVAR,ZS-ALMAC,ZM-PT01,3001190,1,0
C2-38-01-01,PICK,C2,ZA-PICK,ZS-PICKGRAL,ZM-PT01,3001200,1,1
C2-38-02-01,ALMAC,C2,ZA-AVAR,ZS-ALMAC,ZM-PT01,3001200,1,0
C2-38-03-01,ALMAC,C2,ZA-AVAR,ZS-ALMAC,ZM-PT01,3001200,1,0
C2-38-04-01,ALMAC,C2,ZA-AVAR,ZS-ALMAC,ZM-PT01,3001200,1,0
C2-39-01-01,PICK,C2,ZA-PICK,ZS-PICKGRAL,ZM-PT01,3001210,1,1
C2-39-02-01,ALMAC,C2,ZA-AVAR,ZS-ALMAC,ZM-PT01,3001210,1,0
C2-39-03-01,ALMAC,C2,ZA-AVAR,ZS-ALMAC,ZM-PT01,3001210,1,0
C2-39-04-01,ALMAC,C2,ZA-AVAR,ZS-ALMAC,ZM-PT01,3001210,1,0
C2-40-01-01,PICK,C2,ZA-PICK,ZS-PICKGRAL,ZM-PT01,3001220,1,1
C2-40-02-01,ALMAC,C2,ZA-AVAR,ZS-ALMAC,ZM-PT01,3001220,1,0
C2-40-03-01,ALMAC,C2,ZA-AVAR,ZS-ALMAC,ZM-PT01,3001220,1,0
C2-40-04-01,ALMAC,C2,ZA-AVAR,ZS-ALMAC,ZM-PT01,3001220,1,0
D1-40-01-01,PICK,D1,ZA-PICK,ZS-PICKGRAL,ZM-PT01,3001230,1,1
D1-40-02-01,ALMAC,D1,ZA-AVAR,ZS-ALMAC,ZM-PT01,3001230,1,0
D1-40-03-01,ALMAC,D1,ZA-AVAR,ZS-ALMAC,ZM-PT01,3001230,1,0
D1-40-04-01,ALMAC,D1,ZA-AVAR,ZS-ALMAC,ZM-PT01,3001230,1,0
D1-39-01-01,PICK,D1,ZA-PICK,ZS-PICKGRAL,ZM-PT01,3001240,1,1
D1-39-02-01,ALMAC,D1,ZA-AVAR,ZS-ALMAC,ZM-PT01,3001240,1,0
D1-39-03-01,ALMAC,D1,ZA-AVAR,ZS-ALMAC,ZM-PT01,3001240,1,0
D1-39-04-01,ALMAC,D1,ZA-AVAR,ZS-ALMAC,ZM-PT01,3001240,1,0
D1-38-01-01,PICK,D1,ZA-PICK,ZS-PICKGRAL,ZM-PT01,3001250,1,1
D1-38-02-01,ALMAC,D1,ZA-AVAR,ZS-ALMAC,ZM-PT01,3001250,1,0
D1-38-03-01,ALMAC,D1,ZA-AVAR,ZS-ALMAC,ZM-PT01,3001250,1,0
D1-38-04-01,ALMAC,D1,ZA-AVAR,ZS-ALMAC,ZM-PT01,3001250,1,0
D1-37-01-01,PICK,D1,ZA-PICK,ZS-PICKGRAL,ZM-PT01,3001260,1,1
D1-37-02-01,ALMAC,D1,ZA-AVAR,ZS-ALMAC,ZM-PT01,3001260,1,0
D1-37-03-01,ALMAC,D1,ZA-AVAR,ZS-ALMAC,ZM-PT01,3001260,1,0
D1-37-04-01,ALMAC,D1,ZA-AVAR,ZS-ALMAC,ZM-PT01,3001260,1,0
D1-36-01-01,PICK,D1,ZA-PICK,ZS-PICKGRAL,ZM-PT01,3001270,1,1
D1-36-02-01,ALMAC,D1,ZA-AVAR,ZS-ALMAC,ZM-PT01,3001270,1,0
D1-36-03-01,ALMAC,D1,ZA-AVAR,ZS-ALMAC,ZM-PT01,3001270,1,0
D1-36-04-01,ALMAC,D1,ZA-AVAR,ZS-ALMAC,ZM-PT01,3001270,1,0
D1-35-01-01,PICK,D1,ZA-PICK,ZS-PICKGRAL,ZM-PT01,3001280,1,1
D1-35-02-01,ALMAC,D1,ZA-AVAR,ZS-ALMAC,ZM-PT01,3001280,1,0
D1-35-03-01,ALMAC,D1,ZA-AVAR,ZS-ALMAC,ZM-PT01,3001280,1,0
D1-35-04-01,ALMAC,D1,ZA-AVAR,ZS-ALMAC,ZM-PT01,3001280,1,0
D1-34-01-01,PICK,D1,ZA-PICK,ZS-PICKGRAL,ZM-PT01,3001290,1,1
D1-34-02-01,ALMAC,D1,ZA-AVAR,ZS-ALMAC,ZM-PT01,3001290,1,0
D1-34-03-01,ALMAC,D1,ZA-AVAR,ZS-ALMAC,ZM-PT01,3001290,1,0
D1-34-04-01,ALMAC,D1,ZA-AVAR,ZS-ALMAC,ZM-PT01,3001290,1,0
D1-33-01-01,PICK,D1,ZA-PICK,ZS-PICKGRAL,ZM-PT01,3001300,1,1
D1-33-02-01,ALMAC,D1,ZA-AVAR,ZS-ALMAC,ZM-PT01,3001300,1,0
D1-33-03-01,ALMAC,D1,ZA-AVAR,ZS-ALMAC,ZM-PT01,3001300,1,0
D1-33-04-01,ALMAC,D1,ZA-AVAR,ZS-ALMAC,ZM-PT01,3001300,1,0
D1-32-01-01,PICK,D1,ZA-PICK,ZS-PICKGRAL,ZM-PT01,3001310,1,1
D1-32-02-01,ALMAC,D1,ZA-AVAR,ZS-ALMAC,ZM-PT01,3001310,1,0
D1-32-03-01,ALMAC,D1,ZA-AVAR,ZS-ALMAC,ZM-PT01,3001310,1,0
D1-32-04-01,ALMAC,D1,ZA-AVAR,ZS-ALMAC,ZM-PT01,3001310,1,0
D1-31-01-01,PICK,D1,ZA-PICK,ZS-PICKGRAL,ZM-PT01,3001320,1,1
D1-31-02-01,ALMAC,D1,ZA-AVAR,ZS-ALMAC,ZM-PT01,3001320,1,0
D1-31-03-01,ALMAC,D1,ZA-AVAR,ZS-ALMAC,ZM-PT01,3001320,1,0
D1-31-04-01,ALMAC,D1,ZA-AVAR,ZS-ALMAC,ZM-PT01,3001320,1,0
D1-30-01-01,PICK,D1,ZA-PICK,ZS-PICKGRAL,ZM-PT01,3001330,1,1
D1-30-02-01,ALMAC,D1,ZA-AVAR,ZS-ALMAC,ZM-PT01,3001330,1,0
D1-30-03-01,ALMAC,D1,ZA-AVAR,ZS-ALMAC,ZM-PT01,3001330,1,0
D1-30-04-01,ALMAC,D1,ZA-AVAR,ZS-ALMAC,ZM-PT01,3001330,1,0
D1-29-01-01,PICK,D1,ZA-PICK,ZS-PICKGRAL,ZM-PT01,3001340,1,1
D1-29-02-01,ALMAC,D1,ZA-AVAR,ZS-ALMAC,ZM-PT01,3001340,1,0
D1-29-03-01,ALMAC,D1,ZA-AVAR,ZS-ALMAC,ZM-PT01,3001340,1,0
D1-29-04-01,ALMAC,D1,ZA-AVAR,ZS-ALMAC,ZM-PT01,3001340,1,0
D1-28-01-01,PICK,D1,ZA-PICK,ZS-PICKGRAL,ZM-PT01,3001350,1,1
D1-28-02-01,ALMAC,D1,ZA-AVAR,ZS-ALMAC,ZM-PT01,3001350,1,0
D1-28-03-01,ALMAC,D1,ZA-AVAR,ZS-ALMAC,ZM-PT01,3001350,1,0
D1-28-04-01,ALMAC,D1,ZA-AVAR,ZS-ALMAC,ZM-PT01,3001350,1,0
D1-27-01-01,PICK,D1,ZA-PICK,ZS-PICKGRAL,ZM-PT01,3001360,1,1
D1-27-02-01,ALMAC,D1,ZA-AVAR,ZS-ALMAC,ZM-PT01,3001360,1,0
D1-27-03-01,ALMAC,D1,ZA-AVAR,ZS-ALMAC,ZM-PT01,3001360,1,0
D1-27-04-01,ALMAC,D1,ZA-AVAR,ZS-ALMAC,ZM-PT01,3001360,1,0
D1-26-01-01,PICK,D1,ZA-PICK,ZS-PICKGRAL,ZM-PT01,3001370,1,1
D1-26-02-01,ALMAC,D1,ZA-AVAR,ZS-ALMAC,ZM-PT01,3001370,1,0
D1-26-03-01,ALMAC,D1,ZA-AVAR,ZS-ALMAC,ZM-PT01,3001370,1,0
D1-26-04-01,ALMAC,D1,ZA-AVAR,ZS-ALMAC,ZM-PT01,3001370,1,0
D1-25-01-01,PICK,D1,ZA-PICK,ZS-PICKGRAL,ZM-PT01,3001380,1,1
D1-25-02-01,ALMAC,D1,ZA-AVAR,ZS-ALMAC,ZM-PT01,3001380,1,0
D1-25-03-01,ALMAC,D1,ZA-AVAR,ZS-ALMAC,ZM-PT01,3001380,1,0
D1-25-04-01,ALMAC,D1,ZA-AVAR,ZS-ALMAC,ZM-PT01,3001380,1,0
D1-24-01-01,PICK,D1,ZA-PICK,ZS-PICKGRAL,ZM-PT01,3001390,1,1
D1-24-02-01,ALMAC,D1,ZA-AVAR,ZS-ALMAC,ZM-PT01,3001390,1,0
D1-24-03-01,ALMAC,D1,ZA-AVAR,ZS-ALMAC,ZM-PT01,3001390,1,0
D1-24-04-01,ALMAC,D1,ZA-AVAR,ZS-ALMAC,ZM-PT01,3001390,1,0
D1-23-01-01,PICK,D1,ZA-PICK,ZS-PICKGRAL,ZM-PT01,3001400,1,1
D1-23-02-01,ALMAC,D1,ZA-AVAR,ZS-ALMAC,ZM-PT01,3001400,1,0
D1-23-03-01,ALMAC,D1,ZA-AVAR,ZS-ALMAC,ZM-PT01,3001400,1,0
D1-23-04-01,ALMAC,D1,ZA-AVAR,ZS-ALMAC,ZM-PT01,3001400,1,0
D1-22-01-01,PICK,D1,ZA-PICK,ZS-PICKGRAL,ZM-PT01,3001410,1,1
D1-22-02-01,ALMAC,D1,ZA-AVAR,ZS-ALMAC,ZM-PT01,3001410,1,0
D1-22-03-01,ALMAC,D1,ZA-AVAR,ZS-ALMAC,ZM-PT01,3001410,1,0
D1-22-04-01,ALMAC,D1,ZA-AVAR,ZS-ALMAC,ZM-PT01,3001410,1,0
D1-21-01-01,PICK,D1,ZA-PICK,ZS-PICKGRAL,ZM-PT01,3001420,1,1
D1-21-02-01,ALMAC,D1,ZA-AVAR,ZS-ALMAC,ZM-PT01,3001420,1,0
D1-21-03-01,ALMAC,D1,ZA-AVAR,ZS-ALMAC,ZM-PT01,3001420,1,0
D1-21-04-01,ALMAC,D1,ZA-AVAR,ZS-ALMAC,ZM-PT01,3001420,1,0
D1-20-01-01,PICK,D1,ZA-PICK,ZS-PICKGRAL,ZM-PT01,3001430,1,1
D1-20-02-01,ALMAC,D1,ZA-AVAR,ZS-ALMAC,ZM-PT01,3001430,1,0
D1-20-03-01,ALMAC,D1,ZA-AVAR,ZS-ALMAC,ZM-PT01,3001430,1,0
D1-20-04-01,ALMAC,D1,ZA-AVAR,ZS-ALMAC,ZM-PT01,3001430,1,0
D1-19-01-01,PICK,D1,ZA-PICK,ZS-PICKGRAL,ZM-PT01,3001440,1,1
D1-19-02-01,ALMAC,D1,ZA-AVAR,ZS-ALMAC,ZM-PT01,3001440,1,0
D1-19-03-01,ALMAC,D1,ZA-AVAR,ZS-ALMAC,ZM-PT01,3001440,1,0
D1-19-04-01,ALMAC,D1,ZA-AVAR,ZS-ALMAC,ZM-PT01,3001440,1,0
D1-18-01-01,PICK,D1,ZA-PICK,ZS-PICKGRAL,ZM-PT01,3001450,1,1
D1-18-02-01,ALMAC,D1,ZA-AVAR,ZS-ALMAC,ZM-PT01,3001450,1,0
D1-18-03-01,ALMAC,D1,ZA-AVAR,ZS-ALMAC,ZM-PT01,3001450,1,0
D1-18-04-01,ALMAC,D1,ZA-AVAR,ZS-ALMAC,ZM-PT01,3001450,1,0
D1-17-01-01,PICK,D1,ZA-PICK,ZS-PICKGRAL,ZM-PT01,3001460,1,1
D1-17-02-01,ALMAC,D1,ZA-AVAR,ZS-ALMAC,ZM-PT01,3001460,1,0
D1-17-03-01,ALMAC,D1,ZA-AVAR,ZS-ALMAC,ZM-PT01,3001460,1,0
D1-17-04-01,ALMAC,D1,ZA-AVAR,ZS-ALMAC,ZM-PT01,3001460,1,0
D1-16-01-01,PICK,D1,ZA-PICK,ZS-PICKGRAL,ZM-PT01,3001470,1,1
D1-16-02-01,ALMAC,D1,ZA-AVAR,ZS-ALMAC,ZM-PT01,3001470,1,0
D1-16-03-01,ALMAC,D1,ZA-AVAR,ZS-ALMAC,ZM-PT01,3001470,1,0
D1-16-04-01,ALMAC,D1,ZA-AVAR,ZS-ALMAC,ZM-PT01,3001470,1,0
D1-15-01-01,PICK,D1,ZA-PICK,ZS-PICKGRAL,ZM-PT01,3001480,1,1
D1-15-02-01,ALMAC,D1,ZA-AVAR,ZS-ALMAC,ZM-PT01,3001480,1,0
D1-15-03-01,ALMAC,D1,ZA-AVAR,ZS-ALMAC,ZM-PT01,3001480,1,0
D1-15-04-01,ALMAC,D1,ZA-AVAR,ZS-ALMAC,ZM-PT01,3001480,1,0
D1-14-01-01,PICK,D1,ZA-PICK,ZS-PICKGRAL,ZM-PT01,3001490,1,1
D1-14-02-01,ALMAC,D1,ZA-AVAR,ZS-ALMAC,ZM-PT01,3001490,1,0
D1-14-03-01,ALMAC,D1,ZA-AVAR,ZS-ALMAC,ZM-PT01,3001490,1,0
D1-14-04-01,ALMAC,D1,ZA-AVAR,ZS-ALMAC,ZM-PT01,3001490,1,0
D1-13-01-01,PICK,D1,ZA-PICK,ZS-PICKGRAL,ZM-PT01,3001500,1,1
D1-13-02-01,ALMAC,D1,ZA-AVAR,ZS-ALMAC,ZM-PT01,3001500,1,0
D1-13-03-01,ALMAC,D1,ZA-AVAR,ZS-ALMAC,ZM-PT01,3001500,1,0
D1-13-04-01,ALMAC,D1,ZA-AVAR,ZS-ALMAC,ZM-PT01,3001500,1,0
D1-12-01-01,PICK,D1,ZA-PICK,ZS-PICKGRAL,ZM-PT01,3001510,1,1
D1-12-02-01,ALMAC,D1,ZA-AVAR,ZS-ALMAC,ZM-PT01,3001510,1,0
D1-12-03-01,ALMAC,D1,ZA-AVAR,ZS-ALMAC,ZM-PT01,3001510,1,0
D1-12-04-01,ALMAC,D1,ZA-AVAR,ZS-ALMAC,ZM-PT01,3001510,1,0
D1-11-01-01,PICK,D1,ZA-PICK,ZS-PICKGRAL,ZM-PT01,3001520,1,1
D1-11-02-01,ALMAC,D1,ZA-AVAR,ZS-ALMAC,ZM-PT01,3001520,1,0
D1-11-03-01,ALMAC,D1,ZA-AVAR,ZS-ALMAC,ZM-PT01,3001520,1,0
D1-11-04-01,ALMAC,D1,ZA-AVAR,ZS-ALMAC,ZM-PT01,3001520,1,0
D1-10-01-01,PICK,D1,ZA-PICK,ZS-PICKGRAL,ZM-PT01,3001530,1,1
D1-10-02-01,ALMAC,D1,ZA-AVAR,ZS-ALMAC,ZM-PT01,3001530,1,0
D1-10-03-01,ALMAC,D1,ZA-AVAR,ZS-ALMAC,ZM-PT01,3001530,1,0
D1-10-04-01,ALMAC,D1,ZA-AVAR,ZS-ALMAC,ZM-PT01,3001530,1,0
D1-09-01-01,PICK,D1,ZA-PICK,ZS-PICKGRAL,ZM-PT01,3001540,1,1
D1-09-02-01,ALMAC,D1,ZA-AVAR,ZS-ALMAC,ZM-PT01,3001540,1,0
D1-09-03-01,ALMAC,D1,ZA-AVAR,ZS-ALMAC,ZM-PT01,3001540,1,0
D1-09-04-01,ALMAC,D1,ZA-AVAR,ZS-ALMAC,ZM-PT01,3001540,1,0
D1-08-01-01,PICK,D1,ZA-PICK,ZS-PICKGRAL,ZM-PT01,3001550,1,1
D1-08-02-01,ALMAC,D1,ZA-AVAR,ZS-ALMAC,ZM-PT01,3001550,1,0
D1-08-03-01,ALMAC,D1,ZA-AVAR,ZS-ALMAC,ZM-PT01,3001550,1,0
D1-08-04-01,ALMAC,D1,ZA-AVAR,ZS-ALMAC,ZM-PT01,3001550,1,0
D1-07-01-01,PICK,D1,ZA-PICK,ZS-PICKGRAL,ZM-PT01,3001560,1,1
D1-07-02-01,ALMAC,D1,ZA-AVAR,ZS-ALMAC,ZM-PT01,3001560,1,0
D1-07-03-01,ALMAC,D1,ZA-AVAR,ZS-ALMAC,ZM-PT01,3001560,1,0
D1-07-04-01,ALMAC,D1,ZA-AVAR,ZS-ALMAC,ZM-PT01,3001560,1,0
D2-07-01-01,PICK,D2,ZA-PICK,ZS-PICKGRAL,ZM-PT01,3001570,1,1
D2-07-02-01,ALMAC,D2,ZA-AVAR,ZS-ALMAC,ZM-PT01,3001570,1,0
D2-07-03-01,ALMAC,D2,ZA-AVAR,ZS-ALMAC,ZM-PT01,3001570,1,0
D2-07-04-01,ALMAC,D2,ZA-AVAR,ZS-ALMAC,ZM-PT01,3001570,1,0
D2-08-01-01,PICK,D2,ZA-PICK,ZS-PICKGRAL,ZM-PT01,3001580,1,1
D2-08-02-01,ALMAC,D2,ZA-AVAR,ZS-ALMAC,ZM-PT01,3001580,1,0
D2-08-03-01,ALMAC,D2,ZA-AVAR,ZS-ALMAC,ZM-PT01,3001580,1,0
D2-08-04-01,ALMAC,D2,ZA-AVAR,ZS-ALMAC,ZM-PT01,3001580,1,0
D2-09-01-01,PICK,D2,ZA-PICK,ZS-PICKGRAL,ZM-PT01,3001590,1,1
D2-09-02-01,ALMAC,D2,ZA-AVAR,ZS-ALMAC,ZM-PT01,3001590,1,0
D2-09-03-01,ALMAC,D2,ZA-AVAR,ZS-ALMAC,ZM-PT01,3001590,1,0
D2-09-04-01,ALMAC,D2,ZA-AVAR,ZS-ALMAC,ZM-PT01,3001590,1,0
D2-10-01-01,PICK,D2,ZA-PICK,ZS-PICKGRAL,ZM-PT01,3001600,1,1
D2-10-02-01,ALMAC,D2,ZA-AVAR,ZS-ALMAC,ZM-PT01,3001600,1,0
D2-10-03-01,ALMAC,D2,ZA-AVAR,ZS-ALMAC,ZM-PT01,3001600,1,0
D2-10-04-01,ALMAC,D2,ZA-AVAR,ZS-ALMAC,ZM-PT01,3001600,1,0
D2-11-01-01,PICK,D2,ZA-PICK,ZS-PICKGRAL,ZM-PT01,3001610,1,1
D2-11-02-01,ALMAC,D2,ZA-AVAR,ZS-ALMAC,ZM-PT01,3001610,1,0
D2-11-03-01,ALMAC,D2,ZA-AVAR,ZS-ALMAC,ZM-PT01,3001610,1,0
D2-11-04-01,ALMAC,D2,ZA-AVAR,ZS-ALMAC,ZM-PT01,3001610,1,0
D2-12-01-01,PICK,D2,ZA-PICK,ZS-PICKGRAL,ZM-PT01,3001620,1,1
D2-12-02-01,ALMAC,D2,ZA-AVAR,ZS-ALMAC,ZM-PT01,3001620,1,0
D2-12-03-01,ALMAC,D2,ZA-AVAR,ZS-ALMAC,ZM-PT01,3001620,1,0
D2-12-04-01,ALMAC,D2,ZA-AVAR,ZS-ALMAC,ZM-PT01,3001620,1,0
D2-13-01-01,PICK,D2,ZA-PICK,ZS-PICKSMK,ZM-PT01,3001630,1,1
D2-13-02-01,ALMAC,D2,ZA-AVAR,ZS-ALMAC,ZM-PT01,3001630,1,0
D2-13-03-01,ALMAC,D2,ZA-AVAR,ZS-ALMAC,ZM-PT01,3001630,1,0
D2-13-04-01,ALMAC,D2,ZA-AVAR,ZS-ALMAC,ZM-PT01,3001630,1,0
D2-14-01-01,PICK,D2,ZA-PICK,ZS-PICKSMK,ZM-PT01,3001640,1,1
D2-14-02-01,ALMAC,D2,ZA-AVAR,ZS-ALMAC,ZM-PT01,3001640,1,0
D2-14-03-01,ALMAC,D2,ZA-AVAR,ZS-ALMAC,ZM-PT01,3001640,1,0
D2-14-04-01,ALMAC,D2,ZA-AVAR,ZS-ALMAC,ZM-PT01,3001640,1,0
D2-15-01-01,PICK,D2,ZA-PICK,ZS-PICKSMK,ZM-PT01,3001650,1,1
D2-15-02-01,ALMAC,D2,ZA-AVAR,ZS-ALMAC,ZM-PT01,3001650,1,0
D2-15-03-01,ALMAC,D2,ZA-AVAR,ZS-ALMAC,ZM-PT01,3001650,1,0
D2-15-04-01,ALMAC,D2,ZA-AVAR,ZS-ALMAC,ZM-PT01,3001650,1,0
D2-16-01-01,PICK,D2,ZA-PICK,ZS-PICKSMK,ZM-PT01,3001660,1,1
D2-16-02-01,ALMAC,D2,ZA-AVAR,ZS-ALMAC,ZM-PT01,3001660,1,0
D2-16-03-01,ALMAC,D2,ZA-AVAR,ZS-ALMAC,ZM-PT01,3001660,1,0
D2-16-04-01,ALMAC,D2,ZA-AVAR,ZS-ALMAC,ZM-PT01,3001660,1,0
D2-17-01-01,PICK,D2,ZA-PICK,ZS-PICKSMK,ZM-PT01,3001670,1,1
D2-17-02-01,ALMAC,D2,ZA-AVAR,ZS-ALMAC,ZM-PT01,3001670,1,0
D2-17-03-01,ALMAC,D2,ZA-AVAR,ZS-ALMAC,ZM-PT01,3001670,1,0
D2-17-04-01,ALMAC,D2,ZA-AVAR,ZS-ALMAC,ZM-PT01,3001670,1,0
D2-18-01-01,PICK,D2,ZA-PICK,ZS-PICKSMK,ZM-PT01,3001680,1,1
D2-18-02-01,ALMAC,D2,ZA-AVAR,ZS-ALMAC,ZM-PT01,3001680,1,0
D2-18-03-01,ALMAC,D2,ZA-AVAR,ZS-ALMAC,ZM-PT01,3001680,1,0
D2-18-04-01,ALMAC,D2,ZA-AVAR,ZS-ALMAC,ZM-PT01,3001680,1,0
D2-19-01-01,PICK,D2,ZA-PICK,ZS-PICKSMK,ZM-PT01,3001690,1,1
D2-19-02-01,ALMAC,D2,ZA-AVAR,ZS-ALMAC,ZM-PT01,3001690,1,0
D2-19-03-01,ALMAC,D2,ZA-AVAR,ZS-ALMAC,ZM-PT01,3001690,1,0
D2-19-04-01,ALMAC,D2,ZA-AVAR,ZS-ALMAC,ZM-PT01,3001690,1,0
D2-20-01-01,PICK,D2,ZA-PICK,ZS-PICKSMK,ZM-PT01,3001700,1,1
D2-20-02-01,ALMAC,D2,ZA-AVAR,ZS-ALMAC,ZM-PT01,3001700,1,0
D2-20-03-01,ALMAC,D2,ZA-AVAR,ZS-ALMAC,ZM-PT01,3001700,1,0
D2-20-04-01,ALMAC,D2,ZA-AVAR,ZS-ALMAC,ZM-PT01,3001700,1,0
D2-21-01-01,PICK,D2,ZA-PICK,ZS-PICKSMK,ZM-PT01,3001710,1,1
D2-21-02-01,ALMAC,D2,ZA-AVAR,ZS-ALMAC,ZM-PT01,3001710,1,0
D2-21-03-01,ALMAC,D2,ZA-AVAR,ZS-ALMAC,ZM-PT01,3001710,1,0
D2-21-04-01,ALMAC,D2,ZA-AVAR,ZS-ALMAC,ZM-PT01,3001710,1,0
D2-22-01-01,PICK,D2,ZA-PICK,ZS-PICKSMK,ZM-PT01,3001720,1,1
D2-22-02-01,ALMAC,D2,ZA-AVAR,ZS-ALMAC,ZM-PT01,3001720,1,0
D2-22-03-01,ALMAC,D2,ZA-AVAR,ZS-ALMAC,ZM-PT01,3001720,1,0
D2-22-04-01,ALMAC,D2,ZA-AVAR,ZS-ALMAC,ZM-PT01,3001720,1,0
D2-23-01-01,PICK,D2,ZA-PICK,ZS-PICKSMK,ZM-PT01,3001730,1,1
D2-23-02-01,ALMAC,D2,ZA-AVAR,ZS-ALMAC,ZM-PT01,3001730,1,0
D2-23-03-01,ALMAC,D2,ZA-AVAR,ZS-ALMAC,ZM-PT01,3001730,1,0
D2-23-04-01,ALMAC,D2,ZA-AVAR,ZS-ALMAC,ZM-PT01,3001730,1,0
D2-24-01-01,PICK,D2,ZA-PICK,ZS-PICKSMK,ZM-PT01,3001740,1,1
D2-24-02-01,ALMAC,D2,ZA-AVAR,ZS-ALMAC,ZM-PT01,3001740,1,0
D2-24-03-01,ALMAC,D2,ZA-AVAR,ZS-ALMAC,ZM-PT01,3001740,1,0
D2-24-04-01,ALMAC,D2,ZA-AVAR,ZS-ALMAC,ZM-PT01,3001740,1,0
D2-25-01-01,PICK,D2,ZA-PICK,ZS-PICKSMK,ZM-PT01,3001750,1,1
D2-25-02-01,ALMAC,D2,ZA-AVAR,ZS-ALMAC,ZM-PT01,3001750,1,0
D2-25-03-01,ALMAC,D2,ZA-AVAR,ZS-ALMAC,ZM-PT01,3001750,1,0
D2-25-04-01,ALMAC,D2,ZA-AVAR,ZS-ALMAC,ZM-PT01,3001750,1,0
D2-26-01-01,PICK,D2,ZA-PICK,ZS-PICKSMK,ZM-PT01,3001760,1,1
D2-26-02-01,ALMAC,D2,ZA-AVAR,ZS-ALMAC,ZM-PT01,3001760,1,0
D2-26-03-01,ALMAC,D2,ZA-AVAR,ZS-ALMAC,ZM-PT01,3001760,1,0
D2-26-04-01,ALMAC,D2,ZA-AVAR,ZS-ALMAC,ZM-PT01,3001760,1,0
D2-27-01-01,PICK,D2,ZA-PICK,ZS-PICKSMK,ZM-PT01,3001770,1,1
D2-27-02-01,ALMAC,D2,ZA-AVAR,ZS-ALMAC,ZM-PT01,3001770,1,0
D2-27-03-01,ALMAC,D2,ZA-AVAR,ZS-ALMAC,ZM-PT01,3001770,1,0
D2-27-04-01,ALMAC,D2,ZA-AVAR,ZS-ALMAC,ZM-PT01,3001770,1,0
D2-28-01-01,PICK,D2,ZA-PICK,ZS-PICKSMK,ZM-PT01,3001780,1,1
D2-28-02-01,ALMAC,D2,ZA-AVAR,ZS-ALMAC,ZM-PT01,3001780,1,0
D2-28-03-01,ALMAC,D2,ZA-AVAR,ZS-ALMAC,ZM-PT01,3001780,1,0
D2-28-04-01,ALMAC,D2,ZA-AVAR,ZS-ALMAC,ZM-PT01,3001780,1,0
D2-29-01-01,PICK,D2,ZA-PICK,ZS-PICKSMK,ZM-PT01,3001790,1,1
D2-29-02-01,ALMAC,D2,ZA-AVAR,ZS-ALMAC,ZM-PT01,3001790,1,0
D2-29-03-01,ALMAC,D2,ZA-AVAR,ZS-ALMAC,ZM-PT01,3001790,1,0
D2-29-04-01,ALMAC,D2,ZA-AVAR,ZS-ALMAC,ZM-PT01,3001790,1,0
D2-30-01-01,PICK,D2,ZA-PICK,ZS-PICKSMK,ZM-PT01,3001800,1,1
D2-30-02-01,ALMAC,D2,ZA-AVAR,ZS-ALMAC,ZM-PT01,3001800,1,0
D2-30-03-01,ALMAC,D2,ZA-AVAR,ZS-ALMAC,ZM-PT01,3001800,1,0
D2-30-04-01,ALMAC,D2,ZA-AVAR,ZS-ALMAC,ZM-PT01,3001800,1,0
D2-31-01-01,PICK,D2,ZA-PICK,ZS-PICKSMK,ZM-PT01,3001810,1,1
D2-31-02-01,ALMAC,D2,ZA-AVAR,ZS-ALMAC,ZM-PT01,3001810,1,0
D2-31-03-01,ALMAC,D2,ZA-AVAR,ZS-ALMAC,ZM-PT01,3001810,1,0
D2-31-04-01,ALMAC,D2,ZA-AVAR,ZS-ALMAC,ZM-PT01,3001810,1,0
D2-32-01-01,PICK,D2,ZA-PICK,ZS-PICKSMK,ZM-PT01,3001820,1,1
D2-32-02-01,ALMAC,D2,ZA-AVAR,ZS-ALMAC,ZM-PT01,3001820,1,0
D2-32-03-01,ALMAC,D2,ZA-AVAR,ZS-ALMAC,ZM-PT01,3001820,1,0
D2-32-04-01,ALMAC,D2,ZA-AVAR,ZS-ALMAC,ZM-PT01,3001820,1,0
D2-33-01-01,PICK,D2,ZA-PICK,ZS-PICKSMK,ZM-PT01,3001830,1,1
D2-33-02-01,ALMAC,D2,ZA-AVAR,ZS-ALMAC,ZM-PT01,3001830,1,0
D2-33-03-01,ALMAC,D2,ZA-AVAR,ZS-ALMAC,ZM-PT01,3001830,1,0
D2-33-04-01,ALMAC,D2,ZA-AVAR,ZS-ALMAC,ZM-PT01,3001830,1,0
D2-34-01-01,PICK,D2,ZA-PICK,ZS-PICKSMK,ZM-PT01,3001840,1,1
D2-34-02-01,ALMAC,D2,ZA-AVAR,ZS-ALMAC,ZM-PT01,3001840,1,0
D2-34-03-01,ALMAC,D2,ZA-AVAR,ZS-ALMAC,ZM-PT01,3001840,1,0
D2-34-04-01,ALMAC,D2,ZA-AVAR,ZS-ALMAC,ZM-PT01,3001840,1,0
D2-35-01-01,PICK,D2,ZA-PICK,ZS-PICKSMK,ZM-PT01,3001850,1,1
D2-35-02-01,ALMAC,D2,ZA-AVAR,ZS-ALMAC,ZM-PT01,3001850,1,0
D2-35-03-01,ALMAC,D2,ZA-AVAR,ZS-ALMAC,ZM-PT01,3001850,1,0
D2-35-04-01,ALMAC,D2,ZA-AVAR,ZS-ALMAC,ZM-PT01,3001850,1,0
D2-36-01-01,PICK,D2,ZA-PICK,ZS-PICKSMK,ZM-PT01,3001860,1,1
D2-36-02-01,ALMAC,D2,ZA-AVAR,ZS-ALMAC,ZM-PT01,3001860,1,0
D2-36-03-01,ALMAC,D2,ZA-AVAR,ZS-ALMAC,ZM-PT01,3001860,1,0
D2-36-04-01,ALMAC,D2,ZA-AVAR,ZS-ALMAC,ZM-PT01,3001860,1,0
D2-37-01-01,PICK,D2,ZA-PICK,ZS-PICKSMK,ZM-PT01,3001870,1,1
D2-37-02-01,ALMAC,D2,ZA-AVAR,ZS-ALMAC,ZM-PT01,3001870,1,0
D2-37-03-01,ALMAC,D2,ZA-AVAR,ZS-ALMAC,ZM-PT01,3001870,1,0
D2-37-04-01,ALMAC,D2,ZA-AVAR,ZS-ALMAC,ZM-PT01,3001870,1,0
DI-08,PICK,DI,ZA-PICK,ZS-PICKGRAL,ZM-PT01,3001880,1,1
DI-07,PICK,DI,ZA-PICK,ZS-PICKGRAL,ZM-PT01,3001890,1,1
DI-06,PICK,DI,ZA-PICK,ZS-PICKGRAL,ZM-PT01,3001900,1,1
DI-05,PICK,DI,ZA-PICK,ZS-PICKGRAL,ZM-PT01,3001910,1,1
DI-04,PICK,DI,ZA-PICK,ZS-PICKGRAL,ZM-PT01,3001920,1,1
DI-03,PICK,DI,ZA-PICK,ZS-PICKGRAL,ZM-PT01,3001930,1,1
DI-02,PICK,DI,ZA-PICK,ZS-PICKGRAL,ZM-PT01,3001940,1,1
DI-01,PICK,DI,ZA-PICK,ZS-PICKGRAL,ZM-PT01,3001950,1,1
E1-08-01-01,PICK,E1,ZA-PICK,ZS-PICKGRAL,ZM-PT01,4000100,1,1
E1-08-02-01,ALMAC,E1,ZA-AVINOS,ZS-ALMAC,ZM-PT01,4000100,1,0
E1-08-03-01,ALMAC,E1,ZA-AVINOS,ZS-ALMAC,ZM-PT01,4000100,1,0
E1-08-04-01,ALMAC,E1,ZA-AVINOS,ZS-ALMAC,ZM-PT01,4000100,1,0
E1-09-01-01,PICK,E1,ZA-PICK,ZS-PICKGRAL,ZM-PT01,4000110,1,1
E1-09-02-01,ALMAC,E1,ZA-AVINOS,ZS-ALMAC,ZM-PT01,4000110,1,0
E1-09-03-01,ALMAC,E1,ZA-AVINOS,ZS-ALMAC,ZM-PT01,4000110,1,0
E1-09-04-01,ALMAC,E1,ZA-AVINOS,ZS-ALMAC,ZM-PT01,4000110,1,0
E1-10-01-01,PICK,E1,ZA-PICK,ZS-PICKGRAL,ZM-PT01,4000120,1,1
E1-10-02-01,ALMAC,E1,ZA-AVINOS,ZS-ALMAC,ZM-PT01,4000120,1,0
E1-10-03-01,ALMAC,E1,ZA-AVINOS,ZS-ALMAC,ZM-PT01,4000120,1,0
E1-10-04-01,ALMAC,E1,ZA-AVINOS,ZS-ALMAC,ZM-PT01,4000120,1,0
E1-11-01-01,PICK,E1,ZA-PICK,ZS-PICKGRAL,ZM-PT01,4000130,1,1
E1-11-02-01,ALMAC,E1,ZA-AVINOS,ZS-ALMAC,ZM-PT01,4000130,1,0
E1-11-03-01,ALMAC,E1,ZA-AVINOS,ZS-ALMAC,ZM-PT01,4000130,1,0
E1-11-04-01,ALMAC,E1,ZA-AVINOS,ZS-ALMAC,ZM-PT01,4000130,1,0
E1-12-01-01,PICK,E1,ZA-PICK,ZS-PICKGRAL,ZM-PT01,4000140,1,1
E1-12-02-01,ALMAC,E1,ZA-AVINOS,ZS-ALMAC,ZM-PT01,4000140,1,0
E1-12-03-01,ALMAC,E1,ZA-AVINOS,ZS-ALMAC,ZM-PT01,4000140,1,0
E1-12-04-01,ALMAC,E1,ZA-AVINOS,ZS-ALMAC,ZM-PT01,4000140,1,0
E1-13-01-01,PICK,E1,ZA-PICK,ZS-PICKGRAL,ZM-PT01,4000150,1,1
E1-13-02-01,ALMAC,E1,ZA-AVINOS,ZS-ALMAC,ZM-PT01,4000150,1,0
E1-13-03-01,ALMAC,E1,ZA-AVINOS,ZS-ALMAC,ZM-PT01,4000150,1,0
E1-13-04-01,ALMAC,E1,ZA-AVINOS,ZS-ALMAC,ZM-PT01,4000150,1,0
E1-14-01-01,PICK,E1,ZA-PICK,ZS-PICKGRAL,ZM-PT01,4000160,1,1
E1-14-02-01,ALMAC,E1,ZA-AVINOS,ZS-ALMAC,ZM-PT01,4000160,1,0
E1-14-03-01,ALMAC,E1,ZA-AVINOS,ZS-ALMAC,ZM-PT01,4000160,1,0
E1-14-04-01,ALMAC,E1,ZA-AVINOS,ZS-ALMAC,ZM-PT01,4000160,1,0
E1-15-01-01,PICK,E1,ZA-PICK,ZS-PICKGRAL,ZM-PT01,4000170,1,1
E1-15-02-01,ALMAC,E1,ZA-AVINOS,ZS-ALMAC,ZM-PT01,4000170,1,0
E1-15-03-01,ALMAC,E1,ZA-AVINOS,ZS-ALMAC,ZM-PT01,4000170,1,0
E1-15-04-01,ALMAC,E1,ZA-AVINOS,ZS-ALMAC,ZM-PT01,4000170,1,0
E1-16-01-01,PICK,E1,ZA-PICK,ZS-PICKGRAL,ZM-PT01,4000180,1,1
E1-16-02-01,ALMAC,E1,ZA-AVINOS,ZS-ALMAC,ZM-PT01,4000180,1,0
E1-16-03-01,ALMAC,E1,ZA-AVINOS,ZS-ALMAC,ZM-PT01,4000180,1,0
E1-16-04-01,ALMAC,E1,ZA-AVINOS,ZS-ALMAC,ZM-PT01,4000180,1,0
E1-17-01-01,PICK,E1,ZA-PICK,ZS-PICKGRAL,ZM-PT01,4000190,1,1
E1-17-02-01,ALMAC,E1,ZA-AVINOS,ZS-ALMAC,ZM-PT01,4000190,1,0
E1-17-03-01,ALMAC,E1,ZA-AVINOS,ZS-ALMAC,ZM-PT01,4000190,1,0
E1-17-04-01,ALMAC,E1,ZA-AVINOS,ZS-ALMAC,ZM-PT01,4000190,1,0
E1-18-01-01,PICK,E1,ZA-PICK,ZS-PICKGRAL,ZM-PT01,4000200,1,1
E1-18-02-01,ALMAC,E1,ZA-AVINOS,ZS-ALMAC,ZM-PT01,4000200,1,0
E1-18-03-01,ALMAC,E1,ZA-AVINOS,ZS-ALMAC,ZM-PT01,4000200,1,0
E1-18-04-01,ALMAC,E1,ZA-AVINOS,ZS-ALMAC,ZM-PT01,4000200,1,0
E1-19-01-01,PICK,E1,ZA-PICK,ZS-PICKGRAL,ZM-PT01,4000210,1,1
E1-19-02-01,ALMAC,E1,ZA-AVINOS,ZS-ALMAC,ZM-PT01,4000210,1,0
E1-19-03-01,ALMAC,E1,ZA-AVINOS,ZS-ALMAC,ZM-PT01,4000210,1,0
E1-19-04-01,ALMAC,E1,ZA-AVINOS,ZS-ALMAC,ZM-PT01,4000210,1,0
E1-20-01-01,PICK,E1,ZA-PICK,ZS-PICKGRAL,ZM-PT01,4000220,1,1
E1-20-02-01,ALMAC,E1,ZA-AVINOS,ZS-ALMAC,ZM-PT01,4000220,1,0
E1-20-03-01,ALMAC,E1,ZA-AVINOS,ZS-ALMAC,ZM-PT01,4000220,1,0
E1-20-04-01,ALMAC,E1,ZA-AVINOS,ZS-ALMAC,ZM-PT01,4000220,1,0
E1-21-01-01,PICK,E1,ZA-PICK,ZS-PICKGRAL,ZM-PT01,4000230,1,1
E1-21-02-01,ALMAC,E1,ZA-AVINOS,ZS-ALMAC,ZM-PT01,4000230,1,0
E1-21-03-01,ALMAC,E1,ZA-AVINOS,ZS-ALMAC,ZM-PT01,4000230,1,0
E1-21-04-01,ALMAC,E1,ZA-AVINOS,ZS-ALMAC,ZM-PT01,4000230,1,0
E1-22-01-01,PICK,E1,ZA-PICK,ZS-PICKGRAL,ZM-PT01,4000240,1,1
E1-22-02-01,ALMAC,E1,ZA-AVINOS,ZS-ALMAC,ZM-PT01,4000240,1,0
E1-22-03-01,ALMAC,E1,ZA-AVINOS,ZS-ALMAC,ZM-PT01,4000240,1,0
E1-22-04-01,ALMAC,E1,ZA-AVINOS,ZS-ALMAC,ZM-PT01,4000240,1,0
E1-23-01-01,PICK,E1,ZA-PICK,ZS-PICKGRAL,ZM-PT01,4000250,1,1
E1-23-02-01,ALMAC,E1,ZA-AVINOS,ZS-ALMAC,ZM-PT01,4000250,1,0
E1-23-03-01,ALMAC,E1,ZA-AVINOS,ZS-ALMAC,ZM-PT01,4000250,1,0
E1-23-04-01,ALMAC,E1,ZA-AVINOS,ZS-ALMAC,ZM-PT01,4000250,1,0
E1-24-01-01,PICK,E1,ZA-PICK,ZS-PICKGRAL,ZM-PT01,4000260,1,1
E1-24-02-01,ALMAC,E1,ZA-AVINOS,ZS-ALMAC,ZM-PT01,4000260,1,0
E1-24-03-01,ALMAC,E1,ZA-AVINOS,ZS-ALMAC,ZM-PT01,4000260,1,0
E1-24-04-01,ALMAC,E1,ZA-AVINOS,ZS-ALMAC,ZM-PT01,4000260,1,0
E1-25-01-01,PICK,E1,ZA-PICK,ZS-PICKGRAL,ZM-PT01,4000270,1,1
E1-25-02-01,ALMAC,E1,ZA-AVINOS,ZS-ALMAC,ZM-PT01,4000270,1,0
E1-25-03-01,ALMAC,E1,ZA-AVINOS,ZS-ALMAC,ZM-PT01,4000270,1,0
E1-25-04-01,ALMAC,E1,ZA-AVINOS,ZS-ALMAC,ZM-PT01,4000270,1,0
E1-26-01-01,PICK,E1,ZA-PICK,ZS-PICKGRAL,ZM-PT01,4000280,1,1
E1-26-02-01,ALMAC,E1,ZA-AVINOS,ZS-ALMAC,ZM-PT01,4000280,1,0
E1-26-03-01,ALMAC,E1,ZA-AVINOS,ZS-ALMAC,ZM-PT01,4000280,1,0
E1-26-04-01,ALMAC,E1,ZA-AVINOS,ZS-ALMAC,ZM-PT01,4000280,1,0
E1-27-01-01,PICK,E1,ZA-PICK,ZS-PICKGRAL,ZM-PT01,4000290,1,1
E1-27-02-01,ALMAC,E1,ZA-AVINOS,ZS-ALMAC,ZM-PT01,4000290,1,0
E1-27-03-01,ALMAC,E1,ZA-AVINOS,ZS-ALMAC,ZM-PT01,4000290,1,0
E1-27-04-01,ALMAC,E1,ZA-AVINOS,ZS-ALMAC,ZM-PT01,4000290,1,0
E1-28-01-01,PICK,E1,ZA-PICK,ZS-PICKGRAL,ZM-PT01,4000300,1,1
E1-28-02-01,ALMAC,E1,ZA-AVINOS,ZS-ALMAC,ZM-PT01,4000300,1,0
E1-28-03-01,ALMAC,E1,ZA-AVINOS,ZS-ALMAC,ZM-PT01,4000300,1,0
E1-28-04-01,ALMAC,E1,ZA-AVINOS,ZS-ALMAC,ZM-PT01,4000300,1,0
E1-29-01-01,PICK,E1,ZA-PICK,ZS-PICKGRAL,ZM-PT01,4000310,1,1
E1-29-02-01,ALMAC,E1,ZA-AVINOS,ZS-ALMAC,ZM-PT01,4000310,1,0
E1-29-03-01,ALMAC,E1,ZA-AVINOS,ZS-ALMAC,ZM-PT01,4000310,1,0
E1-29-04-01,ALMAC,E1,ZA-AVINOS,ZS-ALMAC,ZM-PT01,4000310,1,0
E1-30-01-01,PICK,E1,ZA-PICK,ZS-PICKGRAL,ZM-PT01,4000320,1,1
E1-30-02-01,ALMAC,E1,ZA-AVINOS,ZS-ALMAC,ZM-PT01,4000320,1,0
E1-30-03-01,ALMAC,E1,ZA-AVINOS,ZS-ALMAC,ZM-PT01,4000320,1,0
E1-30-04-01,ALMAC,E1,ZA-AVINOS,ZS-ALMAC,ZM-PT01,4000320,1,0
E1-31-01-01,PICK,E1,ZA-PICK,ZS-PICKGRAL,ZM-PT01,4000330,1,1
E1-31-02-01,ALMAC,E1,ZA-AVINOS,ZS-ALMAC,ZM-PT01,4000330,1,0
E1-31-03-01,ALMAC,E1,ZA-AVINOS,ZS-ALMAC,ZM-PT01,4000330,1,0
E1-31-04-01,ALMAC,E1,ZA-AVINOS,ZS-ALMAC,ZM-PT01,4000330,1,0
E1-32-01-01,PICK,E1,ZA-PICK,ZS-PICKGRAL,ZM-PT01,4000340,1,1
E1-32-02-01,ALMAC,E1,ZA-AVINOS,ZS-ALMAC,ZM-PT01,4000340,1,0
E1-32-03-01,ALMAC,E1,ZA-AVINOS,ZS-ALMAC,ZM-PT01,4000340,1,0
E1-32-04-01,ALMAC,E1,ZA-AVINOS,ZS-ALMAC,ZM-PT01,4000340,1,0
E1-33-01-01,PICK,E1,ZA-PICK,ZS-PICKGRAL,ZM-PT01,4000350,1,1
E1-33-02-01,ALMAC,E1,ZA-AVINOS,ZS-ALMAC,ZM-PT01,4000350,1,0
E1-33-03-01,ALMAC,E1,ZA-AVINOS,ZS-ALMAC,ZM-PT01,4000350,1,0
E1-33-04-01,ALMAC,E1,ZA-AVINOS,ZS-ALMAC,ZM-PT01,4000350,1,0
E1-34-01-01,PICK,E1,ZA-PICK,ZS-PICKGRAL,ZM-PT01,4000360,1,1
E1-34-02-01,ALMAC,E1,ZA-AVINOS,ZS-ALMAC,ZM-PT01,4000360,1,0
E1-34-03-01,ALMAC,E1,ZA-AVINOS,ZS-ALMAC,ZM-PT01,4000360,1,0
E1-34-04-01,ALMAC,E1,ZA-AVINOS,ZS-ALMAC,ZM-PT01,4000360,1,0
E1-35-01-01,PICK,E1,ZA-PICK,ZS-PICKGRAL,ZM-PT01CJ,4000370,1,1
E1-35-02-01,ALMAC,E1,ZA-AVINOS,ZS-ALMAC,ZM-PT01,4000370,1,0
E1-35-03-01,ALMAC,E1,ZA-AVINOS,ZS-ALMAC,ZM-PT01,4000370,1,0
E1-35-04-01,ALMAC,E1,ZA-AVINOS,ZS-ALMAC,ZM-PT01,4000370,1,0
E1-35-01-02,PICK,E1,ZA-PICK,ZS-PICKGRAL,ZM-PT01CJ,4000380,1,1
E1-36-01-01,PICK,E1,ZA-PICK,ZS-PICKGRAL,ZM-PT01CJ,4000390,1,1
E1-36-02-01,ALMAC,E1,ZA-AVINOS,ZS-ALMAC,ZM-PT01,4000390,1,0
E1-36-03-01,ALMAC,E1,ZA-AVINOS,ZS-ALMAC,ZM-PT01,4000390,1,0
E1-36-04-01,ALMAC,E1,ZA-AVINOS,ZS-ALMAC,ZM-PT01,4000390,1,0
E1-36-01-02,PICK,E1,ZA-PICK,ZS-PICKGRAL,ZM-PT01CJ,4000400,1,1
E1-37-01-01,PICK,E1,ZA-PICK,ZS-PICKGRAL,ZM-PT01CJ,4000410,1,1
E1-37-02-01,ALMAC,E1,ZA-AVINOS,ZS-ALMAC,ZM-PT01,4000410,1,0
E1-37-03-01,ALMAC,E1,ZA-AVINOS,ZS-ALMAC,ZM-PT01,4000410,1,0
E1-37-04-01,ALMAC,E1,ZA-AVINOS,ZS-ALMAC,ZM-PT01,4000410,1,0
E1-37-01-02,PICK,E1,ZA-PICK,ZS-PICKGRAL,ZM-PT01CJ,4000420,1,1
E1-37-01-03,PICK,E1,ZA-PICK,ZS-PICKGRAL,ZM-PT01CJ,4000430,1,1
E1-38-01-01,PICK,E1,ZA-PICK,ZS-PICKGRAL,ZM-PT01CJ,4000440,1,1
E1-38-02-01,ALMAC,E1,ZA-AVINOS,ZS-ALMAC,ZM-PT01,4000440,1,0
E1-38-03-01,ALMAC,E1,ZA-AVINOS,ZS-ALMAC,ZM-PT01,4000440,1,0
E1-38-04-01,ALMAC,E1,ZA-AVINOS,ZS-ALMAC,ZM-PT01,4000440,1,0
E1-38-01-02,PICK,E1,ZA-PICK,ZS-PICKGRAL,ZM-PT01CJ,4000450,1,1
E1-39-01-01,PICK,E1,ZA-PICK,ZS-PICKGRAL,ZM-PT01CJ,4000460,1,1
E1-39-02-01,ALMAC,E1,ZA-AVINOS,ZS-ALMAC,ZM-PT01,4000460,1,0
E1-39-03-01,ALMAC,E1,ZA-AVINOS,ZS-ALMAC,ZM-PT01,4000460,1,0
E1-39-04-01,ALMAC,E1,ZA-AVINOS,ZS-ALMAC,ZM-PT01,4000460,1,0
E1-39-01-02,PICK,E1,ZA-PICK,ZS-PICKGRAL,ZM-PT01CJ,4000470,1,1
E1-40-01-01,PICK,E1,ZA-PICK,ZS-PICKGRAL,ZM-PT01CJ,4000480,1,1
E1-40-02-01,ALMAC,E1,ZA-AVINOS,ZS-ALMAC,ZM-PT01,4000480,1,0
E1-40-03-01,ALMAC,E1,ZA-AVINOS,ZS-ALMAC,ZM-PT01,4000480,1,0
E1-40-04-01,ALMAC,E1,ZA-AVINOS,ZS-ALMAC,ZM-PT01,4000480,1,0
E1-40-01-02,PICK,E1,ZA-PICK,ZS-PICKGRAL,ZM-PT01CJ,4000490,1,1
D2-40-01-02,PICK,D2,ZA-PICK,ZS-PICKGRAL,ZM-PT01CJ,4000500,1,1
D2-40-02-01,ALMAC,D2,ZA-AVINOS,ZS-ALMAC,ZM-PT01,4000500,1,0
D2-40-01-01,PICK,D2,ZA-PICK,ZS-PICKGRAL,ZM-PT01CJ,4000510,1,1
D2-40-03-01,ALMAC,D2,ZA-AVINOS,ZS-ALMAC,ZM-PT01,4000510,1,0
D2-40-04-01,ALMAC,D2,ZA-AVINOS,ZS-ALMAC,ZM-PT01,4000510,1,0
D2-39-01-02,PICK,D2,ZA-PICK,ZS-PICKGRAL,ZM-PT01CJ,4000520,1,1
D2-39-02-01,ALMAC,D2,ZA-AVINOS,ZS-ALMAC,ZM-PT01,4000520,1,0
D2-39-01-01,PICK,D2,ZA-PICK,ZS-PICKGRAL,ZM-PT01CJ,4000530,1,1
D2-39-03-01,ALMAC,D2,ZA-AVINOS,ZS-ALMAC,ZM-PT01,4000530,1,0
D2-39-04-01,ALMAC,D2,ZA-AVINOS,ZS-ALMAC,ZM-PT01,4000530,1,0
D2-38-01-01,PICK,D2,ZA-PICK,ZS-PICKGRAL,ZM-PT01,4000540,1,1
D2-38-02-01,ALMAC,D2,ZA-AVINOS,ZS-ALMAC,ZM-PT01,4000540,1,0
D2-38-03-01,ALMAC,D2,ZA-AVINOS,ZS-ALMAC,ZM-PT01,4000540,1,0
D2-38-04-01,ALMAC,D2,ZA-AVINOS,ZS-ALMAC,ZM-PT01,4000540,1,0
R1-01,PICK,R1,ZA-PICK,ZS-PICKGRAL,ZM-PT01,5000100,1,1
R1-02,PICK,R1,ZA-PICK,ZS-PICKGRAL,ZM-PT01,5000110,1,1
R1-03,PICK,R1,ZA-PICK,ZS-PICKGRAL,ZM-PT01,5000120,1,1
R1-04,PICK,R1,ZA-PICK,ZS-PICKGRAL,ZM-PT01,5000130,1,1
R1-05,PICK,R1,ZA-PICK,ZS-PICKGRAL,ZM-PT01,5000140,1,1
R1-06,PICK,R1,ZA-PICK,ZS-PICKGRAL,ZM-PT01,5000150,1,1
E2-40-01-01,PICK,E2,ZA-PICK,ZS-PICKGRAL,ZM-PT01,5000160,1,1
E2-40-02-01,ALMAC,E2,ZA-ARET,ZS-ALMAC,ZM-PT01,5000160,1,0
E2-40-03-01,ALMAC,E2,ZA-ARET,ZS-ALMAC,ZM-PT01,5000160,1,0
E2-40-04-01,ALMAC,E2,ZA-ARET,ZS-ALMAC,ZM-PT01,5000160,1,0
E2-39-01-01,PICK,E2,ZA-PICK,ZS-PICKGRAL,ZM-PT01,5000170,1,1
E2-39-02-01,ALMAC,E2,ZA-ARET,ZS-ALMAC,ZM-PT01,5000170,1,0
E2-39-03-01,ALMAC,E2,ZA-ARET,ZS-ALMAC,ZM-PT01,5000170,1,0
E2-39-04-01,ALMAC,E2,ZA-ARET,ZS-ALMAC,ZM-PT01,5000170,1,0
E2-38-01-01,PICK,E2,ZA-PICK,ZS-PICKGRAL,ZM-PT01,5000180,1,1
E2-38-02-01,ALMAC,E2,ZA-ARET,ZS-ALMAC,ZM-PT01,5000180,1,0
E2-38-03-01,ALMAC,E2,ZA-ARET,ZS-ALMAC,ZM-PT01,5000180,1,0
E2-38-04-01,ALMAC,E2,ZA-ARET,ZS-ALMAC,ZM-PT01,5000180,1,0
E2-37-01-01,PICK,E2,ZA-PICK,ZS-PICKGRAL,ZM-PT01,5000190,1,1
E2-37-02-01,ALMAC,E2,ZA-ARET,ZS-ALMAC,ZM-PT01,5000190,1,0
E2-37-03-01,ALMAC,E2,ZA-ARET,ZS-ALMAC,ZM-PT01,5000190,1,0
E2-37-04-01,ALMAC,E2,ZA-ARET,ZS-ALMAC,ZM-PT01,5000190,1,0
E2-36-01-01,PICK,E2,ZA-PICK,ZS-PICKGRAL,ZM-PT01,5000200,1,1
E2-36-02-01,ALMAC,E2,ZA-ARET,ZS-ALMAC,ZM-PT01,5000200,1,0
E2-36-03-01,ALMAC,E2,ZA-ARET,ZS-ALMAC,ZM-PT01,5000200,1,0
E2-36-04-01,ALMAC,E2,ZA-ARET,ZS-ALMAC,ZM-PT01,5000200,1,0
E2-35-01-01,PICK,E2,ZA-PICK,ZS-PICKGRAL,ZM-PT01,5000210,1,1
E2-35-02-01,ALMAC,E2,ZA-ARET,ZS-ALMAC,ZM-PT01,5000210,1,0
E2-35-03-01,ALMAC,E2,ZA-ARET,ZS-ALMAC,ZM-PT01,5000210,1,0
E2-35-04-01,ALMAC,E2,ZA-ARET,ZS-ALMAC,ZM-PT01,5000210,1,0
E2-34-01-01,PICK,E2,ZA-PICK,ZS-PICKGRAL,ZM-PT01,5000220,1,1
E2-34-02-01,ALMAC,E2,ZA-ARET,ZS-ALMAC,ZM-PT01,5000220,1,0
E2-34-03-01,ALMAC,E2,ZA-ARET,ZS-ALMAC,ZM-PT01,5000220,1,0
E2-34-04-01,ALMAC,E2,ZA-ARET,ZS-ALMAC,ZM-PT01,5000220,1,0
E2-33-01-01,PICK,E2,ZA-PICK,ZS-PICKGRAL,ZM-PT01,5000230,1,1
E2-33-02-01,ALMAC,E2,ZA-ARET,ZS-ALMAC,ZM-PT01,5000230,1,0
E2-33-03-01,ALMAC,E2,ZA-ARET,ZS-ALMAC,ZM-PT01,5000230,1,0
E2-33-04-01,ALMAC,E2,ZA-ARET,ZS-ALMAC,ZM-PT01,5000230,1,0
E2-32-01-01,PICK,E2,ZA-PICK,ZS-PICKGRAL,ZM-PT01,5000240,1,1
E2-32-02-01,ALMAC,E2,ZA-ARET,ZS-ALMAC,ZM-PT01,5000240,1,0
E2-32-03-01,ALMAC,E2,ZA-ARET,ZS-ALMAC,ZM-PT01,5000240,1,0
E2-32-04-01,ALMAC,E2,ZA-ARET,ZS-ALMAC,ZM-PT01,5000240,1,0
E2-31-01-01,PICK,E2,ZA-PICK,ZS-PICKGRAL,ZM-PT01,5000250,1,1
E2-31-02-01,ALMAC,E2,ZA-ARET,ZS-ALMAC,ZM-PT01,5000250,1,0
E2-31-03-01,ALMAC,E2,ZA-ARET,ZS-ALMAC,ZM-PT01,5000250,1,0
E2-31-04-01,ALMAC,E2,ZA-ARET,ZS-ALMAC,ZM-PT01,5000250,1,0
E2-30-01-01,PICK,E2,ZA-PICK,ZS-PICKGRAL,ZM-PT01,5000260,1,1
E2-30-02-01,ALMAC,E2,ZA-ARET,ZS-ALMAC,ZM-PT01,5000260,1,0
E2-30-03-01,ALMAC,E2,ZA-ARET,ZS-ALMAC,ZM-PT01,5000260,1,0
E2-30-04-01,ALMAC,E2,ZA-ARET,ZS-ALMAC,ZM-PT01,5000260,1,0
E2-29-01-01,PICK,E2,ZA-PICK,ZS-PICKGRAL,ZM-PT01,5000270,1,1
E2-29-02-01,ALMAC,E2,ZA-ARET,ZS-ALMAC,ZM-PT01,5000270,1,0
E2-29-03-01,ALMAC,E2,ZA-ARET,ZS-ALMAC,ZM-PT01,5000270,1,0
E2-29-04-01,ALMAC,E2,ZA-ARET,ZS-ALMAC,ZM-PT01,5000270,1,0
E2-28-01-01,PICK,E2,ZA-PICK,ZS-PICKGRAL,ZM-PT01,5000280,1,1
E2-28-02-01,ALMAC,E2,ZA-ARET,ZS-ALMAC,ZM-PT01,5000280,1,0
E2-28-03-01,ALMAC,E2,ZA-ARET,ZS-ALMAC,ZM-PT01,5000280,1,0
E2-28-04-01,ALMAC,E2,ZA-ARET,ZS-ALMAC,ZM-PT01,5000280,1,0
E2-27-01-01,PICK,E2,ZA-PICK,ZS-PICKGRAL,ZM-PT01,5000290,1,1
E2-27-02-01,ALMAC,E2,ZA-ARET,ZS-ALMAC,ZM-PT01,5000290,1,0
E2-27-03-01,ALMAC,E2,ZA-ARET,ZS-ALMAC,ZM-PT01,5000290,1,0
E2-27-04-01,ALMAC,E2,ZA-ARET,ZS-ALMAC,ZM-PT01,5000290,1,0
E2-26-01-01,PICK,E2,ZA-PICK,ZS-PICKGRAL,ZM-PT01,5000300,1,1
E2-26-02-01,ALMAC,E2,ZA-ARET,ZS-ALMAC,ZM-PT01,5000300,1,0
E2-26-03-01,ALMAC,E2,ZA-ARET,ZS-ALMAC,ZM-PT01,5000300,1,0
E2-26-04-01,ALMAC,E2,ZA-ARET,ZS-ALMAC,ZM-PT01,5000300,1,0
E2-25-01-01,PICK,E2,ZA-PICK,ZS-PICKGRAL,ZM-PT01,5000310,1,1
E2-25-02-01,ALMAC,E2,ZA-ARET,ZS-ALMAC,ZM-PT01,5000310,1,0
E2-25-03-01,ALMAC,E2,ZA-ARET,ZS-ALMAC,ZM-PT01,5000310,1,0
E2-25-04-01,ALMAC,E2,ZA-ARET,ZS-ALMAC,ZM-PT01,5000310,1,0
E2-24-01-01,PICK,E2,ZA-PICK,ZS-PICKGRAL,ZM-PT01,5000320,1,1
E2-24-02-01,ALMAC,E2,ZA-ARET,ZS-ALMAC,ZM-PT01,5000320,1,0
E2-24-03-01,ALMAC,E2,ZA-ARET,ZS-ALMAC,ZM-PT01,5000320,1,0
E2-24-04-01,ALMAC,E2,ZA-ARET,ZS-ALMAC,ZM-PT01,5000320,1,0
E2-23-01-01,PICK,E2,ZA-PICK,ZS-PICKGRAL,ZM-PT01,5000330,1,1
E2-23-02-01,ALMAC,E2,ZA-ARET,ZS-ALMAC,ZM-PT01,5000330,1,0
E2-23-03-01,ALMAC,E2,ZA-ARET,ZS-ALMAC,ZM-PT01,5000330,1,0
E2-23-04-01,ALMAC,E2,ZA-ARET,ZS-ALMAC,ZM-PT01,5000330,1,0
E2-22-01-01,PICK,E2,ZA-PICK,ZS-PICKGRAL,ZM-PT01,5000340,1,1
E2-22-02-01,ALMAC,E2,ZA-ARET,ZS-ALMAC,ZM-PT01,5000340,1,0
E2-22-03-01,ALMAC,E2,ZA-ARET,ZS-ALMAC,ZM-PT01,5000340,1,0
E2-22-04-01,ALMAC,E2,ZA-ARET,ZS-ALMAC,ZM-PT01,5000340,1,0
E2-21-01-01,PICK,E2,ZA-PICK,ZS-PICKGRAL,ZM-PT01,5000350,1,1
E2-21-02-01,ALMAC,E2,ZA-ARET,ZS-ALMAC,ZM-PT01,5000350,1,0
E2-21-03-01,ALMAC,E2,ZA-ARET,ZS-ALMAC,ZM-PT01,5000350,1,0
E2-21-04-01,ALMAC,E2,ZA-ARET,ZS-ALMAC,ZM-PT01,5000350,1,0
E2-20-01-01,PICK,E2,ZA-PICK,ZS-PICKGRAL,ZM-PT01,5000360,1,1
E2-20-02-01,ALMAC,E2,ZA-ARET,ZS-ALMAC,ZM-PT01,5000360,1,0
E2-20-03-01,ALMAC,E2,ZA-ARET,ZS-ALMAC,ZM-PT01,5000360,1,0
E2-20-04-01,ALMAC,E2,ZA-ARET,ZS-ALMAC,ZM-PT01,5000360,1,0
E2-19-01-02,PICK,E2,ZA-PICK,ZS-PICKGRAL,ZM-PT01CJ,5000370,1,1
E2-19-02-01,ALMAC,E2,ZA-ARET,ZS-ALMAC,ZM-PT01,5000370,1,0
E2-19-01-01,PICK,E2,ZA-PICK,ZS-PICKGRAL,ZM-PT01CJ,5000380,1,1
E2-19-03-01,ALMAC,E2,ZA-ARET,ZS-ALMAC,ZM-PT01,5000380,1,0
E2-19-04-01,ALMAC,E2,ZA-ARET,ZS-ALMAC,ZM-PT01,5000380,1,0
E2-18-01-01,PICK,E2,ZA-PICK,ZS-PICKGRAL,ZM-PT01,5000390,1,1
E2-18-02-01,ALMAC,E2,ZA-ARET,ZS-ALMAC,ZM-PT01,5000390,1,0
E2-18-03-01,ALMAC,E2,ZA-ARET,ZS-ALMAC,ZM-PT01,5000390,1,0
E2-18-04-01,ALMAC,E2,ZA-ARET,ZS-ALMAC,ZM-PT01,5000390,1,0
E2-17-01-01,PICK,E2,ZA-PICK,ZS-PICKGRAL,ZM-PT01,5000400,1,1
E2-17-02-01,ALMAC,E2,ZA-ARET,ZS-ALMAC,ZM-PT01,5000400,1,0
E2-17-03-01,ALMAC,E2,ZA-ARET,ZS-ALMAC,ZM-PT01,5000400,1,0
E2-17-04-01,ALMAC,E2,ZA-ARET,ZS-ALMAC,ZM-PT01,5000400,1,0
E2-16-01-01,PICK,E2,ZA-PICK,ZS-PICKGRAL,ZM-PT01,5000410,1,1
E2-16-02-01,ALMAC,E2,ZA-ARET,ZS-ALMAC,ZM-PT01,5000410,1,0
E2-16-03-01,ALMAC,E2,ZA-ARET,ZS-ALMAC,ZM-PT01,5000410,1,0
E2-16-04-01,ALMAC,E2,ZA-ARET,ZS-ALMAC,ZM-PT01,5000410,1,0
E2-15-01-01,PICK,E2,ZA-PICK,ZS-PICKGRAL,ZM-PT01,5000420,1,1
E2-15-02-01,ALMAC,E2,ZA-ARET,ZS-ALMAC,ZM-PT01,5000420,1,0
E2-15-03-01,ALMAC,E2,ZA-ARET,ZS-ALMAC,ZM-PT01,5000420,1,0
E2-15-04-01,ALMAC,E2,ZA-ARET,ZS-ALMAC,ZM-PT01,5000420,1,0
E2-14-01-01,PICK,E2,ZA-PICK,ZS-PICKGRAL,ZM-PT01,5000430,1,1
E2-14-02-01,ALMAC,E2,ZA-ARET,ZS-ALMAC,ZM-PT01,5000430,1,0
E2-14-03-01,ALMAC,E2,ZA-ARET,ZS-ALMAC,ZM-PT01,5000430,1,0
E2-14-04-01,ALMAC,E2,ZA-ARET,ZS-ALMAC,ZM-PT01,5000430,1,0
E2-13-01-01,PICK,E2,ZA-PICK,ZS-PICKGRAL,ZM-PT01,5000440,1,1
E2-13-02-01,ALMAC,E2,ZA-ARET,ZS-ALMAC,ZM-PT01,5000440,1,0
E2-13-03-01,ALMAC,E2,ZA-ARET,ZS-ALMAC,ZM-PT01,5000440,1,0
E2-13-04-01,ALMAC,E2,ZA-ARET,ZS-ALMAC,ZM-PT01,5000440,1,0
E2-12-01-01,PICK,E2,ZA-PICK,ZS-PICKGRAL,ZM-PT01,5000450,1,1
E2-12-02-01,ALMAC,E2,ZA-ARET,ZS-ALMAC,ZM-PT01,5000450,1,0
E2-12-03-01,ALMAC,E2,ZA-ARET,ZS-ALMAC,ZM-PT01,5000450,1,0
E2-12-04-01,ALMAC,E2,ZA-ARET,ZS-ALMAC,ZM-PT01,5000450,1,0
E2-11-01-01,PICK,E2,ZA-PICK,ZS-PICKGRAL,ZM-PT01,5000460,1,1
E2-11-02-01,ALMAC,E2,ZA-ARET,ZS-ALMAC,ZM-PT01,5000460,1,0
E2-11-03-01,ALMAC,E2,ZA-ARET,ZS-ALMAC,ZM-PT01,5000460,1,0
E2-11-04-01,ALMAC,E2,ZA-ARET,ZS-ALMAC,ZM-PT01,5000460,1,0
E2-10-01-01,PICK,E2,ZA-PICK,ZS-PICKGRAL,ZM-PT01,5000470,1,1
E2-10-02-01,ALMAC,E2,ZA-ARET,ZS-ALMAC,ZM-PT01,5000470,1,0
E2-10-03-01,ALMAC,E2,ZA-ARET,ZS-ALMAC,ZM-PT01,5000470,1,0
E2-10-04-01,ALMAC,E2,ZA-ARET,ZS-ALMAC,ZM-PT01,5000470,1,0
E2-09-01-01,PICK,E2,ZA-PICK,ZS-PICKGRAL,ZM-PT01,5000480,1,1
E2-09-02-01,ALMAC,E2,ZA-ARET,ZS-ALMAC,ZM-PT01,5000480,1,0
E2-09-03-01,ALMAC,E2,ZA-ARET,ZS-ALMAC,ZM-PT01,5000480,1,0
E2-09-04-01,ALMAC,E2,ZA-ARET,ZS-ALMAC,ZM-PT01,5000480,1,0
E2-08-01-01,PICK,E2,ZA-PICK,ZS-PICKGRAL,ZM-PT01,5000490,1,1
E2-08-02-01,ALMAC,E2,ZA-ARET,ZS-ALMAC,ZM-PT01,5000490,1,0
E2-08-03-01,ALMAC,E2,ZA-ARET,ZS-ALMAC,ZM-PT01,5000490,1,0
E2-08-04-01,ALMAC,E2,ZA-ARET,ZS-ALMAC,ZM-PT01,5000490,1,0
E2-07-01-01,PICK,E2,ZA-PICK,ZS-PICKGRAL,ZM-PT01,5000500,1,1
E2-07-02-01,ALMAC,E2,ZA-ARET,ZS-ALMAC,ZM-PT01,5000500,1,0
E2-07-03-01,ALMAC,E2,ZA-ARET,ZS-ALMAC,ZM-PT01,5000500,1,0
E2-07-04-01,ALMAC,E2,ZA-ARET,ZS-ALMAC,ZM-PT01,5000500,1,0
E1-07-01-01,PICK,E1,ZA-PICK,ZS-PICKGRAL,ZM-PT01,5000510,1,1
E1-07-02-01,ALMAC,E1,ZA-ARET,ZS-ALMAC,ZM-PT01,5000510,1,0
E1-07-03-01,ALMAC,E1,ZA-AVINOS,ZS-ALMAC,ZM-PT01,5000510,1,0
E1-07-04-01,ALMAC,E1,ZA-AVINOS,ZS-ALMAC,ZM-PT01,5000510,1,0
F1-07-01-01,PICK,F1,ZA-PICK,ZS-PICKGRAL,ZM-PT01,6000100,1,1
F1-07-02-01,ALMAC,F1,ZA-ALATAS,ZS-ALMAC,ZM-PT01,6000100,1,0
F1-07-03-01,ALMAC,F1,ZA-ALATAS,ZS-ALMAC,ZM-PT01,6000100,1,0
F1-07-04-01,ALMAC,F1,ZA-ALATAS,ZS-ALMAC,ZM-PT01,6000100,1,0
F1-08-01-01,PICK,F1,ZA-PICK,ZS-PICKGRAL,ZM-PT01,6000110,1,1
F1-08-02-01,ALMAC,F1,ZA-ALATAS,ZS-ALMAC,ZM-PT01,6000110,1,0
F1-08-03-01,ALMAC,F1,ZA-ALATAS,ZS-ALMAC,ZM-PT01,6000110,1,0
F1-08-04-01,ALMAC,F1,ZA-ALATAS,ZS-ALMAC,ZM-PT01,6000110,1,0
F1-09-01-01,PICK,F1,ZA-PICK,ZS-PICKGRAL,ZM-PT01,6000120,1,1
F1-09-02-01,ALMAC,F1,ZA-ALATAS,ZS-ALMAC,ZM-PT01,6000120,1,0
F1-09-03-01,ALMAC,F1,ZA-ALATAS,ZS-ALMAC,ZM-PT01,6000120,1,0
F1-09-04-01,ALMAC,F1,ZA-ALATAS,ZS-ALMAC,ZM-PT01,6000120,1,0
F1-10-01-01,PICK,F1,ZA-PICK,ZS-PICKGRAL,ZM-PT01,6000130,1,1
F1-10-02-01,ALMAC,F1,ZA-ALATAS,ZS-ALMAC,ZM-PT01,6000130,1,0
F1-10-03-01,ALMAC,F1,ZA-ALATAS,ZS-ALMAC,ZM-PT01,6000130,1,0
F1-10-04-01,ALMAC,F1,ZA-ALATAS,ZS-ALMAC,ZM-PT01,6000130,1,0
F1-11-01-01,PICK,F1,ZA-PICK,ZS-PICKGRAL,ZM-PT01,6000140,1,1
F1-11-02-01,ALMAC,F1,ZA-ALATAS,ZS-ALMAC,ZM-PT01,6000140,1,0
F1-11-03-01,ALMAC,F1,ZA-ALATAS,ZS-ALMAC,ZM-PT01,6000140,1,0
F1-11-04-01,ALMAC,F1,ZA-ALATAS,ZS-ALMAC,ZM-PT01,6000140,1,0
F1-12-01-01,PICK,F1,ZA-PICK,ZS-PICKGRAL,ZM-PT01,6000150,1,1
F1-12-02-01,ALMAC,F1,ZA-ALATAS,ZS-ALMAC,ZM-PT01,6000150,1,0
F1-12-03-01,ALMAC,F1,ZA-ALATAS,ZS-ALMAC,ZM-PT01,6000150,1,0
F1-12-04-01,ALMAC,F1,ZA-ALATAS,ZS-ALMAC,ZM-PT01,6000150,1,0
F1-13-01-01,PICK,F1,ZA-PICK,ZS-PICKGRAL,ZM-PT01,6000160,1,1
F1-13-02-01,ALMAC,F1,ZA-ALATAS,ZS-ALMAC,ZM-PT01,6000160,1,0
F1-13-03-01,ALMAC,F1,ZA-ALATAS,ZS-ALMAC,ZM-PT01,6000160,1,0
F1-13-04-01,ALMAC,F1,ZA-ALATAS,ZS-ALMAC,ZM-PT01,6000160,1,0
F1-14-01-01,PICK,F1,ZA-PICK,ZS-PICKGRAL,ZM-PT01,6000170,1,1
F1-14-02-01,ALMAC,F1,ZA-ALATAS,ZS-ALMAC,ZM-PT01,6000170,1,0
F1-14-03-01,ALMAC,F1,ZA-ALATAS,ZS-ALMAC,ZM-PT01,6000170,1,0
F1-14-04-01,ALMAC,F1,ZA-ALATAS,ZS-ALMAC,ZM-PT01,6000170,1,0
F1-15-01-01,PICK,F1,ZA-PICK,ZS-PICKGRAL,ZM-PT01,6000180,1,1
F1-15-02-01,ALMAC,F1,ZA-ALATAS,ZS-ALMAC,ZM-PT01,6000180,1,0
F1-15-03-01,ALMAC,F1,ZA-ALATAS,ZS-ALMAC,ZM-PT01,6000180,1,0
F1-15-04-01,ALMAC,F1,ZA-ALATAS,ZS-ALMAC,ZM-PT01,6000180,1,0
F1-16-01-01,PICK,F1,ZA-PICK,ZS-PICKGRAL,ZM-PT01,6000190,1,1
F1-16-02-01,ALMAC,F1,ZA-ALATAS,ZS-ALMAC,ZM-PT01,6000190,1,0
F1-16-03-01,ALMAC,F1,ZA-ALATAS,ZS-ALMAC,ZM-PT01,6000190,1,0
F1-16-04-01,ALMAC,F1,ZA-ALATAS,ZS-ALMAC,ZM-PT01,6000190,1,0
F1-17-01-01,PICK,F1,ZA-PICK,ZS-PICKGRAL,ZM-PT01,6000200,1,1
F1-17-02-01,ALMAC,F1,ZA-ALATAS,ZS-ALMAC,ZM-PT01,6000200,1,0
F1-17-03-01,ALMAC,F1,ZA-ALATAS,ZS-ALMAC,ZM-PT01,6000200,1,0
F1-17-04-01,ALMAC,F1,ZA-ALATAS,ZS-ALMAC,ZM-PT01,6000200,1,0
F1-18-01-01,PICK,F1,ZA-PICK,ZS-PICKGRAL,ZM-PT01,6000210,1,1
F1-18-02-01,ALMAC,F1,ZA-ALATAS,ZS-ALMAC,ZM-PT01,6000210,1,0
F1-18-03-01,ALMAC,F1,ZA-ALATAS,ZS-ALMAC,ZM-PT01,6000210,1,0
F1-18-04-01,ALMAC,F1,ZA-ALATAS,ZS-ALMAC,ZM-PT01,6000210,1,0
F1-19-01-01,PICK,F1,ZA-PICK,ZS-PICKGRAL,ZM-PT01,6000220,1,1
F1-19-02-01,ALMAC,F1,ZA-ALATAS,ZS-ALMAC,ZM-PT01,6000220,1,0
F1-19-03-01,ALMAC,F1,ZA-ALATAS,ZS-ALMAC,ZM-PT01,6000220,1,0
F1-19-04-01,ALMAC,F1,ZA-ALATAS,ZS-ALMAC,ZM-PT01,6000220,1,0
F1-20-01-01,PICK,F1,ZA-PICK,ZS-PICKGRAL,ZM-PT01,6000230,1,1
F1-20-02-01,ALMAC,F1,ZA-ALATAS,ZS-ALMAC,ZM-PT01,6000230,1,0
F1-20-03-01,ALMAC,F1,ZA-ALATAS,ZS-ALMAC,ZM-PT01,6000230,1,0
F1-20-04-01,ALMAC,F1,ZA-ALATAS,ZS-ALMAC,ZM-PT01,6000230,1,0
F1-21-01-01,PICK,F1,ZA-PICK,ZS-PICKGRAL,ZM-PT01,6000240,1,1
F1-21-02-01,ALMAC,F1,ZA-ALATAS,ZS-ALMAC,ZM-PT01,6000240,1,0
F1-21-03-01,ALMAC,F1,ZA-ALATAS,ZS-ALMAC,ZM-PT01,6000240,1,0
F1-21-04-01,ALMAC,F1,ZA-ALATAS,ZS-ALMAC,ZM-PT01,6000240,1,0
F1-22-01-01,PICK,F1,ZA-PICK,ZS-PICKGRAL,ZM-PT01,6000250,1,1
F1-22-02-01,ALMAC,F1,ZA-ALATAS,ZS-ALMAC,ZM-PT01,6000250,1,0
F1-22-03-01,ALMAC,F1,ZA-ALATAS,ZS-ALMAC,ZM-PT01,6000250,1,0
F1-22-04-01,ALMAC,F1,ZA-ALATAS,ZS-ALMAC,ZM-PT01,6000250,1,0
F1-23-01-01,PICK,F1,ZA-PICK,ZS-PICKGRAL,ZM-PT01,6000260,1,1
F1-23-02-01,ALMAC,F1,ZA-ALATAS,ZS-ALMAC,ZM-PT01,6000260,1,0
F1-23-03-01,ALMAC,F1,ZA-ALATAS,ZS-ALMAC,ZM-PT01,6000260,1,0
F1-23-04-01,ALMAC,F1,ZA-ALATAS,ZS-ALMAC,ZM-PT01,6000260,1,0
F1-24-01-01,PICK,F1,ZA-PICK,ZS-PICKGRAL,ZM-PT01,6000270,1,1
F1-24-02-01,ALMAC,F1,ZA-ALATAS,ZS-ALMAC,ZM-PT01,6000270,1,0
F1-24-03-01,ALMAC,F1,ZA-ALATAS,ZS-ALMAC,ZM-PT01,6000270,1,0
F1-24-04-01,ALMAC,F1,ZA-ALATAS,ZS-ALMAC,ZM-PT01,6000270,1,0
F1-25-01-01,PICK,F1,ZA-PICK,ZS-PICKGRAL,ZM-PT01,6000280,1,1
F1-25-02-01,ALMAC,F1,ZA-ALATAS,ZS-ALMAC,ZM-PT01,6000280,1,0
F1-25-03-01,ALMAC,F1,ZA-ALATAS,ZS-ALMAC,ZM-PT01,6000280,1,0
F1-25-04-01,ALMAC,F1,ZA-ALATAS,ZS-ALMAC,ZM-PT01,6000280,1,0
F1-26-01-01,PICK,F1,ZA-PICK,ZS-PICKGRAL,ZM-PT01,6000290,1,1
F1-26-02-01,ALMAC,F1,ZA-ALATAS,ZS-ALMAC,ZM-PT01,6000290,1,0
F1-26-03-01,ALMAC,F1,ZA-ALATAS,ZS-ALMAC,ZM-PT01,6000290,1,0
F1-26-04-01,ALMAC,F1,ZA-ALATAS,ZS-ALMAC,ZM-PT01,6000290,1,0
F1-27-01-01,PICK,F1,ZA-PICK,ZS-PICKGRAL,ZM-PT01,6000300,1,1
F1-27-02-01,ALMAC,F1,ZA-ALATAS,ZS-ALMAC,ZM-PT01,6000300,1,0
F1-27-03-01,ALMAC,F1,ZA-ALATAS,ZS-ALMAC,ZM-PT01,6000300,1,0
F1-27-04-01,ALMAC,F1,ZA-ALATAS,ZS-ALMAC,ZM-PT01,6000300,1,0
F1-28-01-01,PICK,F1,ZA-PICK,ZS-PICKGRAL,ZM-PT01,6000310,1,1
F1-28-02-01,ALMAC,F1,ZA-ALATAS,ZS-ALMAC,ZM-PT01,6000310,1,0
F1-28-03-01,ALMAC,F1,ZA-ALATAS,ZS-ALMAC,ZM-PT01,6000310,1,0
F1-28-04-01,ALMAC,F1,ZA-ALATAS,ZS-ALMAC,ZM-PT01,6000310,1,0
F1-29-01-01,PICK,F1,ZA-PICK,ZS-PICKGRAL,ZM-PT01,6000320,1,1
F1-29-02-01,ALMAC,F1,ZA-ALATAS,ZS-ALMAC,ZM-PT01,6000320,1,0
F1-29-03-01,ALMAC,F1,ZA-ALATAS,ZS-ALMAC,ZM-PT01,6000320,1,0
F1-29-04-01,ALMAC,F1,ZA-ALATAS,ZS-ALMAC,ZM-PT01,6000320,1,0
F1-30-01-01,PICK,F1,ZA-PICK,ZS-PICKGRAL,ZM-PT01,6000330,1,1
F1-30-02-01,ALMAC,F1,ZA-ALATAS,ZS-ALMAC,ZM-PT01,6000330,1,0
F1-30-03-01,ALMAC,F1,ZA-ALATAS,ZS-ALMAC,ZM-PT01,6000330,1,0
F1-30-04-01,ALMAC,F1,ZA-ALATAS,ZS-ALMAC,ZM-PT01,6000330,1,0
F1-31-01-01,PICK,F1,ZA-PICK,ZS-PICKGRAL,ZM-PT01,6000340,1,1
F1-31-02-01,ALMAC,F1,ZA-ALATAS,ZS-ALMAC,ZM-PT01,6000340,1,0
F1-31-03-01,ALMAC,F1,ZA-ALATAS,ZS-ALMAC,ZM-PT01,6000340,1,0
F1-31-04-01,ALMAC,F1,ZA-ALATAS,ZS-ALMAC,ZM-PT01,6000340,1,0
F1-32-01-01,PICK,F1,ZA-PICK,ZS-PICKGRAL,ZM-PT01,6000350,1,1
F1-32-02-01,ALMAC,F1,ZA-ALATAS,ZS-ALMAC,ZM-PT01,6000350,1,0
F1-32-03-01,ALMAC,F1,ZA-ALATAS,ZS-ALMAC,ZM-PT01,6000350,1,0
F1-32-04-01,ALMAC,F1,ZA-ALATAS,ZS-ALMAC,ZM-PT01,6000350,1,0
F1-33-01-01,PICK,F1,ZA-PICK,ZS-PICKGRAL,ZM-PT01,6000360,1,1
F1-33-02-01,ALMAC,F1,ZA-ALATAS,ZS-ALMAC,ZM-PT01,6000360,1,0
F1-33-03-01,ALMAC,F1,ZA-ALATAS,ZS-ALMAC,ZM-PT01,6000360,1,0
F1-33-04-01,ALMAC,F1,ZA-ALATAS,ZS-ALMAC,ZM-PT01,6000360,1,0
F1-34-01-01,PICK,F1,ZA-PICK,ZS-PICKGRAL,ZM-PT01,6000370,1,1
F1-34-02-01,ALMAC,F1,ZA-ALATAS,ZS-ALMAC,ZM-PT01,6000370,1,0
F1-34-03-01,ALMAC,F1,ZA-ALATAS,ZS-ALMAC,ZM-PT01,6000370,1,0
F1-34-04-01,ALMAC,F1,ZA-ALATAS,ZS-ALMAC,ZM-PT01,6000370,1,0
F1-35-01-01,PICK,F1,ZA-PICK,ZS-PICKGRAL,ZM-PT01,6000380,1,1
F1-35-02-01,ALMAC,F1,ZA-ALATAS,ZS-ALMAC,ZM-PT01,6000380,1,0
F1-35-03-01,ALMAC,F1,ZA-ALATAS,ZS-ALMAC,ZM-PT01,6000380,1,0
F1-35-04-01,ALMAC,F1,ZA-ALATAS,ZS-ALMAC,ZM-PT01,6000380,1,0
F1-36-01-01,PICK,F1,ZA-PICK,ZS-PICKGRAL,ZM-PT01,6000390,1,1
F1-36-02-01,ALMAC,F1,ZA-ALATAS,ZS-ALMAC,ZM-PT01,6000390,1,0
F1-36-03-01,ALMAC,F1,ZA-ALATAS,ZS-ALMAC,ZM-PT01,6000390,1,0
F1-36-04-01,ALMAC,F1,ZA-ALATAS,ZS-ALMAC,ZM-PT01,6000390,1,0
F1-37-01-01,PICK,F1,ZA-PICK,ZS-PICKGRAL,ZM-PT01,6000400,1,1
F1-37-02-01,ALMAC,F1,ZA-ALATAS,ZS-ALMAC,ZM-PT01,6000400,1,0
F1-37-03-01,ALMAC,F1,ZA-ALATAS,ZS-ALMAC,ZM-PT01,6000400,1,0
F1-37-04-01,ALMAC,F1,ZA-ALATAS,ZS-ALMAC,ZM-PT01,6000400,1,0
F1-38-01-01,PICK,F1,ZA-PICK,ZS-PICKGRAL,ZM-PT01,6000410,1,1
F1-38-02-01,ALMAC,F1,ZA-ALATAS,ZS-ALMAC,ZM-PT01,6000410,1,0
F1-38-03-01,ALMAC,F1,ZA-ALATAS,ZS-ALMAC,ZM-PT01,6000410,1,0
F1-38-04-01,ALMAC,F1,ZA-ALATAS,ZS-ALMAC,ZM-PT01,6000410,1,0
F1-39-01-01,PICK,F1,ZA-PICK,ZS-PICKGRAL,ZM-PT01,6000420,1,1
F1-39-02-01,ALMAC,F1,ZA-ALATAS,ZS-ALMAC,ZM-PT01,6000420,1,0
F1-39-03-01,ALMAC,F1,ZA-ALATAS,ZS-ALMAC,ZM-PT01,6000420,1,0
F1-39-04-01,ALMAC,F1,ZA-ALATAS,ZS-ALMAC,ZM-PT01,6000420,1,0
F1-40-01-01,PICK,F1,ZA-PICK,ZS-PICKGRAL,ZM-PT01,6000430,1,1
F1-40-02-01,ALMAC,F1,ZA-ALATAS,ZS-ALMAC,ZM-PT01,6000430,1,0
F1-40-03-01,ALMAC,F1,ZA-ALATAS,ZS-ALMAC,ZM-PT01,6000430,1,0
F1-40-04-01,ALMAC,F1,ZA-ALATAS,ZS-ALMAC,ZM-PT01,6000430,1,0
F2-40-01-01,PICK,F2,ZA-PICK,ZS-PICKGRAL,ZM-PT01,6000440,1,1
F2-40-02-01,ALMAC,F2,ZA-ALATAS,ZS-ALMAC,ZM-PT01,6000440,1,0
F2-40-03-01,ALMAC,F2,ZA-ALATAS,ZS-ALMAC,ZM-PT01,6000440,1,0
F2-40-04-01,ALMAC,F2,ZA-ALATAS,ZS-ALMAC,ZM-PT01,6000440,1,0
F2-39-01-01,PICK,F2,ZA-PICK,ZS-PICKGRAL,ZM-PT01,6000450,1,1
F2-39-02-01,ALMAC,F2,ZA-ALATAS,ZS-ALMAC,ZM-PT01,6000450,1,0
F2-39-03-01,ALMAC,F2,ZA-ALATAS,ZS-ALMAC,ZM-PT01,6000450,1,0
F2-39-04-01,ALMAC,F2,ZA-ALATAS,ZS-ALMAC,ZM-PT01,6000450,1,0
F2-38-01-01,PICK,F2,ZA-PICK,ZS-PICKGRAL,ZM-PT01,6000460,1,1
F2-38-02-01,ALMAC,F2,ZA-ALATAS,ZS-ALMAC,ZM-PT01,6000460,1,0
F2-38-03-01,ALMAC,F2,ZA-ALATAS,ZS-ALMAC,ZM-PT01,6000460,1,0
F2-38-04-01,ALMAC,F2,ZA-ALATAS,ZS-ALMAC,ZM-PT01,6000460,1,0
F2-37-01-02,PICK,F2,ZA-PICK,ZS-PICKGRAL,ZM-PT01CJ,6000470,1,1
F2-37-02-01,ALMAC,F2,ZA-ALATAS,ZS-ALMAC,ZM-PT01,6000470,1,0
F2-37-01-01,PICK,F2,ZA-PICK,ZS-PICKGRAL,ZM-PT01CJ,6000480,1,1
F2-37-03-01,ALMAC,F2,ZA-ALATAS,ZS-ALMAC,ZM-PT01,6000480,1,0
F2-37-04-01,ALMAC,F2,ZA-ALATAS,ZS-ALMAC,ZM-PT01,6000480,1,0
F2-36-01-02,PICK,F2,ZA-PICK,ZS-PICKGRAL,ZM-PT01CJ,6000490,1,1
F2-36-02-01,ALMAC,F2,ZA-ALATAS,ZS-ALMAC,ZM-PT01,6000490,1,0
F2-36-01-01,PICK,F2,ZA-PICK,ZS-PICKGRAL,ZM-PT01CJ,6000500,1,1
F2-36-03-01,ALMAC,F2,ZA-ALATAS,ZS-ALMAC,ZM-PT01,6000500,1,0
F2-36-04-01,ALMAC,F2,ZA-ALATAS,ZS-ALMAC,ZM-PT01,6000500,1,0
F2-35-01-02,PICK,F2,ZA-PICK,ZS-PICKGRAL,ZM-PT01CJ,6000510,1,1
F2-35-02-01,ALMAC,F2,ZA-ALATAS,ZS-ALMAC,ZM-PT01,6000510,1,0
F2-35-01-01,PICK,F2,ZA-PICK,ZS-PICKGRAL,ZM-PT01CJ,6000520,1,1
F2-35-03-01,ALMAC,F2,ZA-ALATAS,ZS-ALMAC,ZM-PT01,6000520,1,0
F2-35-04-01,ALMAC,F2,ZA-ALATAS,ZS-ALMAC,ZM-PT01,6000520,1,0
F2-34-01-02,PICK,F2,ZA-PICK,ZS-PICKGRAL,ZM-PT01CJ,6000530,1,1
F2-34-02-01,ALMAC,F2,ZA-ALATAS,ZS-ALMAC,ZM-PT01,6000530,1,0
F2-34-01-01,PICK,F2,ZA-PICK,ZS-PICKGRAL,ZM-PT01CJ,6000540,1,1
F2-34-03-01,ALMAC,F2,ZA-ALATAS,ZS-ALMAC,ZM-PT01,6000540,1,0
F2-34-04-01,ALMAC,F2,ZA-ALATAS,ZS-ALMAC,ZM-PT01,6000540,1,0
F2-33-01-02,PICK,F2,ZA-PICK,ZS-PICKGRAL,ZM-PT01CJ,6000550,1,1
F2-33-02-01,ALMAC,F2,ZA-ALATAS,ZS-ALMAC,ZM-PT01,6000550,1,0
F2-33-01-01,PICK,F2,ZA-PICK,ZS-PICKGRAL,ZM-PT01CJ,6000560,1,1
F2-33-03-01,ALMAC,F2,ZA-ALATAS,ZS-ALMAC,ZM-PT01,6000560,1,0
F2-33-04-01,ALMAC,F2,ZA-ALATAS,ZS-ALMAC,ZM-PT01,6000560,1,0
F2-32-01-02,PICK,F2,ZA-PICK,ZS-PICKGRAL,ZM-PT01CJ,6000570,1,1
F2-32-02-01,ALMAC,F2,ZA-ALATAS,ZS-ALMAC,ZM-PT01,6000570,1,0
F2-32-01-01,PICK,F2,ZA-PICK,ZS-PICKGRAL,ZM-PT01CJ,6000580,1,1
F2-32-03-01,ALMAC,F2,ZA-ALATAS,ZS-ALMAC,ZM-PT01,6000580,1,0
F2-32-04-01,ALMAC,F2,ZA-ALATAS,ZS-ALMAC,ZM-PT01,6000580,1,0
F2-31-01-02,PICK,F2,ZA-PICK,ZS-PICKGRAL,ZM-PT01CJ,6000590,1,1
F2-31-02-01,ALMAC,F2,ZA-ALATAS,ZS-ALMAC,ZM-PT01,6000590,1,0
F2-31-01-01,PICK,F2,ZA-PICK,ZS-PICKGRAL,ZM-PT01CJ,6000600,1,1
F2-31-03-01,ALMAC,F2,ZA-ALATAS,ZS-ALMAC,ZM-PT01,6000600,1,0
F2-31-04-01,ALMAC,F2,ZA-ALATAS,ZS-ALMAC,ZM-PT01,6000600,1,0
F2-30-01-02,PICK,F2,ZA-PICK,ZS-PICKGRAL,ZM-PT01CJ,6000610,1,1
F2-30-02-01,ALMAC,F2,ZA-ALATAS,ZS-ALMAC,ZM-PT01,6000610,1,0
F2-30-01-01,PICK,F2,ZA-PICK,ZS-PICKGRAL,ZM-PT01CJ,6000620,1,1
F2-30-03-01,ALMAC,F2,ZA-ALATAS,ZS-ALMAC,ZM-PT01,6000620,1,0
F2-30-04-01,ALMAC,F2,ZA-ALATAS,ZS-ALMAC,ZM-PT01,6000620,1,0
F2-29-01-02,PICK,F2,ZA-PICK,ZS-PICKGRAL,ZM-PT01CJ,6000630,1,1
F2-29-02-01,ALMAC,F2,ZA-ALATAS,ZS-ALMAC,ZM-PT01,6000630,1,0
F2-29-01-01,PICK,F2,ZA-PICK,ZS-PICKGRAL,ZM-PT01CJ,6000640,1,1
F2-29-03-01,ALMAC,F2,ZA-ALATAS,ZS-ALMAC,ZM-PT01,6000640,1,0
F2-29-04-01,ALMAC,F2,ZA-ALATAS,ZS-ALMAC,ZM-PT01,6000640,1,0
F2-28-01-01,PICK,F2,ZA-PICK,ZS-PICKGRAL,ZM-PT01,6000650,1,1
F2-28-02-01,ALMAC,F2,ZA-ALATAS,ZS-ALMAC,ZM-PT01,6000650,1,0
F2-28-03-01,ALMAC,F2,ZA-ALATAS,ZS-ALMAC,ZM-PT01,6000650,1,0
F2-28-04-01,ALMAC,F2,ZA-ALATAS,ZS-ALMAC,ZM-PT01,6000650,1,0
F2-27-01-01,PICK,F2,ZA-PICK,ZS-PICKGRAL,ZM-PT01,6000660,1,1
F2-27-02-01,ALMAC,F2,ZA-ALATAS,ZS-ALMAC,ZM-PT01,6000660,1,0
F2-27-03-01,ALMAC,F2,ZA-ALATAS,ZS-ALMAC,ZM-PT01,6000660,1,0
F2-27-04-01,ALMAC,F2,ZA-ALATAS,ZS-ALMAC,ZM-PT01,6000660,1,0
F2-26-01-01,PICK,F2,ZA-PICK,ZS-PICKGRAL,ZM-PT01,6000670,1,1
F2-26-02-01,ALMAC,F2,ZA-ALATAS,ZS-ALMAC,ZM-PT01,6000670,1,0
F2-26-03-01,ALMAC,F2,ZA-ALATAS,ZS-ALMAC,ZM-PT01,6000670,1,0
F2-26-04-01,ALMAC,F2,ZA-ALATAS,ZS-ALMAC,ZM-PT01,6000670,1,0
F2-25-01-01,PICK,F2,ZA-PICK,ZS-PICKGRAL,ZM-PT01,6000680,1,1
F2-25-02-01,ALMAC,F2,ZA-ALATAS,ZS-ALMAC,ZM-PT01,6000680,1,0
F2-25-03-01,ALMAC,F2,ZA-ALATAS,ZS-ALMAC,ZM-PT01,6000680,1,0
F2-25-04-01,ALMAC,F2,ZA-ALATAS,ZS-ALMAC,ZM-PT01,6000680,1,0
F2-24-01-01,PICK,F2,ZA-PICK,ZS-PICKGRAL,ZM-PT01,6000690,1,1
F2-24-02-01,ALMAC,F2,ZA-ALATAS,ZS-ALMAC,ZM-PT01,6000690,1,0
F2-24-03-01,ALMAC,F2,ZA-ALATAS,ZS-ALMAC,ZM-PT01,6000690,1,0
F2-24-04-01,ALMAC,F2,ZA-ALATAS,ZS-ALMAC,ZM-PT01,6000690,1,0
F2-23-01-01,PICK,F2,ZA-PICK,ZS-PICKGRAL,ZM-PT01,6000700,1,1
F2-23-02-01,ALMAC,F2,ZA-ALATAS,ZS-ALMAC,ZM-PT01,6000700,1,0
F2-23-03-01,ALMAC,F2,ZA-ALATAS,ZS-ALMAC,ZM-PT01,6000700,1,0
F2-23-04-01,ALMAC,F2,ZA-ALATAS,ZS-ALMAC,ZM-PT01,6000700,1,0
F2-22-01-01,PICK,F2,ZA-PICK,ZS-PICKGRAL,ZM-PT01,6000710,1,1
F2-22-02-01,ALMAC,F2,ZA-ALATAS,ZS-ALMAC,ZM-PT01,6000710,1,0
F2-22-03-01,ALMAC,F2,ZA-ALATAS,ZS-ALMAC,ZM-PT01,6000710,1,0
F2-22-04-01,ALMAC,F2,ZA-ALATAS,ZS-ALMAC,ZM-PT01,6000710,1,0
F2-21-01-01,PICK,F2,ZA-PICK,ZS-PICKGRAL,ZM-PT01,6000720,1,1
F2-21-02-01,ALMAC,F2,ZA-ALATAS,ZS-ALMAC,ZM-PT01,6000720,1,0
F2-21-03-01,ALMAC,F2,ZA-ALATAS,ZS-ALMAC,ZM-PT01,6000720,1,0
F2-21-04-01,ALMAC,F2,ZA-ALATAS,ZS-ALMAC,ZM-PT01,6000720,1,0
F2-20-01-01,PICK,F2,ZA-PICK,ZS-PICKGRAL,ZM-PT01,6000730,1,1
F2-20-02-01,ALMAC,F2,ZA-ALATAS,ZS-ALMAC,ZM-PT01,6000730,1,0
F2-20-03-01,ALMAC,F2,ZA-ALATAS,ZS-ALMAC,ZM-PT01,6000730,1,0
F2-20-04-01,ALMAC,F2,ZA-ALATAS,ZS-ALMAC,ZM-PT01,6000730,1,0
F2-19-01-01,PICK,F2,ZA-PICK,ZS-PICKGRAL,ZM-PT01,6000740,1,1
F2-19-02-01,ALMAC,F2,ZA-ALATAS,ZS-ALMAC,ZM-PT01,6000740,1,0
F2-19-03-01,ALMAC,F2,ZA-ALATAS,ZS-ALMAC,ZM-PT01,6000740,1,0
F2-19-04-01,ALMAC,F2,ZA-ALATAS,ZS-ALMAC,ZM-PT01,6000740,1,0
F2-18-01-01,PICK,F2,ZA-PICK,ZS-PICKGRAL,ZM-PT01,6000750,1,1
F2-18-02-01,ALMAC,F2,ZA-ALATAS,ZS-ALMAC,ZM-PT01,6000750,1,0
F2-18-03-01,ALMAC,F2,ZA-ALATAS,ZS-ALMAC,ZM-PT01,6000750,1,0
F2-18-04-01,ALMAC,F2,ZA-ALATAS,ZS-ALMAC,ZM-PT01,6000750,1,0
F2-17-01-01,PICK,F2,ZA-PICK,ZS-PICKGRAL,ZM-PT01,6000760,1,1
F2-17-02-01,ALMAC,F2,ZA-ALATAS,ZS-ALMAC,ZM-PT01,6000760,1,0
F2-17-03-01,ALMAC,F2,ZA-ALATAS,ZS-ALMAC,ZM-PT01,6000760,1,0
F2-17-04-01,ALMAC,F2,ZA-ALATAS,ZS-ALMAC,ZM-PT01,6000760,1,0
F2-16-01-01,PICK,F2,ZA-PICK,ZS-PICKGRAL,ZM-PT01,6000770,1,1
F2-16-02-01,ALMAC,F2,ZA-ALATAS,ZS-ALMAC,ZM-PT01,6000770,1,0
F2-16-03-01,ALMAC,F2,ZA-ALATAS,ZS-ALMAC,ZM-PT01,6000770,1,0
F2-16-04-01,ALMAC,F2,ZA-ALATAS,ZS-ALMAC,ZM-PT01,6000770,1,0
F2-15-01-01,PICK,F2,ZA-PICK,ZS-PICKGRAL,ZM-PT01,6000780,1,1
F2-15-02-01,ALMAC,F2,ZA-ALATAS,ZS-ALMAC,ZM-PT01,6000780,1,0
F2-15-03-01,ALMAC,F2,ZA-ALATAS,ZS-ALMAC,ZM-PT01,6000780,1,0
F2-15-04-01,ALMAC,F2,ZA-ALATAS,ZS-ALMAC,ZM-PT01,6000780,1,0
F2-14-01-01,PICK,F2,ZA-PICK,ZS-PICKGRAL,ZM-PT01,6000790,1,1
F2-14-02-01,ALMAC,F2,ZA-ALATAS,ZS-ALMAC,ZM-PT01,6000790,1,0
F2-14-03-01,ALMAC,F2,ZA-ALATAS,ZS-ALMAC,ZM-PT01,6000790,1,0
F2-14-04-01,ALMAC,F2,ZA-ALATAS,ZS-ALMAC,ZM-PT01,6000790,1,0
F2-13-01-01,PICK,F2,ZA-PICK,ZS-PICKGRAL,ZM-PT01,6000800,1,1
F2-13-02-01,ALMAC,F2,ZA-ALATAS,ZS-ALMAC,ZM-PT01,6000800,1,0
F2-13-03-01,ALMAC,F2,ZA-ALATAS,ZS-ALMAC,ZM-PT01,6000800,1,0
F2-13-04-01,ALMAC,F2,ZA-ALATAS,ZS-ALMAC,ZM-PT01,6000800,1,0
F2-12-01-01,PICK,F2,ZA-PICK,ZS-PICKGRAL,ZM-PT01,6000810,1,1
F2-12-02-01,ALMAC,F2,ZA-ALATAS,ZS-ALMAC,ZM-PT01,6000810,1,0
F2-12-03-01,ALMAC,F2,ZA-ALATAS,ZS-ALMAC,ZM-PT01,6000810,1,0
F2-12-04-01,ALMAC,F2,ZA-ALATAS,ZS-ALMAC,ZM-PT01,6000810,1,0
F2-11-01-01,PICK,F2,ZA-PICK,ZS-PICKGRAL,ZM-PT01,6000820,1,1
F2-11-02-01,ALMAC,F2,ZA-ALATAS,ZS-ALMAC,ZM-PT01,6000820,1,0
F2-11-03-01,ALMAC,F2,ZA-ALATAS,ZS-ALMAC,ZM-PT01,6000820,1,0
F2-11-04-01,ALMAC,F2,ZA-ALATAS,ZS-ALMAC,ZM-PT01,6000820,1,0
F2-10-01-01,PICK,F2,ZA-PICK,ZS-PICKGRAL,ZM-PT01,6000830,1,1
F2-10-02-01,ALMAC,F2,ZA-ALATAS,ZS-ALMAC,ZM-PT01,6000830,1,0
F2-10-03-01,ALMAC,F2,ZA-ALATAS,ZS-ALMAC,ZM-PT01,6000830,1,0
F2-10-04-01,ALMAC,F2,ZA-ALATAS,ZS-ALMAC,ZM-PT01,6000830,1,0
F2-09-01-01,PICK,F2,ZA-PICK,ZS-PICKGRAL,ZM-PT01,6000840,1,1
F2-09-02-01,ALMAC,F2,ZA-ALATAS,ZS-ALMAC,ZM-PT01,6000840,1,0
F2-09-03-01,ALMAC,F2,ZA-ALATAS,ZS-ALMAC,ZM-PT01,6000840,1,0
F2-09-04-01,ALMAC,F2,ZA-ALATAS,ZS-ALMAC,ZM-PT01,6000840,1,0
F2-08-01-01,PICK,F2,ZA-PICK,ZS-PICKGRAL,ZM-PT01,6000850,1,1
F2-08-02-01,ALMAC,F2,ZA-ALATAS,ZS-ALMAC,ZM-PT01,6000850,1,0
F2-08-03-01,ALMAC,F2,ZA-ALATAS,ZS-ALMAC,ZM-PT01,6000850,1,0
F2-08-04-01,ALMAC,F2,ZA-ALATAS,ZS-ALMAC,ZM-PT01,6000850,1,0
F2-07-01-01,PICK,F2,ZA-PICK,ZS-PICKGRAL,ZM-PT01,6000860,1,1
F2-07-02-01,ALMAC,F2,ZA-ALATAS,ZS-ALMAC,ZM-PT01,6000860,1,0
F2-07-03-01,ALMAC,F2,ZA-ALATAS,ZS-ALMAC,ZM-PT01,6000860,1,0
F2-07-04-01,ALMAC,F2,ZA-ALATAS,ZS-ALMAC,ZM-PT01,6000860,1,0
G1-07-01-01,PICK,G1,ZA-PICK,ZS-PICKGRAL,ZM-PT01,6000870,1,1
G1-07-02-01,ALMAC,G1,ZA-ALATAS,ZS-ALMAC,ZM-PT01,6000870,1,0
G1-07-03-01,ALMAC,G1,ZA-ALATAS,ZS-ALMAC,ZM-PT01,6000870,1,0
G1-07-04-01,ALMAC,G1,ZA-ALATAS,ZS-ALMAC,ZM-PT01,6000870,1,0
G1-08-01-01,PICK,G1,ZA-PICK,ZS-PICKGRAL,ZM-PT01,6000880,1,1
G1-08-02-01,ALMAC,G1,ZA-ALATAS,ZS-ALMAC,ZM-PT01,6000880,1,0
G1-08-03-01,ALMAC,G1,ZA-ALATAS,ZS-ALMAC,ZM-PT01,6000880,1,0
G1-08-04-01,ALMAC,G1,ZA-ALATAS,ZS-ALMAC,ZM-PT01,6000880,1,0
G1-09-01-01,PICK,G1,ZA-PICK,ZS-PICKGRAL,ZM-PT01,6000890,1,1
G1-09-02-01,ALMAC,G1,ZA-ALATAS,ZS-ALMAC,ZM-PT01,6000890,1,0
G1-09-03-01,ALMAC,G1,ZA-ALATAS,ZS-ALMAC,ZM-PT01,6000890,1,0
G1-09-04-01,ALMAC,G1,ZA-ALATAS,ZS-ALMAC,ZM-PT01,6000890,1,0
G1-10-01-01,PICK,G1,ZA-PICK,ZS-PICKGRAL,ZM-PT01,6000900,1,1
G1-10-02-01,ALMAC,G1,ZA-ALATAS,ZS-ALMAC,ZM-PT01,6000900,1,0
G1-10-03-01,ALMAC,G1,ZA-ALATAS,ZS-ALMAC,ZM-PT01,6000900,1,0
G1-10-04-01,ALMAC,G1,ZA-ALATAS,ZS-ALMAC,ZM-PT01,6000900,1,0
G1-11-01-01,PICK,G1,ZA-PICK,ZS-PICKGRAL,ZM-PT01,6000910,1,1
G1-11-02-01,ALMAC,G1,ZA-ALATAS,ZS-ALMAC,ZM-PT01,6000910,1,0
G1-11-03-01,ALMAC,G1,ZA-ALATAS,ZS-ALMAC,ZM-PT01,6000910,1,0
G1-11-04-01,ALMAC,G1,ZA-ALATAS,ZS-ALMAC,ZM-PT01,6000910,1,0
G1-12-01-01,PICK,G1,ZA-PICK,ZS-PICKGRAL,ZM-PT01,6000920,1,1
G1-12-02-01,ALMAC,G1,ZA-ALATAS,ZS-ALMAC,ZM-PT01,6000920,1,0
G1-12-03-01,ALMAC,G1,ZA-ALATAS,ZS-ALMAC,ZM-PT01,6000920,1,0
G1-12-04-01,ALMAC,G1,ZA-ALATAS,ZS-ALMAC,ZM-PT01,6000920,1,0
G1-13-01-01,PICK,G1,ZA-PICK,ZS-PICKGRAL,ZM-PT01,6000930,1,1
G1-13-02-01,ALMAC,G1,ZA-ALATAS,ZS-ALMAC,ZM-PT01,6000930,1,0
G1-13-03-01,ALMAC,G1,ZA-ALATAS,ZS-ALMAC,ZM-PT01,6000930,1,0
G1-13-04-01,ALMAC,G1,ZA-ALATAS,ZS-ALMAC,ZM-PT01,6000930,1,0
G1-14-01-01,PICK,G1,ZA-PICK,ZS-PICKGRAL,ZM-PT01,6000940,1,1
G1-14-02-01,ALMAC,G1,ZA-ALATAS,ZS-ALMAC,ZM-PT01,6000940,1,0
G1-14-03-01,ALMAC,G1,ZA-ALATAS,ZS-ALMAC,ZM-PT01,6000940,1,0
G1-14-04-01,ALMAC,G1,ZA-ALATAS,ZS-ALMAC,ZM-PT01,6000940,1,0
G1-15-01-01,PICK,G1,ZA-PICK,ZS-PICKGRAL,ZM-PT01CJ,6000950,1,1
G1-15-02-01,ALMAC,G1,ZA-ALATAS,ZS-ALMAC,ZM-PT01,6000950,1,0
G1-15-03-01,ALMAC,G1,ZA-ALATAS,ZS-ALMAC,ZM-PT01,6000950,1,0
G1-15-04-01,ALMAC,G1,ZA-ALATAS,ZS-ALMAC,ZM-PT01,6000950,1,0
G1-15-01-02,PICK,G1,ZA-PICK,ZS-PICKGRAL,ZM-PT01CJ,6000960,1,1
G1-16-01-01,PICK,G1,ZA-PICK,ZS-PICKGRAL,ZM-PT01CJ,6000970,1,1
G1-16-02-01,ALMAC,G1,ZA-ALATAS,ZS-ALMAC,ZM-PT01,6000970,1,0
G1-16-03-01,ALMAC,G1,ZA-ALATAS,ZS-ALMAC,ZM-PT01,6000970,1,0
G1-16-04-01,ALMAC,G1,ZA-ALATAS,ZS-ALMAC,ZM-PT01,6000970,1,0
G1-16-01-02,PICK,G1,ZA-PICK,ZS-PICKGRAL,ZM-PT01CJ,6000980,1,1
G1-17-01-01,PICK,G1,ZA-PICK,ZS-PICKGRAL,ZM-PT01CJ,6000990,1,1
G1-17-02-01,ALMAC,G1,ZA-ALATAS,ZS-ALMAC,ZM-PT01,6000990,1,0
G1-17-03-01,ALMAC,G1,ZA-ALATAS,ZS-ALMAC,ZM-PT01,6000990,1,0
G1-17-04-01,ALMAC,G1,ZA-ALATAS,ZS-ALMAC,ZM-PT01,6000990,1,0
G1-17-01-02,PICK,G1,ZA-PICK,ZS-PICKGRAL,ZM-PT01CJ,6001000,1,1
G1-18-01-01,PICK,G1,ZA-PICK,ZS-PICKGRAL,ZM-PT01CJ,6001010,1,1
G1-18-02-01,ALMAC,G1,ZA-ALATAS,ZS-ALMAC,ZM-PT01,6001010,1,0
G1-18-03-01,ALMAC,G1,ZA-ALATAS,ZS-ALMAC,ZM-PT01,6001010,1,0
G1-18-04-01,ALMAC,G1,ZA-ALATAS,ZS-ALMAC,ZM-PT01,6001010,1,0
G1-18-01-02,PICK,G1,ZA-PICK,ZS-PICKGRAL,ZM-PT01CJ,6001020,1,1
G1-19-01-01,PICK,G1,ZA-PICK,ZS-PICKGRAL,ZM-PT01CJ,6001030,1,1
G1-19-02-01,ALMAC,G1,ZA-ALATAS,ZS-ALMAC,ZM-PT01,6001030,1,0
G1-19-03-01,ALMAC,G1,ZA-ALATAS,ZS-ALMAC,ZM-PT01,6001030,1,0
G1-19-04-01,ALMAC,G1,ZA-ALATAS,ZS-ALMAC,ZM-PT01,6001030,1,0
G1-19-01-02,PICK,G1,ZA-PICK,ZS-PICKGRAL,ZM-PT01CJ,6001040,1,1
G1-20-01-01,PICK,G1,ZA-PICK,ZS-PICKGRAL,ZM-PT01CJ,6001050,1,1
G1-20-02-01,ALMAC,G1,ZA-ALATAS,ZS-ALMAC,ZM-PT01,6001050,1,0
G1-20-03-01,ALMAC,G1,ZA-ALATAS,ZS-ALMAC,ZM-PT01,6001050,1,0
G1-20-04-01,ALMAC,G1,ZA-ALATAS,ZS-ALMAC,ZM-PT01,6001050,1,0
G1-20-01-02,PICK,G1,ZA-PICK,ZS-PICKGRAL,ZM-PT01CJ,6001060,1,1
G1-21-01-01,PICK,G1,ZA-PICK,ZS-PICKGRAL,ZM-PT01CJ,6001070,1,1
G1-21-02-01,ALMAC,G1,ZA-ALATAS,ZS-ALMAC,ZM-PT01,6001070,1,0
G1-21-03-01,ALMAC,G1,ZA-ALATAS,ZS-ALMAC,ZM-PT01,6001070,1,0
G1-21-04-01,ALMAC,G1,ZA-ALATAS,ZS-ALMAC,ZM-PT01,6001070,1,0
G1-21-01-02,PICK,G1,ZA-PICK,ZS-PICKGRAL,ZM-PT01CJ,6001080,1,1
G1-22-01-01,PICK,G1,ZA-PICK,ZS-PICKGRAL,ZM-PT01CJ,6001090,1,1
G1-22-02-01,ALMAC,G1,ZA-ALATAS,ZS-ALMAC,ZM-PT01,6001090,1,0
G1-22-03-01,ALMAC,G1,ZA-ALATAS,ZS-ALMAC,ZM-PT01,6001090,1,0
G1-22-04-01,ALMAC,G1,ZA-ALATAS,ZS-ALMAC,ZM-PT01,6001090,1,0
G1-22-01-02,PICK,G1,ZA-PICK,ZS-PICKGRAL,ZM-PT01CJ,6001100,1,1
G1-23-01-01,PICK,G1,ZA-PICK,ZS-PICKGRAL,ZM-PT01CJ,6001110,1,1
G1-23-02-01,ALMAC,G1,ZA-ALATAS,ZS-ALMAC,ZM-PT01,6001110,1,0
G1-23-03-01,ALMAC,G1,ZA-ALATAS,ZS-ALMAC,ZM-PT01,6001110,1,0
G1-23-04-01,ALMAC,G1,ZA-ALATAS,ZS-ALMAC,ZM-PT01,6001110,1,0
G1-23-01-02,PICK,G1,ZA-PICK,ZS-PICKGRAL,ZM-PT01CJ,7000100,1,1
G1-24-01-01,PICK,G1,ZA-PICK,ZS-PICKGRAL,ZM-PT01CJ,7000110,1,1
G1-24-02-01,ALMAC,G1,ZA-ACANAST,ZS-ALMAC,ZM-PT01,7000110,1,0
G1-24-03-01,ALMAC,G1,ZA-ACANAST,ZS-ALMAC,ZM-PT01,7000110,1,0
G1-24-04-01,ALMAC,G1,ZA-ACANAST,ZS-ALMAC,ZM-PT01,7000110,1,0
G1-24-01-02,PICK,G1,ZA-PICK,ZS-PICKGRAL,ZM-PT01CJ,7000120,1,1
G1-25-01-01,PICK,G1,ZA-PICK,ZS-PICKGRAL,ZM-PT01,7000130,1,1
G1-25-02-01,ALMAC,G1,ZA-ACANAST,ZS-ALMAC,ZM-PT01,7000130,1,0
G1-25-03-01,ALMAC,G1,ZA-ACANAST,ZS-ALMAC,ZM-PT01,7000130,1,0
G1-25-04-01,ALMAC,G1,ZA-ACANAST,ZS-ALMAC,ZM-PT01,7000130,1,0
G1-26-01-01,PICK,G1,ZA-PICK,ZS-PICKGRAL,ZM-PT01,7000140,1,1
G1-26-02-01,ALMAC,G1,ZA-ACANAST,ZS-ALMAC,ZM-PT01,7000140,1,0
G1-26-03-01,ALMAC,G1,ZA-ACANAST,ZS-ALMAC,ZM-PT01,7000140,1,0
G1-26-04-01,ALMAC,G1,ZA-ACANAST,ZS-ALMAC,ZM-PT01,7000140,1,0
G1-27-01-01,PICK,G1,ZA-PICK,ZS-PICKGRAL,ZM-PT01,7000150,1,1
G1-27-02-01,ALMAC,G1,ZA-ACANAST,ZS-ALMAC,ZM-PT01,7000150,1,0
G1-27-03-01,ALMAC,G1,ZA-ACANAST,ZS-ALMAC,ZM-PT01,7000150,1,0
G1-27-04-01,ALMAC,G1,ZA-ACANAST,ZS-ALMAC,ZM-PT01,7000150,1,0
G1-28-01-01,PICK,G1,ZA-PICK,ZS-PICKGRAL,ZM-PT01,7000160,1,1
G1-28-02-01,ALMAC,G1,ZA-ACANAST,ZS-ALMAC,ZM-PT01,7000160,1,0
G1-28-03-01,ALMAC,G1,ZA-ACANAST,ZS-ALMAC,ZM-PT01,7000160,1,0
G1-28-04-01,ALMAC,G1,ZA-ACANAST,ZS-ALMAC,ZM-PT01,7000160,1,0
G1-29-01-01,PICK,G1,ZA-PICK,ZS-PICKGRAL,ZM-PT01,7000170,1,1
G1-29-02-01,ALMAC,G1,ZA-ACANAST,ZS-ALMAC,ZM-PT01,7000170,1,0
G1-29-03-01,ALMAC,G1,ZA-ACANAST,ZS-ALMAC,ZM-PT01,7000170,1,0
G1-29-04-01,ALMAC,G1,ZA-ACANAST,ZS-ALMAC,ZM-PT01,7000170,1,0
G1-30-01-01,PICK,G1,ZA-PICK,ZS-PICKGRAL,ZM-PT01,7000180,1,1
G1-30-02-01,ALMAC,G1,ZA-ACANAST,ZS-ALMAC,ZM-PT01,7000180,1,0
G1-30-03-01,ALMAC,G1,ZA-ACANAST,ZS-ALMAC,ZM-PT01,7000180,1,0
G1-30-04-01,ALMAC,G1,ZA-ACANAST,ZS-ALMAC,ZM-PT01,7000180,1,0
G1-31-01-01,PICK,G1,ZA-PICK,ZS-PICKGRAL,ZM-PT01,7000190,1,1
G1-31-02-01,ALMAC,G1,ZA-ACANAST,ZS-ALMAC,ZM-PT01,7000190,1,0
G1-31-03-01,ALMAC,G1,ZA-ACANAST,ZS-ALMAC,ZM-PT01,7000190,1,0
G1-31-04-01,ALMAC,G1,ZA-ACANAST,ZS-ALMAC,ZM-PT01,7000190,1,0
G1-32-01-01,PICK,G1,ZA-PICK,ZS-PICKGRAL,ZM-PT01,7000200,1,1
G1-32-02-01,ALMAC,G1,ZA-ACANAST,ZS-ALMAC,ZM-PT01,7000200,1,0
G1-32-03-01,ALMAC,G1,ZA-ACANAST,ZS-ALMAC,ZM-PT01,7000200,1,0
G1-32-04-01,ALMAC,G1,ZA-ACANAST,ZS-ALMAC,ZM-PT01,7000200,1,0
G1-33-01-01,PICK,G1,ZA-PICK,ZS-PICKGRAL,ZM-PT01,7000210,1,1
G1-33-02-01,ALMAC,G1,ZA-ACANAST,ZS-ALMAC,ZM-PT01,7000210,1,0
G1-33-03-01,ALMAC,G1,ZA-ACANAST,ZS-ALMAC,ZM-PT01,7000210,1,0
G1-33-04-01,ALMAC,G1,ZA-ACANAST,ZS-ALMAC,ZM-PT01,7000210,1,0
G1-34-01-01,PICK,G1,ZA-PICK,ZS-PICKGRAL,ZM-PT01,7000220,1,1
G1-34-02-01,ALMAC,G1,ZA-ACANAST,ZS-ALMAC,ZM-PT01,7000220,1,0
G1-34-03-01,ALMAC,G1,ZA-ACANAST,ZS-ALMAC,ZM-PT01,7000220,1,0
G1-34-04-01,ALMAC,G1,ZA-ACANAST,ZS-ALMAC,ZM-PT01,7000220,1,0
G1-35-01-01,PICK,G1,ZA-PICK,ZS-PICKGRAL,ZM-PT01,7000230,1,1
G1-35-02-01,ALMAC,G1,ZA-ACANAST,ZS-ALMAC,ZM-PT01,7000230,1,0
G1-35-03-01,ALMAC,G1,ZA-ACANAST,ZS-ALMAC,ZM-PT01,7000230,1,0
G1-35-04-01,ALMAC,G1,ZA-ACANAST,ZS-ALMAC,ZM-PT01,7000230,1,0
G1-36-01-01,PICK,G1,ZA-PICK,ZS-PICKGRAL,ZM-PT01,7000240,1,1
G1-36-02-01,ALMAC,G1,ZA-ACANAST,ZS-ALMAC,ZM-PT01,7000240,1,0
G1-36-03-01,ALMAC,G1,ZA-ACANAST,ZS-ALMAC,ZM-PT01,7000240,1,0
G1-36-04-01,ALMAC,G1,ZA-ACANAST,ZS-ALMAC,ZM-PT01,7000240,1,0
G1-37-01-01,PICK,G1,ZA-PICK,ZS-PICKGRAL,ZM-PT01,7000250,1,1
G1-37-02-01,ALMAC,G1,ZA-ACANAST,ZS-ALMAC,ZM-PT01,7000250,1,0
G1-37-03-01,ALMAC,G1,ZA-ACANAST,ZS-ALMAC,ZM-PT01,7000250,1,0
G1-37-04-01,ALMAC,G1,ZA-ACANAST,ZS-ALMAC,ZM-PT01,7000250,1,0
G1-38-01-01,PICK,G1,ZA-PICK,ZS-PICKGRAL,ZM-PT01,7000260,1,1
G1-38-02-01,ALMAC,G1,ZA-ACANAST,ZS-ALMAC,ZM-PT01,7000260,1,0
G1-38-03-01,ALMAC,G1,ZA-ACANAST,ZS-ALMAC,ZM-PT01,7000260,1,0
G1-38-04-01,ALMAC,G1,ZA-ACANAST,ZS-ALMAC,ZM-PT01,7000260,1,0
G1-39-01-01,PICK,G1,ZA-PICK,ZS-PICKGRAL,ZM-PT01,7000270,1,1
G1-39-02-01,ALMAC,G1,ZA-ACANAST,ZS-ALMAC,ZM-PT01,7000270,1,0
G1-39-03-01,ALMAC,G1,ZA-ACANAST,ZS-ALMAC,ZM-PT01,7000270,1,0
G1-39-04-01,ALMAC,G1,ZA-ACANAST,ZS-ALMAC,ZM-PT01,7000270,1,0
G1-40-01-01,PICK,G1,ZA-PICK,ZS-PICKGRAL,ZM-PT01,7000280,1,1
G1-40-02-01,ALMAC,G1,ZA-ACANAST,ZS-ALMAC,ZM-PT01,7000280,1,0
G1-40-03-01,ALMAC,G1,ZA-ACANAST,ZS-ALMAC,ZM-PT01,7000280,1,0
G1-40-04-01,ALMAC,G1,ZA-ACANAST,ZS-ALMAC,ZM-PT01,7000280,1,0
G2-40-01-01,PICK,G2,ZA-PICK,ZS-PICKGRAL,ZM-PT01,7000290,1,1
G2-40-02-01,ALMAC,G2,ZA-ACANAST,ZS-ALMAC,ZM-PT01,7000290,1,0
G2-40-03-01,ALMAC,G2,ZA-ACANAST,ZS-ALMAC,ZM-PT01,7000290,1,0
G2-40-04-01,ALMAC,G2,ZA-ACANAST,ZS-ALMAC,ZM-PT01,7000290,1,0
G2-39-01-01,PICK,G2,ZA-PICK,ZS-PICKGRAL,ZM-PT01,7000300,1,1
G2-39-02-01,ALMAC,G2,ZA-ACANAST,ZS-ALMAC,ZM-PT01,7000300,1,0
G2-39-03-01,ALMAC,G2,ZA-ACANAST,ZS-ALMAC,ZM-PT01,7000300,1,0
G2-39-04-01,ALMAC,G2,ZA-ACANAST,ZS-ALMAC,ZM-PT01,7000300,1,0
G2-38-01-01,PICK,G2,ZA-PICK,ZS-PICKGRAL,ZM-PT01,7000310,1,1
G2-38-02-01,ALMAC,G2,ZA-ACANAST,ZS-ALMAC,ZM-PT01,7000310,1,0
G2-38-03-01,ALMAC,G2,ZA-ACANAST,ZS-ALMAC,ZM-PT01,7000310,1,0
G2-38-04-01,ALMAC,G2,ZA-ACANAST,ZS-ALMAC,ZM-PT01,7000310,1,0
G2-37-01-01,PICK,G2,ZA-PICK,ZS-PICKGRAL,ZM-PT01,7000320,1,1
G2-37-02-01,ALMAC,G2,ZA-ACANAST,ZS-ALMAC,ZM-PT01,7000320,1,0
G2-37-03-01,ALMAC,G2,ZA-ACANAST,ZS-ALMAC,ZM-PT01,7000320,1,0
G2-37-04-01,ALMAC,G2,ZA-ACANAST,ZS-ALMAC,ZM-PT01,7000320,1,0
G2-36-01-01,PICK,G2,ZA-PICK,ZS-PICKGRAL,ZM-PT01,7000330,1,1
G2-36-02-01,ALMAC,G2,ZA-ACANAST,ZS-ALMAC,ZM-PT01,7000330,1,0
G2-36-03-01,ALMAC,G2,ZA-ACANAST,ZS-ALMAC,ZM-PT01,7000330,1,0
G2-36-04-01,ALMAC,G2,ZA-ACANAST,ZS-ALMAC,ZM-PT01,7000330,1,0
G2-35-01-01,PICK,G2,ZA-PICK,ZS-PICKGRAL,ZM-PT01,7000340,1,1
G2-35-02-01,ALMAC,G2,ZA-ACANAST,ZS-ALMAC,ZM-PT01,7000340,1,0
G2-35-03-01,ALMAC,G2,ZA-ACANAST,ZS-ALMAC,ZM-PT01,7000340,1,0
G2-35-04-01,ALMAC,G2,ZA-ACANAST,ZS-ALMAC,ZM-PT01,7000340,1,0
G2-34-01-01,PICK,G2,ZA-PICK,ZS-PICKGRAL,ZM-PT01,7000350,1,1
G2-34-02-01,ALMAC,G2,ZA-ACANAST,ZS-ALMAC,ZM-PT01,7000350,1,0
G2-34-03-01,ALMAC,G2,ZA-ACANAST,ZS-ALMAC,ZM-PT01,7000350,1,0
G2-34-04-01,ALMAC,G2,ZA-ACANAST,ZS-ALMAC,ZM-PT01,7000350,1,0
G2-33-01-01,PICK,G2,ZA-PICK,ZS-PICKGRAL,ZM-PT01,7000360,1,1
G2-33-02-01,ALMAC,G2,ZA-ACANAST,ZS-ALMAC,ZM-PT01,7000360,1,0
G2-33-03-01,ALMAC,G2,ZA-ACANAST,ZS-ALMAC,ZM-PT01,7000360,1,0
G2-33-04-01,ALMAC,G2,ZA-ACANAST,ZS-ALMAC,ZM-PT01,7000360,1,0
G2-32-01-01,PICK,G2,ZA-PICK,ZS-PICKGRAL,ZM-PT01,7000370,1,1
G2-32-02-01,ALMAC,G2,ZA-ACANAST,ZS-ALMAC,ZM-PT01,7000370,1,0
G2-32-03-01,ALMAC,G2,ZA-ACANAST,ZS-ALMAC,ZM-PT01,7000370,1,0
G2-32-04-01,ALMAC,G2,ZA-ACANAST,ZS-ALMAC,ZM-PT01,7000370,1,0
G2-31-01-01,PICK,G2,ZA-PICK,ZS-PICKGRAL,ZM-PT01,7000380,1,1
G2-31-02-01,ALMAC,G2,ZA-ACANAST,ZS-ALMAC,ZM-PT01,7000380,1,0
G2-31-03-01,ALMAC,G2,ZA-ACANAST,ZS-ALMAC,ZM-PT01,7000380,1,0
G2-31-04-01,ALMAC,G2,ZA-ACANAST,ZS-ALMAC,ZM-PT01,7000380,1,0
G2-30-01-01,PICK,G2,ZA-PICK,ZS-PICKGRAL,ZM-PT01,7000390,1,1
G2-30-02-01,ALMAC,G2,ZA-ACANAST,ZS-ALMAC,ZM-PT01,7000390,1,0
G2-30-03-01,ALMAC,G2,ZA-ACANAST,ZS-ALMAC,ZM-PT01,7000390,1,0
G2-30-04-01,ALMAC,G2,ZA-ACANAST,ZS-ALMAC,ZM-PT01,7000390,1,0
G2-29-01-01,PICK,G2,ZA-PICK,ZS-PICKGRAL,ZM-PT01,7000400,1,1
G2-29-02-01,ALMAC,G2,ZA-ACANAST,ZS-ALMAC,ZM-PT01,7000400,1,0
G2-29-03-01,ALMAC,G2,ZA-ACANAST,ZS-ALMAC,ZM-PT01,7000400,1,0
G2-29-04-01,ALMAC,G2,ZA-ACANAST,ZS-ALMAC,ZM-PT01,7000400,1,0
G2-28-01-01,PICK,G2,ZA-PICK,ZS-PICKGRAL,ZM-PT01,7000410,1,1
G2-28-02-01,ALMAC,G2,ZA-ACANAST,ZS-ALMAC,ZM-PT01,7000410,1,0
G2-28-03-01,ALMAC,G2,ZA-ACANAST,ZS-ALMAC,ZM-PT01,7000410,1,0
G2-28-04-01,ALMAC,G2,ZA-ACANAST,ZS-ALMAC,ZM-PT01,7000410,1,0
G2-27-01-01,PICK,G2,ZA-PICK,ZS-PICKGRAL,ZM-PT01,7000420,1,1
G2-27-02-01,ALMAC,G2,ZA-ACANAST,ZS-ALMAC,ZM-PT01,7000420,1,0
G2-27-03-01,ALMAC,G2,ZA-ACANAST,ZS-ALMAC,ZM-PT01,7000420,1,0
G2-27-04-01,ALMAC,G2,ZA-ACANAST,ZS-ALMAC,ZM-PT01,7000420,1,0
G2-26-01-01,PICK,G2,ZA-PICK,ZS-PICKGRAL,ZM-PT01,7000430,1,1
G2-26-02-01,ALMAC,G2,ZA-ACANAST,ZS-ALMAC,ZM-PT01,7000430,1,0
G2-26-03-01,ALMAC,G2,ZA-ACANAST,ZS-ALMAC,ZM-PT01,7000430,1,0
G2-26-04-01,ALMAC,G2,ZA-ACANAST,ZS-ALMAC,ZM-PT01,7000430,1,0
G2-25-01-01,PICK,G2,ZA-PICK,ZS-PICKGRAL,ZM-PT01,7000440,1,1
G2-25-02-01,ALMAC,G2,ZA-ACANAST,ZS-ALMAC,ZM-PT01,7000440,1,0
G2-25-03-01,ALMAC,G2,ZA-ACANAST,ZS-ALMAC,ZM-PT01,7000440,1,0
G2-25-04-01,ALMAC,G2,ZA-ACANAST,ZS-ALMAC,ZM-PT01,7000440,1,0
G2-24-01-01,PICK,G2,ZA-PICK,ZS-PICKGRAL,ZM-PT01,7000450,1,1
G2-24-02-01,ALMAC,G2,ZA-ACANAST,ZS-ALMAC,ZM-PT01,7000450,1,0
G2-24-03-01,ALMAC,G2,ZA-ACANAST,ZS-ALMAC,ZM-PT01,7000450,1,0
G2-24-04-01,ALMAC,G2,ZA-ACANAST,ZS-ALMAC,ZM-PT01,7000450,1,0
G2-23-01-01,PICK,G2,ZA-PICK,ZS-PICKGRAL,ZM-PT01,7000460,1,1
G2-23-02-01,ALMAC,G2,ZA-ACANAST,ZS-ALMAC,ZM-PT01,7000460,1,0
G2-23-03-01,ALMAC,G2,ZA-ACANAST,ZS-ALMAC,ZM-PT01,7000460,1,0
G2-23-04-01,ALMAC,G2,ZA-ACANAST,ZS-ALMAC,ZM-PT01,7000460,1,0
G2-22-01-01,PICK,G2,ZA-PICK,ZS-PICKGRAL,ZM-PT01,7000470,1,1
G2-22-02-01,ALMAC,G2,ZA-ACANAST,ZS-ALMAC,ZM-PT01,7000470,1,0
G2-22-03-01,ALMAC,G2,ZA-ACANAST,ZS-ALMAC,ZM-PT01,7000470,1,0
G2-22-04-01,ALMAC,G2,ZA-ACANAST,ZS-ALMAC,ZM-PT01,7000470,1,0
G2-21-01-01,PICK,G2,ZA-PICK,ZS-PICKGRAL,ZM-PT01,7000480,1,1
G2-21-02-01,ALMAC,G2,ZA-ACANAST,ZS-ALMAC,ZM-PT01,7000480,1,0
G2-21-03-01,ALMAC,G2,ZA-ACANAST,ZS-ALMAC,ZM-PT01,7000480,1,0
G2-21-04-01,ALMAC,G2,ZA-ACANAST,ZS-ALMAC,ZM-PT01,7000480,1,0
G2-20-01-01,PICK,G2,ZA-PICK,ZS-PICKGRAL,ZM-PT01,7000490,1,1
G2-20-02-01,ALMAC,G2,ZA-ACANAST,ZS-ALMAC,ZM-PT01,7000490,1,0
G2-20-03-01,ALMAC,G2,ZA-ACANAST,ZS-ALMAC,ZM-PT01,7000490,1,0
G2-20-04-01,ALMAC,G2,ZA-ACANAST,ZS-ALMAC,ZM-PT01,7000490,1,0
G2-19-01-01,PICK,G2,ZA-PICK,ZS-PICKGRAL,ZM-PT01,7000500,1,1
G2-19-02-01,ALMAC,G2,ZA-ACANAST,ZS-ALMAC,ZM-PT01,7000500,1,0
G2-19-03-01,ALMAC,G2,ZA-ACANAST,ZS-ALMAC,ZM-PT01,7000500,1,0
G2-19-04-01,ALMAC,G2,ZA-ACANAST,ZS-ALMAC,ZM-PT01,7000500,1,0
G2-18-01-01,PICK,G2,ZA-PICK,ZS-PICKGRAL,ZM-PT01,7000510,1,1
G2-18-02-01,ALMAC,G2,ZA-ACANAST,ZS-ALMAC,ZM-PT01,7000510,1,0
G2-18-03-01,ALMAC,G2,ZA-ACANAST,ZS-ALMAC,ZM-PT01,7000510,1,0
G2-18-04-01,ALMAC,G2,ZA-ACANAST,ZS-ALMAC,ZM-PT01,7000510,1,0
G2-17-01-01,PICK,G2,ZA-PICK,ZS-PICKGRAL,ZM-PT01,7000520,1,1
G2-17-02-01,ALMAC,G2,ZA-ACANAST,ZS-ALMAC,ZM-PT01,7000520,1,0
G2-17-03-01,ALMAC,G2,ZA-ACANAST,ZS-ALMAC,ZM-PT01,7000520,1,0
G2-17-04-01,ALMAC,G2,ZA-ACANAST,ZS-ALMAC,ZM-PT01,7000520,1,0
G2-16-01-01,PICK,G2,ZA-PICK,ZS-PICKGRAL,ZM-PT01,7000530,1,1
G2-16-02-01,ALMAC,G2,ZA-ACANAST,ZS-ALMAC,ZM-PT01,7000530,1,0
G2-16-03-01,ALMAC,G2,ZA-ACANAST,ZS-ALMAC,ZM-PT01,7000530,1,0
G2-16-04-01,ALMAC,G2,ZA-ACANAST,ZS-ALMAC,ZM-PT01,7000530,1,0
G2-15-01-01,PICK,G2,ZA-PICK,ZS-PICKGRAL,ZM-PT01,7000540,1,1
G2-15-02-01,ALMAC,G2,ZA-ACANAST,ZS-ALMAC,ZM-PT01,7000540,1,0
G2-15-03-01,ALMAC,G2,ZA-ACANAST,ZS-ALMAC,ZM-PT01,7000540,1,0
G2-15-04-01,ALMAC,G2,ZA-ACANAST,ZS-ALMAC,ZM-PT01,7000540,1,0
G2-14-01-01,PICK,G2,ZA-PICK,ZS-PICKGRAL,ZM-PT01,7000550,1,1
G2-14-02-01,ALMAC,G2,ZA-ACANAST,ZS-ALMAC,ZM-PT01,7000550,1,0
G2-14-03-01,ALMAC,G2,ZA-ACANAST,ZS-ALMAC,ZM-PT01,7000550,1,0
G2-14-04-01,ALMAC,G2,ZA-ACANAST,ZS-ALMAC,ZM-PT01,7000550,1,0
G2-13-01-01,PICK,G2,ZA-PICK,ZS-PICKGRAL,ZM-PT01,7000560,1,1
G2-13-02-01,ALMAC,G2,ZA-ACANAST,ZS-ALMAC,ZM-PT01,7000560,1,0
G2-13-03-01,ALMAC,G2,ZA-ACANAST,ZS-ALMAC,ZM-PT01,7000560,1,0
G2-13-04-01,ALMAC,G2,ZA-ACANAST,ZS-ALMAC,ZM-PT01,7000560,1,0
G2-12-01-01,PICK,G2,ZA-PICK,ZS-PICKGRAL,ZM-PT01,7000570,1,1
G2-12-02-01,ALMAC,G2,ZA-ACANAST,ZS-ALMAC,ZM-PT01,7000570,1,0
G2-12-03-01,ALMAC,G2,ZA-ACANAST,ZS-ALMAC,ZM-PT01,7000570,1,0
G2-12-04-01,ALMAC,G2,ZA-ACANAST,ZS-ALMAC,ZM-PT01,7000570,1,0
G2-11-01-01,PICK,G2,ZA-PICK,ZS-PICKGRAL,ZM-PT01,7000580,1,1
G2-11-02-01,ALMAC,G2,ZA-ACANAST,ZS-ALMAC,ZM-PT01,7000580,1,0
G2-11-03-01,ALMAC,G2,ZA-ACANAST,ZS-ALMAC,ZM-PT01,7000580,1,0
G2-11-04-01,ALMAC,G2,ZA-ACANAST,ZS-ALMAC,ZM-PT01,7000580,1,0
G2-10-01-01,PICK,G2,ZA-PICK,ZS-PICKGRAL,ZM-PT01,7000590,1,1
G2-10-02-01,ALMAC,G2,ZA-ACANAST,ZS-ALMAC,ZM-PT01,7000590,1,0
G2-10-03-01,ALMAC,G2,ZA-ACANAST,ZS-ALMAC,ZM-PT01,7000590,1,0
G2-10-04-01,ALMAC,G2,ZA-ACANAST,ZS-ALMAC,ZM-PT01,7000590,1,0
G2-09-01-01,PICK,G2,ZA-PICK,ZS-PICKGRAL,ZM-PT01,7000600,1,1
G2-09-02-01,ALMAC,G2,ZA-ACANAST,ZS-ALMAC,ZM-PT01,7000600,1,0
G2-09-03-01,ALMAC,G2,ZA-ACANAST,ZS-ALMAC,ZM-PT01,7000600,1,0
G2-09-04-01,ALMAC,G2,ZA-ACANAST,ZS-ALMAC,ZM-PT01,7000600,1,0
G2-08-01-01,PICK,G2,ZA-PICK,ZS-PICKGRAL,ZM-PT01,7000610,1,1
G2-08-02-01,ALMAC,G2,ZA-ACANAST,ZS-ALMAC,ZM-PT01,7000610,1,0
G2-08-03-01,ALMAC,G2,ZA-ACANAST,ZS-ALMAC,ZM-PT01,7000610,1,0
G2-08-04-01,ALMAC,G2,ZA-ACANAST,ZS-ALMAC,ZM-PT01,7000610,1,0
G2-07-01-01,PICK,G2,ZA-PICK,ZS-PICKGRAL,ZM-PT01,7000620,1,1
G2-07-02-01,ALMAC,G2,ZA-ACANAST,ZS-ALMAC,ZM-PT01,7000620,1,0
G2-07-03-01,ALMAC,G2,ZA-ACANAST,ZS-ALMAC,ZM-PT01,7000620,1,0
G2-07-04-01,ALMAC,G2,ZA-ACANAST,ZS-ALMAC,ZM-PT01,7000620,1,0
H1-23-01-01,PICK,H1,ZA-PICK,ZS-PICKGRAL,ZM-PT01,7000630,1,1
H1-23-02-01,ALMAC,H1,ZA-ACANAST,ZS-ALMAC,ZM-PT01,7000630,1,0
H1-23-03-01,ALMAC,H1,ZA-ACANAST,ZS-ALMAC,ZM-PT01,7000630,1,0
H1-23-04-01,ALMAC,H1,ZA-ACANAST,ZS-ALMAC,ZM-PT01,7000630,1,0
H1-24-01-01,PICK,H1,ZA-PICK,ZS-PICKGRAL,ZM-PT01,7000640,1,1
H1-24-02-01,ALMAC,H1,ZA-ACANAST,ZS-ALMAC,ZM-PT01,7000640,1,0
H1-24-03-01,ALMAC,H1,ZA-ACANAST,ZS-ALMAC,ZM-PT01,7000640,1,0
H1-24-04-01,ALMAC,H1,ZA-ACANAST,ZS-ALMAC,ZM-PT01,7000640,1,0
H1-25-01-01,PICK,H1,ZA-PICK,ZS-PICKGRAL,ZM-PT01,7000650,1,1
H1-25-02-01,ALMAC,H1,ZA-ACANAST,ZS-ALMAC,ZM-PT01,7000650,1,0
H1-25-03-01,ALMAC,H1,ZA-ACANAST,ZS-ALMAC,ZM-PT01,7000650,1,0
H1-25-04-01,ALMAC,H1,ZA-ACANAST,ZS-ALMAC,ZM-PT01,7000650,1,0
H1-26-01-01,PICK,H1,ZA-PICK,ZS-PICKGRAL,ZM-PT01,7000660,1,1
H1-26-02-01,ALMAC,H1,ZA-ACANAST,ZS-ALMAC,ZM-PT01,7000660,1,0
H1-26-03-01,ALMAC,H1,ZA-ACANAST,ZS-ALMAC,ZM-PT01,7000660,1,0
H1-26-04-01,ALMAC,H1,ZA-ACANAST,ZS-ALMAC,ZM-PT01,7000660,1,0
H1-27-01-01,PICK,H1,ZA-PICK,ZS-PICKGRAL,ZM-PT01,7000670,1,1
H1-27-02-01,ALMAC,H1,ZA-ACANAST,ZS-ALMAC,ZM-PT01,7000670,1,0
H1-27-03-01,ALMAC,H1,ZA-ACANAST,ZS-ALMAC,ZM-PT01,7000670,1,0
H1-27-04-01,ALMAC,H1,ZA-ACANAST,ZS-ALMAC,ZM-PT01,7000670,1,0
H1-28-01-01,PICK,H1,ZA-PICK,ZS-PICKGRAL,ZM-PT01,7000680,1,1
H1-28-02-01,ALMAC,H1,ZA-ACANAST,ZS-ALMAC,ZM-PT01,7000680,1,0
H1-28-03-01,ALMAC,H1,ZA-ACANAST,ZS-ALMAC,ZM-PT01,7000680,1,0
H1-28-04-01,ALMAC,H1,ZA-ACANAST,ZS-ALMAC,ZM-PT01,7000680,1,0
H1-29-01-01,PICK,H1,ZA-PICK,ZS-PICKGRAL,ZM-PT01CJ,7000690,1,1
H1-29-02-01,ALMAC,H1,ZA-ACANAST,ZS-ALMAC,ZM-PT01,7000690,1,0
H1-29-03-01,ALMAC,H1,ZA-ACANAST,ZS-ALMAC,ZM-PT01,7000690,1,0
H1-29-04-01,ALMAC,H1,ZA-ACANAST,ZS-ALMAC,ZM-PT01,7000690,1,0
H1-29-01-02,PICK,H1,ZA-PICK,ZS-PICKGRAL,ZM-PT01CJ,7000700,1,1
H1-30-01-01,PICK,H1,ZA-PICK,ZS-PICKGRAL,ZM-PT01CJ,7000710,1,1
H1-30-02-01,ALMAC,H1,ZA-ACANAST,ZS-ALMAC,ZM-PT01,7000710,1,0
H1-30-03-01,ALMAC,H1,ZA-ACANAST,ZS-ALMAC,ZM-PT01,7000710,1,0
H1-30-04-01,ALMAC,H1,ZA-ACANAST,ZS-ALMAC,ZM-PT01,7000710,1,0
H1-30-01-02,PICK,H1,ZA-PICK,ZS-PICKGRAL,ZM-PT01CJ,7000720,1,1
H1-31-01-01,PICK,H1,ZA-PICK,ZS-PICKGRAL,ZM-PT01CJ,7000730,1,1
H1-31-02-01,ALMAC,H1,ZA-ACANAST,ZS-ALMAC,ZM-PT01,7000730,1,0
H1-31-03-01,ALMAC,H1,ZA-ACANAST,ZS-ALMAC,ZM-PT01,7000730,1,0
H1-31-04-01,ALMAC,H1,ZA-ACANAST,ZS-ALMAC,ZM-PT01,7000730,1,0
H1-31-01-02,PICK,H1,ZA-PICK,ZS-PICKGRAL,ZM-PT01CJ,7000740,1,1
H1-32-01-01,PICK,H1,ZA-PICK,ZS-PICKGRAL,ZM-PT01CJ,7000750,1,1
H1-32-02-01,ALMAC,H1,ZA-ACANAST,ZS-ALMAC,ZM-PT01,7000750,1,0
H1-32-03-01,ALMAC,H1,ZA-ACANAST,ZS-ALMAC,ZM-PT01,7000750,1,0
H1-32-04-01,ALMAC,H1,ZA-ACANAST,ZS-ALMAC,ZM-PT01,7000750,1,0
H1-32-01-02,PICK,H1,ZA-PICK,ZS-PICKGRAL,ZM-PT01CJ,7000760,1,1
H1-33-01-01,PICK,H1,ZA-PICK,ZS-PICKGRAL,ZM-PT01CJ,7000770,1,1
H1-33-02-01,ALMAC,H1,ZA-ACANAST,ZS-ALMAC,ZM-PT01,7000770,1,0
H1-33-03-01,ALMAC,H1,ZA-ACANAST,ZS-ALMAC,ZM-PT01,7000770,1,0
H1-33-04-01,ALMAC,H1,ZA-ACANAST,ZS-ALMAC,ZM-PT01,7000770,1,0
H1-33-01-02,PICK,H1,ZA-PICK,ZS-PICKGRAL,ZM-PT01CJ,7000780,1,1
H1-34-01-01,PICK,H1,ZA-PICK,ZS-PICKGRAL,ZM-PT01CJ,7000790,1,1
H1-34-02-01,ALMAC,H1,ZA-ACANAST,ZS-ALMAC,ZM-PT01,7000790,1,0
H1-34-03-01,ALMAC,H1,ZA-ACANAST,ZS-ALMAC,ZM-PT01,7000790,1,0
H1-34-04-01,ALMAC,H1,ZA-ACANAST,ZS-ALMAC,ZM-PT01,7000790,1,0
H1-34-01-02,PICK,H1,ZA-PICK,ZS-PICKGRAL,ZM-PT01CJ,7000800,1,1
H1-35-01-01,PICK,H1,ZA-PICK,ZS-PICKGRAL,ZM-PT01CJ,7000810,1,1
H1-35-02-01,ALMAC,H1,ZA-ACANAST,ZS-ALMAC,ZM-PT01,7000810,1,0
H1-35-03-01,ALMAC,H1,ZA-ACANAST,ZS-ALMAC,ZM-PT01,7000810,1,0
H1-35-04-01,ALMAC,H1,ZA-ACANAST,ZS-ALMAC,ZM-PT01,7000810,1,0
H1-35-01-02,PICK,H1,ZA-PICK,ZS-PICKGRAL,ZM-PT01CJ,7000820,1,1
H1-36-01-01,PICK,H1,ZA-PICK,ZS-PICKGRAL,ZM-PT01CJ,7000830,1,1
H1-36-02-01,ALMAC,H1,ZA-ACANAST,ZS-ALMAC,ZM-PT01,7000830,1,0
H1-36-03-01,ALMAC,H1,ZA-ACANAST,ZS-ALMAC,ZM-PT01,7000830,1,0
H1-36-04-01,ALMAC,H1,ZA-ACANAST,ZS-ALMAC,ZM-PT01,7000830,1,0
H1-36-01-02,PICK,H1,ZA-PICK,ZS-PICKGRAL,ZM-PT01CJ,7000840,1,1
H1-37-01-01,PICK,H1,ZA-PICK,ZS-PICKGRAL,ZM-PT01CJ,7000850,1,1
H1-37-02-01,ALMAC,H1,ZA-ACANAST,ZS-ALMAC,ZM-PT01,7000850,1,0
H1-37-03-01,ALMAC,H1,ZA-ACANAST,ZS-ALMAC,ZM-PT01,7000850,1,0
H1-37-04-01,ALMAC,H1,ZA-ACANAST,ZS-ALMAC,ZM-PT01,7000850,1,0
H1-37-01-02,PICK,H1,ZA-PICK,ZS-PICKGRAL,ZM-PT01CJ,7000860,1,1
H1-38-01-01,PICK,H1,ZA-PICK,ZS-PICKGRAL,ZM-PT01CJ,7000870,1,1
H1-38-02-01,ALMAC,H1,ZA-ACANAST,ZS-ALMAC,ZM-PT01,7000870,1,0
H1-38-03-01,ALMAC,H1,ZA-ACANAST,ZS-ALMAC,ZM-PT01,7000870,1,0
H1-38-04-01,ALMAC,H1,ZA-ACANAST,ZS-ALMAC,ZM-PT01,7000870,1,0
H1-38-01-02,PICK,H1,ZA-PICK,ZS-PICKGRAL,ZM-PT01CJ,7000880,1,1
H1-39-01-01,PICK,H1,ZA-PICK,ZS-PICKGRAL,ZM-PT01CJ,7000890,1,1
H1-39-02-01,ALMAC,H1,ZA-ACANAST,ZS-ALMAC,ZM-PT01,7000890,1,0
H1-39-03-01,ALMAC,H1,ZA-ACANAST,ZS-ALMAC,ZM-PT01,7000890,1,0
H1-39-04-01,ALMAC,H1,ZA-ACANAST,ZS-ALMAC,ZM-PT01,7000890,1,0
H1-39-01-02,PICK,H1,ZA-PICK,ZS-PICKGRAL,ZM-PT01CJ,7000900,1,1
H1-40-01-01,PICK,H1,ZA-PICK,ZS-PICKGRAL,ZM-PT01CJ,7000910,1,1
H1-40-02-01,ALMAC,H1,ZA-ACANAST,ZS-ALMAC,ZM-PT01,7000910,1,0
H1-40-03-01,ALMAC,H1,ZA-ACANAST,ZS-ALMAC,ZM-PT01,7000910,1,0
H1-40-04-01,ALMAC,H1,ZA-ACANAST,ZS-ALMAC,ZM-PT01,7000910,1,0
H1-40-01-02,PICK,H1,ZA-PICK,ZS-PICKGRAL,ZM-PT01CJ,7000920,1,1
H1-22-01-01,PICK,H1,ZA-PICK,ZS-PICKGRAL,ZM-PT01,8000100,1,1
H1-22-02-01,ALMAC,H1,ZA-AKEG,ZS-ALMAC,ZM-PT01,8000100,1,0
H1-22-03-01,ALMAC,H1,ZA-ACANAST,ZS-ALMAC,ZM-PT01,8000100,1,0
H1-22-04-01,ALMAC,H1,ZA-ACANAST,ZS-ALMAC,ZM-PT01,8000100,1,0
H1-21-01-01,PICK,H1,ZA-PICK,ZS-PICKGRAL,ZM-PT01,8000110,1,1
H1-21-02-01,ALMAC,H1,ZA-AKEG,ZS-ALMAC,ZM-PT01,8000110,1,0
H1-21-03-01,ALMAC,H1,ZA-ACANAST,ZS-ALMAC,ZM-PT01,8000110,1,0
H1-21-04-01,ALMAC,H1,ZA-ACANAST,ZS-ALMAC,ZM-PT01,8000110,1,0
H1-20-01-01,PICK,H1,ZA-PICK,ZS-PICKGRAL,ZM-PT01,8000120,1,1
H1-20-02-01,ALMAC,H1,ZA-AKEG,ZS-ALMAC,ZM-PT01,8000120,1,0
H1-20-03-01,ALMAC,H1,ZA-AKEG,ZS-ALMAC,ZM-PT01,8000120,1,0
H1-20-04-01,ALMAC,H1,ZA-AKEG,ZS-ALMAC,ZM-PT01,8000120,1,0
H1-20-05-01,ALMAC,H1,ZA-AKEG,ZS-ALMAC,ZM-PT01,8000120,1,0
H1-19-01-01,PICK,H1,ZA-PICK,ZS-PICKGRAL,ZM-PT01,8000130,1,1
H1-19-02-01,ALMAC,H1,ZA-AKEG,ZS-ALMAC,ZM-PT01,8000130,1,0
H1-19-03-01,ALMAC,H1,ZA-AKEG,ZS-ALMAC,ZM-PT01,8000130,1,0
H1-19-04-01,ALMAC,H1,ZA-AKEG,ZS-ALMAC,ZM-PT01,8000130,1,0
H1-19-05-01,ALMAC,H1,ZA-AKEG,ZS-ALMAC,ZM-PT01,8000130,1,0
H1-18-01-01,PICK,H1,ZA-PICK,ZS-PICKGRAL,ZM-PT01,8000140,1,1
H1-18-02-01,ALMAC,H1,ZA-AKEG,ZS-ALMAC,ZM-PT01,8000140,1,0
H1-18-03-01,ALMAC,H1,ZA-AKEG,ZS-ALMAC,ZM-PT01,8000140,1,0
H1-18-04-01,ALMAC,H1,ZA-AKEG,ZS-ALMAC,ZM-PT01,8000140,1,0
H1-18-05-01,ALMAC,H1,ZA-AKEG,ZS-ALMAC,ZM-PT01,8000140,1,0
H1-17-01-01,PICK,H1,ZA-PICK,ZS-PICKGRAL,ZM-PT01,8000150,1,1
H1-17-02-01,ALMAC,H1,ZA-AKEG,ZS-ALMAC,ZM-PT01,8000150,1,0
H1-17-03-01,ALMAC,H1,ZA-AKEG,ZS-ALMAC,ZM-PT01,8000150,1,0
H1-17-04-01,ALMAC,H1,ZA-AKEG,ZS-ALMAC,ZM-PT01,8000150,1,0
H1-17-05-01,ALMAC,H1,ZA-AKEG,ZS-ALMAC,ZM-PT01,8000150,1,0
H1-16-01-01,PICK,H1,ZA-PICK,ZS-PICKGRAL,ZM-PT01,8000160,1,1
H1-16-02-01,ALMAC,H1,ZA-AKEG,ZS-ALMAC,ZM-PT01,8000160,1,0
H1-16-03-01,ALMAC,H1,ZA-AKEG,ZS-ALMAC,ZM-PT01,8000160,1,0
H1-16-04-01,ALMAC,H1,ZA-AKEG,ZS-ALMAC,ZM-PT01,8000160,1,0
H1-16-05-01,ALMAC,H1,ZA-AKEG,ZS-ALMAC,ZM-PT01,8000160,1,0
H1-15-01-01,PICK,H1,ZA-PICK,ZS-PICKGRAL,ZM-PT01,8000170,1,1
H1-15-02-01,ALMAC,H1,ZA-AKEG,ZS-ALMAC,ZM-PT01,8000170,1,0
H1-15-03-01,ALMAC,H1,ZA-AKEG,ZS-ALMAC,ZM-PT01,8000170,1,0
H1-15-04-01,ALMAC,H1,ZA-AKEG,ZS-ALMAC,ZM-PT01,8000170,1,0
H1-15-05-01,ALMAC,H1,ZA-AKEG,ZS-ALMAC,ZM-PT01,8000170,1,0
H1-14-01-01,PICK,H1,ZA-PICK,ZS-PICKGRAL,ZM-PT01,8000180,1,1
H1-14-02-01,ALMAC,H1,ZA-AKEG,ZS-ALMAC,ZM-PT01,8000180,1,0
H1-14-03-01,ALMAC,H1,ZA-AKEG,ZS-ALMAC,ZM-PT01,8000180,1,0
H1-14-04-01,ALMAC,H1,ZA-AKEG,ZS-ALMAC,ZM-PT01,8000180,1,0
H1-14-05-01,ALMAC,H1,ZA-AKEG,ZS-ALMAC,ZM-PT01,8000180,1,0
H1-13-01-01,PICK,H1,ZA-PICK,ZS-PICKGRAL,ZM-PT01,8000190,1,1
H1-13-02-01,ALMAC,H1,ZA-AKEG,ZS-ALMAC,ZM-PT01,8000190,1,0
H1-13-03-01,ALMAC,H1,ZA-AKEG,ZS-ALMAC,ZM-PT01,8000190,1,0
H1-13-04-01,ALMAC,H1,ZA-AKEG,ZS-ALMAC,ZM-PT01,8000190,1,0
H1-13-05-01,ALMAC,H1,ZA-AKEG,ZS-ALMAC,ZM-PT01,8000190,1,0
H1-12-01-01,PICK,H1,ZA-PICK,ZS-PICKGRAL,ZM-PT01,8000200,1,1
H1-12-02-01,ALMAC,H1,ZA-AKEG,ZS-ALMAC,ZM-PT01,8000200,1,0
H1-12-03-01,ALMAC,H1,ZA-AKEG,ZS-ALMAC,ZM-PT01,8000200,1,0
H1-12-04-01,ALMAC,H1,ZA-AKEG,ZS-ALMAC,ZM-PT01,8000200,1,0
H1-12-05-01,ALMAC,H1,ZA-AKEG,ZS-ALMAC,ZM-PT01,8000200,1,0
H1-11-01-01,PICK,H1,ZA-PICK,ZS-PICKGRAL,ZM-PT01,8000210,1,1
H1-11-02-01,ALMAC,H1,ZA-AKEG,ZS-ALMAC,ZM-PT01,8000210,1,0
H1-11-03-01,ALMAC,H1,ZA-AKEG,ZS-ALMAC,ZM-PT01,8000210,1,0
H1-11-04-01,ALMAC,H1,ZA-AKEG,ZS-ALMAC,ZM-PT01,8000210,1,0
H1-11-05-01,ALMAC,H1,ZA-AKEG,ZS-ALMAC,ZM-PT01,8000210,1,0
H1-10-01-01,PICK,H1,ZA-PICK,ZS-PICKGRAL,ZM-PT01,8000220,1,1
H1-10-02-01,ALMAC,H1,ZA-AKEG,ZS-ALMAC,ZM-PT01,8000220,1,0
H1-10-03-01,ALMAC,H1,ZA-AKEG,ZS-ALMAC,ZM-PT01,8000220,1,0
H1-10-04-01,ALMAC,H1,ZA-AKEG,ZS-ALMAC,ZM-PT01,8000220,1,0
H1-10-05-01,ALMAC,H1,ZA-AKEG,ZS-ALMAC,ZM-PT01,8000220,1,0
H1-09-01-01,PICK,H1,ZA-PICK,ZS-PICKGRAL,ZM-PT01,8000230,1,1
H1-09-02-01,ALMAC,H1,ZA-AKEG,ZS-ALMAC,ZM-PT01,8000230,1,0
H1-09-03-01,ALMAC,H1,ZA-AKEG,ZS-ALMAC,ZM-PT01,8000230,1,0
H1-09-04-01,ALMAC,H1,ZA-AKEG,ZS-ALMAC,ZM-PT01,8000230,1,0
H1-09-05-01,ALMAC,H1,ZA-AKEG,ZS-ALMAC,ZM-PT01,8000230,1,0
H1-08-01-01,PICK,H1,ZA-PICK,ZS-PICKGRAL,ZM-PT01,8000240,1,1
H1-08-02-01,ALMAC,H1,ZA-AKEG,ZS-ALMAC,ZM-PT01,8000240,1,0
H1-08-03-01,ALMAC,H1,ZA-AKEG,ZS-ALMAC,ZM-PT01,8000240,1,0
H1-08-04-01,ALMAC,H1,ZA-AKEG,ZS-ALMAC,ZM-PT01,8000240,1,0
H1-08-05-01,ALMAC,H1,ZA-AKEG,ZS-ALMAC,ZM-PT01,8000240,1,0
H1-07-01-01,PICK,H1,ZA-PICK,ZS-PICKGRAL,ZM-PT01,8000250,1,1
H1-07-02-01,ALMAC,H1,ZA-AKEG,ZS-ALMAC,ZM-PT01,8000250,1,0
H1-07-03-01,ALMAC,H1,ZA-AKEG,ZS-ALMAC,ZM-PT01,8000250,1,0
H1-07-04-01,ALMAC,H1,ZA-AKEG,ZS-ALMAC,ZM-PT01,8000250,1,0
H1-07-05-01,ALMAC,H1,ZA-AKEG,ZS-ALMAC,ZM-PT01,8000250,1,0
J0-01-01-01,PICK,J0,ZA-PICK,ZS-PICKGRAL,ZM-PT01CJ,9000100,1,1
J0-01-02-01,ALMAC,J0,ZA-APISCOVINO,ZS-ALMAC,ZM-PT01,9000100,1,0
J0-01-03-01,ALMAC,J0,ZA-APISCOVINO,ZS-ALMAC,ZM-PT01,9000100,1,0
J0-01-04-01,ALMAC,J0,ZA-APISCOVINO,ZS-ALMAC,ZM-PT01,9000100,1,0
J0-01-01-02,PICK,J0,ZA-PICK,ZS-PICKGRAL,ZM-PT01CJ,9000110,1,1
J0-01-01-03,PICK,J0,ZA-PICK,ZS-PICKGRAL,ZM-PT01CJ,9000120,1,1
J0-01-01-04,PICK,J0,ZA-PICK,ZS-PICKGRAL,ZM-PT01CJ,9000130,1,1
J0-02-01-01,PICK,J0,ZA-PICK,ZS-PICKGRAL,ZM-PT01CJ,9000140,1,1
J0-02-02-01,ALMAC,J0,ZA-APISCOVINO,ZS-ALMAC,ZM-PT01,9000140,1,0
J0-02-03-01,ALMAC,J0,ZA-APISCOVINO,ZS-ALMAC,ZM-PT01,9000140,1,0
J0-02-04-01,ALMAC,J0,ZA-APISCOVINO,ZS-ALMAC,ZM-PT01,9000140,1,0
J0-02-01-02,PICK,J0,ZA-PICK,ZS-PICKGRAL,ZM-PT01CJ,9000150,1,1
J0-03-01-01,PICK,J0,ZA-PICK,ZS-PICKGRAL,ZM-PT01CJ,9000160,1,1
J0-03-02-01,ALMAC,J0,ZA-APISCOVINO,ZS-ALMAC,ZM-PT01,9000160,1,0
J0-03-03-01,ALMAC,J0,ZA-APISCOVINO,ZS-ALMAC,ZM-PT01,9000160,1,0
J0-03-04-01,ALMAC,J0,ZA-APISCOVINO,ZS-ALMAC,ZM-PT01,9000160,1,0
J0-03-01-02,PICK,J0,ZA-PICK,ZS-PICKGRAL,ZM-PT01CJ,9000170,1,1
J0-04-01-01,PICK,J0,ZA-PICK,ZS-PICKGRAL,ZM-PT01CJ,9000180,1,1
J0-04-02-01,ALMAC,J0,ZA-APISCOVINO,ZS-ALMAC,ZM-PT01,9000180,1,0
J0-04-03-01,ALMAC,J0,ZA-APISCOVINO,ZS-ALMAC,ZM-PT01,9000180,1,0
J0-04-04-01,ALMAC,J0,ZA-APISCOVINO,ZS-ALMAC,ZM-PT01,9000180,1,0
J0-04-01-02,PICK,J0,ZA-PICK,ZS-PICKGRAL,ZM-PT01CJ,9000190,1,1
J0-05-01-01,PICK,J0,ZA-PICK,ZS-PICKGRAL,ZM-PT01CJ,9000200,1,1
J0-05-02-01,ALMAC,J0,ZA-APISCOVINO,ZS-ALMAC,ZM-PT01,9000200,1,0
J0-05-03-01,ALMAC,J0,ZA-APISCOVINO,ZS-ALMAC,ZM-PT01,9000200,1,0
J0-05-04-01,ALMAC,J0,ZA-APISCOVINO,ZS-ALMAC,ZM-PT01,9000200,1,0
J0-05-01-02,PICK,J0,ZA-PICK,ZS-PICKGRAL,ZM-PT01CJ,9000210,1,1
J0-06-01-01,PICK,J0,ZA-PICK,ZS-PICKGRAL,ZM-PT01CJ,9000220,1,1
J0-06-02-01,ALMAC,J0,ZA-APISCOVINO,ZS-ALMAC,ZM-PT01,9000220,1,0
J0-06-03-01,ALMAC,J0,ZA-APISCOVINO,ZS-ALMAC,ZM-PT01,9000220,1,0
J0-06-04-01,ALMAC,J0,ZA-APISCOVINO,ZS-ALMAC,ZM-PT01,9000220,1,0
J0-06-01-02,PICK,J0,ZA-PICK,ZS-PICKGRAL,ZM-PT01CJ,9000230,1,1
J0-07-01-01,PICK,J0,ZA-PICK,ZS-PICKGRAL,ZM-PT01CJ,9000240,1,1
J0-07-02-01,ALMAC,J0,ZA-APISCOVINO,ZS-ALMAC,ZM-PT01,9000240,1,0
J0-07-03-01,ALMAC,J0,ZA-APISCOVINO,ZS-ALMAC,ZM-PT01,9000240,1,0
J0-07-04-01,ALMAC,J0,ZA-APISCOVINO,ZS-ALMAC,ZM-PT01,9000240,1,0
J0-07-01-02,PICK,J0,ZA-PICK,ZS-PICKGRAL,ZM-PT01CJ,9000250,1,1
J0-08-01-01,PICK,J0,ZA-PICK,ZS-PICKGRAL,ZM-PT01CJ,9000260,1,1
J0-08-02-01,ALMAC,J0,ZA-APISCOVINO,ZS-ALMAC,ZM-PT01,9000260,1,0
J0-08-03-01,ALMAC,J0,ZA-APISCOVINO,ZS-ALMAC,ZM-PT01,9000260,1,0
J0-08-04-01,ALMAC,J0,ZA-APISCOVINO,ZS-ALMAC,ZM-PT01,9000260,1,0
J0-08-01-02,PICK,J0,ZA-PICK,ZS-PICKGRAL,ZM-PT01CJ,9000270,1,1
J0-09-01-01,PICK,J0,ZA-PICK,ZS-PICKGRAL,ZM-PT01CJ,9000280,1,1
J0-09-02-01,ALMAC,J0,ZA-APISCOVINO,ZS-ALMAC,ZM-PT01,9000280,1,0
J0-09-03-01,ALMAC,J0,ZA-APISCOVINO,ZS-ALMAC,ZM-PT01,9000280,1,0
J0-09-04-01,ALMAC,J0,ZA-APISCOVINO,ZS-ALMAC,ZM-PT01,9000280,1,0
J0-09-01-02,PICK,J0,ZA-PICK,ZS-PICKGRAL,ZM-PT01CJ,9000290,1,1
J0-10-01-01,PICK,J0,ZA-PICK,ZS-PICKGRAL,ZM-PT01CJ,9000300,1,1
J0-10-02-01,ALMAC,J0,ZA-APISCOVINO,ZS-ALMAC,ZM-PT01,9000300,1,0
J0-10-03-01,ALMAC,J0,ZA-APISCOVINO,ZS-ALMAC,ZM-PT01,9000300,1,0
J0-10-04-01,ALMAC,J0,ZA-APISCOVINO,ZS-ALMAC,ZM-PT01,9000300,1,0
J0-10-01-02,PICK,J0,ZA-PICK,ZS-PICKGRAL,ZM-PT01CJ,9000310,1,1
J0-11-01-01,PICK,J0,ZA-PICK,ZS-PICKGRAL,ZM-PT01CJ,9000320,1,1
J0-11-02-01,ALMAC,J0,ZA-APISCOVINO,ZS-ALMAC,ZM-PT01,9000320,1,0
J0-11-03-01,ALMAC,J0,ZA-APISCOVINO,ZS-ALMAC,ZM-PT01,9000320,1,0
J0-11-04-01,ALMAC,J0,ZA-APISCOVINO,ZS-ALMAC,ZM-PT01,9000320,1,0
J0-12-01-01,PICK,J0,ZA-PICK,ZS-PICKGRAL,ZM-PT01CJ,9000330,1,1
J0-12-02-01,ALMAC,J0,ZA-APISCOVINO,ZS-ALMAC,ZM-PT01,9000330,1,0
J0-12-03-01,ALMAC,J0,ZA-APISCOVINO,ZS-ALMAC,ZM-PT01,9000330,1,0
J0-12-04-01,ALMAC,J0,ZA-APISCOVINO,ZS-ALMAC,ZM-PT01,9000330,1,0
J0-12-01-02,PICK,J0,ZA-PICK,ZS-PICKGRAL,ZM-PT01CJ,9000340,1,1
J0-13-01-01,PICK,J0,ZA-PICK,ZS-PICKGRAL,ZM-PT01CJ,9000350,1,1
J0-13-02-01,ALMAC,J0,ZA-APISCOVINO,ZS-ALMAC,ZM-PT01,9000350,1,0
J0-13-03-01,ALMAC,J0,ZA-APISCOVINO,ZS-ALMAC,ZM-PT01,9000350,1,0
J0-13-04-01,ALMAC,J0,ZA-APISCOVINO,ZS-ALMAC,ZM-PT01,9000350,1,0
J0-13-01-02,PICK,J0,ZA-PICK,ZS-PICKGRAL,ZM-PT01CJ,9000360,1,1
J0-14-01-01,PICK,J0,ZA-PICK,ZS-PICKGRAL,ZM-PT01CJ,9000370,1,1
J0-14-02-01,ALMAC,J0,ZA-APISCOVINO,ZS-ALMAC,ZM-PT01,9000370,1,0
J0-14-03-01,ALMAC,J0,ZA-APISCOVINO,ZS-ALMAC,ZM-PT01,9000370,1,0
J0-14-04-01,ALMAC,J0,ZA-APISCOVINO,ZS-ALMAC,ZM-PT01,9000370,1,0
J0-14-01-02,PICK,J0,ZA-PICK,ZS-PICKGRAL,ZM-PT01CJ,9000380,1,1
J0-15-01-01,PICK,J0,ZA-PICK,ZS-PICKGRAL,ZM-PT01CJ,9000390,1,1
J0-15-02-01,ALMAC,J0,ZA-APISCOVINO,ZS-ALMAC,ZM-PT01,9000390,1,0
J0-15-03-01,ALMAC,J0,ZA-APISCOVINO,ZS-ALMAC,ZM-PT01,9000390,1,0
J0-15-04-01,ALMAC,J0,ZA-APISCOVINO,ZS-ALMAC,ZM-PT01,9000390,1,0
J0-15-01-02,PICK,J0,ZA-PICK,ZS-PICKGRAL,ZM-PT01CJ,9000400,1,1
J0-16-01-01,PICK,J0,ZA-PICK,ZS-PICKGRAL,ZM-PT01CJ,9000410,1,1
J0-16-02-01,ALMAC,J0,ZA-APISCOVINO,ZS-ALMAC,ZM-PT01,9000410,1,0
J0-16-03-01,ALMAC,J0,ZA-APISCOVINO,ZS-ALMAC,ZM-PT01,9000410,1,0
J0-16-04-01,ALMAC,J0,ZA-APISCOVINO,ZS-ALMAC,ZM-PT01,9000410,1,0
J0-16-01-02,PICK,J0,ZA-PICK,ZS-PICKGRAL,ZM-PT01CJ,9000420,1,1
J0-17-01-01,PICK,J0,ZA-PICK,ZS-PICKGRAL,ZM-PT01CJ,9000430,1,1
J0-17-02-01,ALMAC,J0,ZA-APISCOVINO,ZS-ALMAC,ZM-PT01,9000430,1,0
J0-17-03-01,ALMAC,J0,ZA-APISCOVINO,ZS-ALMAC,ZM-PT01,9000430,1,0
J0-17-04-01,ALMAC,J0,ZA-APISCOVINO,ZS-ALMAC,ZM-PT01,9000430,1,0
J0-17-01-02,PICK,J0,ZA-PICK,ZS-PICKGRAL,ZM-PT01CJ,9000440,1,1
J0-18-01-01,PICK,J0,ZA-PICK,ZS-PICKGRAL,ZM-PT01CJ,9000450,1,1
J0-18-02-01,ALMAC,J0,ZA-APISCOVINO,ZS-ALMAC,ZM-PT01,9000450,1,0
J0-18-03-01,ALMAC,J0,ZA-APISCOVINO,ZS-ALMAC,ZM-PT01,9000450,1,0
J0-18-04-01,ALMAC,J0,ZA-APISCOVINO,ZS-ALMAC,ZM-PT01,9000450,1,0
J0-18-01-02,PICK,J0,ZA-PICK,ZS-PICKGRAL,ZM-PT01CJ,9000460,1,1
J0-19-01-01,PICK,J0,ZA-PICK,ZS-PICKGRAL,ZM-PT01CJ,9000470,1,1
J0-19-02-01,ALMAC,J0,ZA-APISCOVINO,ZS-ALMAC,ZM-PT01,9000470,1,0
J0-19-03-01,ALMAC,J0,ZA-APISCOVINO,ZS-ALMAC,ZM-PT01,9000470,1,0
J0-19-04-01,ALMAC,J0,ZA-APISCOVINO,ZS-ALMAC,ZM-PT01,9000470,1,0
J0-19-01-02,PICK,J0,ZA-PICK,ZS-PICKGRAL,ZM-PT01CJ,9000480,1,1
J0-20-01-01,PICK,J0,ZA-PICK,ZS-PICKGRAL,ZM-PT01CJ,9000490,1,1
J0-20-02-01,ALMAC,J0,ZA-APISCOVINO,ZS-ALMAC,ZM-PT01,9000490,1,0
J0-20-03-01,ALMAC,J0,ZA-APISCOVINO,ZS-ALMAC,ZM-PT01,9000490,1,0
J0-20-04-01,ALMAC,J0,ZA-APISCOVINO,ZS-ALMAC,ZM-PT01,9000490,1,0
J0-20-01-02,PICK,J0,ZA-PICK,ZS-PICKGRAL,ZM-PT01CJ,9000500,1,1
J0-21-01-01,PICK,J0,ZA-PICK,ZS-PICKGRAL,ZM-PT01CJ,9000510,1,1
J0-21-02-01,ALMAC,J0,ZA-APISCOVINO,ZS-ALMAC,ZM-PT01,9000510,1,0
J0-21-03-01,ALMAC,J0,ZA-APISCOVINO,ZS-ALMAC,ZM-PT01,9000510,1,0
J0-21-04-01,ALMAC,J0,ZA-APISCOVINO,ZS-ALMAC,ZM-PT01,9000510,1,0
J0-21-01-02,PICK,J0,ZA-PICK,ZS-PICKGRAL,ZM-PT01CJ,9000520,1,1
J0-22-01-01,PICK,J0,ZA-PICK,ZS-PICKGRAL,ZM-PT01CJ,9000530,1,1
J0-22-02-01,ALMAC,J0,ZA-APISCOVINO,ZS-ALMAC,ZM-PT01,9000530,1,0
J0-22-03-01,ALMAC,J0,ZA-APISCOVINO,ZS-ALMAC,ZM-PT01,9000530,1,0
J0-22-04-01,ALMAC,J0,ZA-APISCOVINO,ZS-ALMAC,ZM-PT01,9000530,1,0
J0-22-01-02,PICK,J0,ZA-PICK,ZS-PICKGRAL,ZM-PT01CJ,9000540,1,1
J0-23-01-01,PICK,J0,ZA-PICK,ZS-PICKGRAL,ZM-PT01CJ,9000550,1,1
J0-23-02-01,ALMAC,J0,ZA-APISCOVINO,ZS-ALMAC,ZM-PT01,9000550,1,0
J0-23-03-01,ALMAC,J0,ZA-APISCOVINO,ZS-ALMAC,ZM-PT01,9000550,1,0
J0-23-04-01,ALMAC,J0,ZA-APISCOVINO,ZS-ALMAC,ZM-PT01,9000550,1,0
J0-23-01-02,PICK,J0,ZA-PICK,ZS-PICKGRAL,ZM-PT01CJ,9000560,1,1
J0-24-01-01,PICK,J0,ZA-PICK,ZS-PICKGRAL,ZM-PT01CJ,9000570,1,1
J0-24-02-01,ALMAC,J0,ZA-APISCOVINO,ZS-ALMAC,ZM-PT01,9000570,1,0
J0-24-03-01,ALMAC,J0,ZA-APISCOVINO,ZS-ALMAC,ZM-PT01,9000570,1,0
J0-24-04-01,ALMAC,J0,ZA-APISCOVINO,ZS-ALMAC,ZM-PT01,9000570,1,0
J0-24-01-02,PICK,J0,ZA-PICK,ZS-PICKGRAL,ZM-PT01CJ,9000580,1,1
J0-25-01-01,PICK,J0,ZA-PICK,ZS-PICKGRAL,ZM-PT01CJ,9000590,1,1
J0-25-02-01,ALMAC,J0,ZA-APISCOVINO,ZS-ALMAC,ZM-PT01,9000590,1,0
J0-25-03-01,ALMAC,J0,ZA-APISCOVINO,ZS-ALMAC,ZM-PT01,9000590,1,0
J0-25-04-01,ALMAC,J0,ZA-APISCOVINO,ZS-ALMAC,ZM-PT01,9000590,1,0
J0-25-01-02,PICK,J0,ZA-PICK,ZS-PICKGRAL,ZM-PT01CJ,9000600,1,1
J0-26-01-01,PICK,J0,ZA-PICK,ZS-PICKGRAL,ZM-PT01CJ,9000610,1,1
J0-26-02-01,ALMAC,J0,ZA-APISCOVINO,ZS-ALMAC,ZM-PT01,9000610,1,0
J0-26-03-01,ALMAC,J0,ZA-APISCOVINO,ZS-ALMAC,ZM-PT01,9000610,1,0
J0-26-04-01,ALMAC,J0,ZA-APISCOVINO,ZS-ALMAC,ZM-PT01,9000610,1,0
J0-27-01-01,PICK,J0,ZA-PICK,ZS-PICKGRAL,ZM-PT01CJ,9000620,1,1
J0-27-02-01,ALMAC,J0,ZA-APISCOVINO,ZS-ALMAC,ZM-PT01,9000620,1,0
J0-27-03-01,ALMAC,J0,ZA-APISCOVINO,ZS-ALMAC,ZM-PT01,9000620,1,0
J0-27-04-01,ALMAC,J0,ZA-APISCOVINO,ZS-ALMAC,ZM-PT01,9000620,1,0
J0-27-01-02,PICK,J0,ZA-PICK,ZS-PICKGRAL,ZM-PT01CJ,9000630,1,1
J0-28-01-01,PICK,J0,ZA-PICK,ZS-PICKGRAL,ZM-PT01CJ,9000640,1,1
J0-28-02-01,ALMAC,J0,ZA-APISCOVINO,ZS-ALMAC,ZM-PT01,9000640,1,0
J0-28-03-01,ALMAC,J0,ZA-APISCOVINO,ZS-ALMAC,ZM-PT01,9000640,1,0
J0-28-04-01,ALMAC,J0,ZA-APISCOVINO,ZS-ALMAC,ZM-PT01,9000640,1,0
J0-28-01-02,PICK,J0,ZA-PICK,ZS-PICKGRAL,ZM-PT01CJ,9000650,1,1
J0-29-01-01,PICK,J0,ZA-PICK,ZS-PICKGRAL,ZM-PT01CJ,9000660,1,1
J0-29-02-01,ALMAC,J0,ZA-APISCOVINO,ZS-ALMAC,ZM-PT01,9000660,1,0
J0-29-03-01,ALMAC,J0,ZA-APISCOVINO,ZS-ALMAC,ZM-PT01,9000660,1,0
J0-29-04-01,ALMAC,J0,ZA-APISCOVINO,ZS-ALMAC,ZM-PT01,9000660,1,0
J0-29-01-02,PICK,J0,ZA-PICK,ZS-PICKGRAL,ZM-PT01CJ,9000670,1,1
J0-30-01-01,PICK,J0,ZA-PICK,ZS-PICKGRAL,ZM-PT01CJ,9000680,1,1
J0-30-02-01,ALMAC,J0,ZA-APISCOVINO,ZS-ALMAC,ZM-PT01,9000680,1,0
J0-30-03-01,ALMAC,J0,ZA-APISCOVINO,ZS-ALMAC,ZM-PT01,9000680,1,0
J0-30-04-01,ALMAC,J0,ZA-APISCOVINO,ZS-ALMAC,ZM-PT01,9000680,1,0
J0-30-01-02,PICK,J0,ZA-PICK,ZS-PICKGRAL,ZM-PT01CJ,9000690,1,1
J0-31-01-01,PICK,J0,ZA-PICK,ZS-PICKGRAL,ZM-PT01,9000700,1,1
J0-31-02-01,ALMAC,J0,ZA-APISCOVINO,ZS-ALMAC,ZM-PT01,9000700,1,0
J0-31-03-01,ALMAC,J0,ZA-APISCOVINO,ZS-ALMAC,ZM-PT01,9000700,1,0
J0-31-04-01,ALMAC,J0,ZA-APISCOVINO,ZS-ALMAC,ZM-PT01,9000700,1,0
J0-32-01-01,PICK,J0,ZA-PICK,ZS-PICKGRAL,ZM-PT01,9000710,1,1
J0-32-02-01,ALMAC,J0,ZA-APISCOVINO,ZS-ALMAC,ZM-PT01,9000710,1,0
J0-32-03-01,ALMAC,J0,ZA-APISCOVINO,ZS-ALMAC,ZM-PT01,9000710,1,0
J0-32-04-01,ALMAC,J0,ZA-APISCOVINO,ZS-ALMAC,ZM-PT01,9000710,1,0
J0-33-01-01,PICK,J0,ZA-PICK,ZS-PICKGRAL,ZM-PT01,9000720,1,1
J0-33-02-01,ALMAC,J0,ZA-APISCOVINO,ZS-ALMAC,ZM-PT01,9000720,1,0
J0-33-03-01,ALMAC,J0,ZA-APISCOVINO,ZS-ALMAC,ZM-PT01,9000720,1,0
J0-33-04-01,ALMAC,J0,ZA-APISCOVINO,ZS-ALMAC,ZM-PT01,9000720,1,0
J0-34-01-01,PICK,J0,ZA-PICK,ZS-PICKGRAL,ZM-PT01,9000730,1,1
J0-34-02-01,ALMAC,J0,ZA-APISCOVINO,ZS-ALMAC,ZM-PT01,9000730,1,0
J0-34-03-01,ALMAC,J0,ZA-APISCOVINO,ZS-ALMAC,ZM-PT01,9000730,1,0
J0-34-04-01,ALMAC,J0,ZA-APISCOVINO,ZS-ALMAC,ZM-PT01,9000730,1,0
J0-35-01-01,PICK,J0,ZA-PICK,ZS-PICKGRAL,ZM-PT01,9000740,1,1
J0-35-02-01,ALMAC,J0,ZA-APISCOVINO,ZS-ALMAC,ZM-PT01,9000740,1,0
J0-35-03-01,ALMAC,J0,ZA-APISCOVINO,ZS-ALMAC,ZM-PT01,9000740,1,0
J0-35-04-01,ALMAC,J0,ZA-APISCOVINO,ZS-ALMAC,ZM-PT01,9000740,1,0
J0-36-01-01,PICK,J0,ZA-PICK,ZS-PICKGRAL,ZM-PT01,9000750,1,1
J0-36-02-01,ALMAC,J0,ZA-APISCOVINO,ZS-ALMAC,ZM-PT01,9000750,1,0
J0-36-03-01,ALMAC,J0,ZA-APISCOVINO,ZS-ALMAC,ZM-PT01,9000750,1,0
J0-36-04-01,ALMAC,J0,ZA-APISCOVINO,ZS-ALMAC,ZM-PT01,9000750,1,0
J0-37-01-01,PICK,J0,ZA-PICK,ZS-PICKGRAL,ZM-PT01,9000760,1,1
J0-37-02-01,ALMAC,J0,ZA-APISCOVINO,ZS-ALMAC,ZM-PT01,9000760,1,0
J0-37-03-01,ALMAC,J0,ZA-APISCOVINO,ZS-ALMAC,ZM-PT01,9000760,1,0
J0-37-04-01,ALMAC,J0,ZA-APISCOVINO,ZS-ALMAC,ZM-PT01,9000760,1,0
J0-38-01-01,PICK,J0,ZA-PICK,ZS-PICKGRAL,ZM-PT01,9000770,1,1
J0-38-02-01,ALMAC,J0,ZA-APISCOVINO,ZS-ALMAC,ZM-PT01,9000770,1,0
J0-38-03-01,ALMAC,J0,ZA-APISCOVINO,ZS-ALMAC,ZM-PT01,9000770,1,0
J0-38-04-01,ALMAC,J0,ZA-APISCOVINO,ZS-ALMAC,ZM-PT01,9000770,1,0
J0-39-01-01,PICK,J0,ZA-PICK,ZS-PICKGRAL,ZM-PT01,9000780,1,1
J0-39-02-01,ALMAC,J0,ZA-APISCOVINO,ZS-ALMAC,ZM-PT01,9000780,1,0
J0-39-03-01,ALMAC,J0,ZA-APISCOVINO,ZS-ALMAC,ZM-PT01,9000780,1,0
J0-39-04-01,ALMAC,J0,ZA-APISCOVINO,ZS-ALMAC,ZM-PT01,9000780,1,0
J0-40-01-01,PICK,J0,ZA-PICK,ZS-PICKGRAL,ZM-PT01,9000790,1,1
J0-40-02-01,ALMAC,J0,ZA-APISCOVINO,ZS-ALMAC,ZM-PT01,9000790,1,0
J0-40-03-01,ALMAC,J0,ZA-APISCOVINO,ZS-ALMAC,ZM-PT01,9000790,1,0
J0-40-04-01,ALMAC,J0,ZA-APISCOVINO,ZS-ALMAC,ZM-PT01,9000790,1,0
J0-41-01-01,PICK,J0,ZA-PICK,ZS-PICKGRAL,ZM-PT01,9000800,1,1
J0-41-02-01,ALMAC,J0,ZA-APISCOVINO,ZS-ALMAC,ZM-PT01,9000800,1,0
J0-41-03-01,ALMAC,J0,ZA-APISCOVINO,ZS-ALMAC,ZM-PT01,9000800,1,0
J0-41-04-01,ALMAC,J0,ZA-APISCOVINO,ZS-ALMAC,ZM-PT01,9000800,1,0
J0-42-01-01,PICK,J0,ZA-PICK,ZS-PICKGRAL,ZM-PT01,9000810,1,1
J0-42-02-01,ALMAC,J0,ZA-APISCOVINO,ZS-ALMAC,ZM-PT01,9000810,1,0
J0-42-03-01,ALMAC,J0,ZA-APISCOVINO,ZS-ALMAC,ZM-PT01,9000810,1,0
J0-42-04-01,ALMAC,J0,ZA-APISCOVINO,ZS-ALMAC,ZM-PT01,9000810,1,0
J0-43-01-01,PICK,J0,ZA-PICK,ZS-PICKGRAL,ZM-PT01CJ,9000820,1,1
J0-43-02-01,ALMAC,J0,ZA-APISCOVINO,ZS-ALMAC,ZM-PT01,9000820,1,0
J0-43-03-01,ALMAC,J0,ZA-APISCOVINO,ZS-ALMAC,ZM-PT01,9000820,1,0
J0-43-04-01,ALMAC,J0,ZA-APISCOVINO,ZS-ALMAC,ZM-PT01,9000820,1,0
J0-43-01-02,PICK,J0,ZA-PICK,ZS-PICKGRAL,ZM-PT01CJ,9000830,1,1
J0-44-01-01,PICK,J0,ZA-PICK,ZS-PICKGRAL,ZM-PT01CJ,9000840,1,1
J0-44-02-01,ALMAC,J0,ZA-APISCOVINO,ZS-ALMAC,ZM-PT01,9000840,1,0
J0-44-03-01,ALMAC,J0,ZA-APISCOVINO,ZS-ALMAC,ZM-PT01,9000840,1,0
J0-44-04-01,ALMAC,J0,ZA-APISCOVINO,ZS-ALMAC,ZM-PT01,9000840,1,0
J0-44-01-02,PICK,J0,ZA-PICK,ZS-PICKGRAL,ZM-PT01CJ,9000850,1,1
J0-45-01-01,PICK,J0,ZA-PICK,ZS-PICKGRAL,ZM-PT01CJ,9000860,1,1
J0-45-02-01,ALMAC,J0,ZA-APISCOVINO,ZS-ALMAC,ZM-PT01,9000860,1,0
J0-45-03-01,ALMAC,J0,ZA-APISCOVINO,ZS-ALMAC,ZM-PT01,9000860,1,0
J0-45-04-01,ALMAC,J0,ZA-APISCOVINO,ZS-ALMAC,ZM-PT01,9000860,1,0
J0-45-01-02,PICK,J0,ZA-PICK,ZS-PICKGRAL,ZM-PT01CJ,9000870,1,1
J0-46-01-01,PICK,J0,ZA-PICK,ZS-PICKGRAL,ZM-PT01CJ,9000880,1,1
J0-46-02-01,ALMAC,J0,ZA-APISCOVINO,ZS-ALMAC,ZM-PT01,9000880,1,0
J0-46-03-01,ALMAC,J0,ZA-APISCOVINO,ZS-ALMAC,ZM-PT01,9000880,1,0
J0-46-04-01,ALMAC,J0,ZA-APISCOVINO,ZS-ALMAC,ZM-PT01,9000880,1,0
J0-46-01-02,PICK,J0,ZA-PICK,ZS-PICKGRAL,ZM-PT01CJ,9000890,1,1
J0-47-01-01,PICK,J0,ZA-PICK,ZS-PICKGRAL,ZM-PT01CJ,9000900,1,1
J0-47-02-01,ALMAC,J0,ZA-APISCOVINO,ZS-ALMAC,ZM-PT01,9000900,1,0
J0-47-03-01,ALMAC,J0,ZA-APISCOVINO,ZS-ALMAC,ZM-PT01,9000900,1,0
J0-47-04-01,ALMAC,J0,ZA-APISCOVINO,ZS-ALMAC,ZM-PT01,9000900,1,0
J0-47-01-02,PICK,J0,ZA-PICK,ZS-PICKGRAL,ZM-PT01CJ,9000910,1,1
J0-48-01-01,PICK,J0,ZA-PICK,ZS-PICKGRAL,ZM-PT01CJ,9000920,1,1
J0-48-02-01,ALMAC,J0,ZA-APISCOVINO,ZS-ALMAC,ZM-PT01,9000920,1,0
J0-48-03-01,ALMAC,J0,ZA-APISCOVINO,ZS-ALMAC,ZM-PT01,9000920,1,0
J0-48-04-01,ALMAC,J0,ZA-APISCOVINO,ZS-ALMAC,ZM-PT01,9000920,1,0
J0-48-01-02,PICK,J0,ZA-PICK,ZS-PICKGRAL,ZM-PT01CJ,9000930,1,1
J0-49-01-01,PICK,J0,ZA-PICK,ZS-PICKGRAL,ZM-PT01CJ,9000940,1,1
J0-49-02-01,ALMAC,J0,ZA-APISCOVINO,ZS-ALMAC,ZM-PT01,9000940,1,0
J0-49-03-01,ALMAC,J0,ZA-APISCOVINO,ZS-ALMAC,ZM-PT01,9000940,1,0
J0-49-04-01,ALMAC,J0,ZA-APISCOVINO,ZS-ALMAC,ZM-PT01,9000940,1,0
J0-49-01-02,PICK,J0,ZA-PICK,ZS-PICKGRAL,ZM-PT01CJ,9000950,1,1
J0-50-01-01,PICK,J0,ZA-PICK,ZS-PICKGRAL,ZM-PT01CJ,9000960,1,1
J0-50-02-01,ALMAC,J0,ZA-APISCOVINO,ZS-ALMAC,ZM-PT01,9000960,1,0
J0-50-03-01,ALMAC,J0,ZA-APISCOVINO,ZS-ALMAC,ZM-PT01,9000960,1,0
J0-50-04-01,ALMAC,J0,ZA-APISCOVINO,ZS-ALMAC,ZM-PT01,9000960,1,0
J0-50-01-02,PICK,J0,ZA-PICK,ZS-PICKGRAL,ZM-PT01CJ,9000970,1,1
J0-51-01-01,PICK,J0,ZA-PICK,ZS-PICKGRAL,ZM-PT01CJ,9000980,1,1
J0-51-02-01,ALMAC,J0,ZA-APISCOVINO,ZS-ALMAC,ZM-PT01,9000980,1,0
J0-51-03-01,ALMAC,J0,ZA-APISCOVINO,ZS-ALMAC,ZM-PT01,9000980,1,0
J0-51-04-01,ALMAC,J0,ZA-APISCOVINO,ZS-ALMAC,ZM-PT01,9000980,1,0
J0-51-01-02,PICK,J0,ZA-PICK,ZS-PICKGRAL,ZM-PT01CJ,9000990,1,1
J0-52-01-01,PICK,J0,ZA-PICK,ZS-PICKGRAL,ZM-PT01CJ,9001000,1,1
J0-52-02-01,ALMAC,J0,ZA-APISCOVINO,ZS-ALMAC,ZM-PT01,9001000,1,0
J0-52-03-01,ALMAC,J0,ZA-APISCOVINO,ZS-ALMAC,ZM-PT01,9001000,1,0
J0-52-04-01,ALMAC,J0,ZA-APISCOVINO,ZS-ALMAC,ZM-PT01,9001000,1,0
J0-52-01-02,PICK,J0,ZA-PICK,ZS-PICKGRAL,ZM-PT01CJ,9001010,1,1
I2-40-01-03,PICK,I2,ZA-PICK,ZS-PICKGRAL,ZM-PT01CJ,9001020,1,1
I2-40-02-01,ALMAC,I2,ZA-MIX,ZS-ALMAC,ZM-PT01,9001020,1,0
I2-40-01-02,PICK,I2,ZA-PICK,ZS-PICKGRAL,ZM-PT01CJ,9001030,1,1
I2-40-01-01,PICK,I2,ZA-PICK,ZS-PICKGRAL,ZM-PT01CJ,9001040,1,1
I2-39-01-03,PICK,I2,ZA-PICK,ZS-PICKGRAL,ZM-PT01CJ,9001050,1,1
I2-39-02-01,ALMAC,I2,ZA-MIX,ZS-ALMAC,ZM-PT01,9001050,1,0
I2-39-01-02,PICK,I2,ZA-PICK,ZS-PICKGRAL,ZM-PT01CJ,9001060,1,1
I2-39-01-01,PICK,I2,ZA-PICK,ZS-PICKGRAL,ZM-PT01CJ,9001070,1,1
I2-38-01-02,PICK,I2,ZA-PICK,ZS-PICKGRAL,ZM-PT01CJ,9001080,1,1
I2-38-02-01,ALMAC,I2,ZA-MIX,ZS-ALMAC,ZM-PT01,9001080,1,0
I2-38-01-01,PICK,I2,ZA-PICK,ZS-PICKGRAL,ZM-PT01CJ,9001090,1,1
I2-37-01-02,PICK,I2,ZA-PICK,ZS-PICKGRAL,ZM-PT01CJ,9001100,1,1
I2-37-02-01,ALMAC,I2,ZA-MIX,ZS-ALMAC,ZM-PT01,9001100,1,0
I2-37-01-01,PICK,I2,ZA-PICK,ZS-PICKGRAL,ZM-PT01CJ,9001110,1,1
I2-36-01-03,PICK,I2,ZA-PICK,ZS-PICKGRAL,ZM-PT01CJ,9001120,1,1
I2-36-02-01,ALMAC,I2,ZA-MIX,ZS-ALMAC,ZM-PT01,9001120,1,0
I2-36-01-02,PICK,I2,ZA-PICK,ZS-PICKGRAL,ZM-PT01CJ,9001130,1,1
I2-36-01-01,PICK,I2,ZA-PICK,ZS-PICKGRAL,ZM-PT01CJ,9001140,1,1
I2-35-01-02,PICK,I2,ZA-PICK,ZS-PICKGRAL,ZM-PT01CJ,9001150,1,1
I2-35-02-01,ALMAC,I2,ZA-MIX,ZS-ALMAC,ZM-PT01,9001150,1,0
I2-35-01-01,PICK,I2,ZA-PICK,ZS-PICKGRAL,ZM-PT01CJ,9001160,1,1
I2-34-01-02,PICK,I2,ZA-PICK,ZS-PICKGRAL,ZM-PT01CJ,9001170,1,1
I2-34-02-01,ALMAC,I2,ZA-MIX,ZS-ALMAC,ZM-PT01,9001170,1,0
I2-34-01-01,PICK,I2,ZA-PICK,ZS-PICKGRAL,ZM-PT01CJ,9001180,1,1
I2-34-03-01,ALMAC,I2,ZA-APISCOVINO,ZS-ALMAC,ZM-PT01,9001180,1,0
I2-34-04-01,ALMAC,I2,ZA-APISCOVINO,ZS-ALMAC,ZM-PT01,9001180,1,0
I2-33-01-02,PICK,I2,ZA-PICK,ZS-PICKGRAL,ZM-PT01CJ,9001190,1,1
I2-33-02-01,ALMAC,I2,ZA-MIX,ZS-ALMAC,ZM-PT01,9001190,1,0
I2-33-01-01,PICK,I2,ZA-PICK,ZS-PICKGRAL,ZM-PT01CJ,9001200,1,1
I2-33-03-01,ALMAC,I2,ZA-APISCOVINO,ZS-ALMAC,ZM-PT01,9001200,1,0
I2-33-04-01,ALMAC,I2,ZA-APISCOVINO,ZS-ALMAC,ZM-PT01,9001200,1,0
I2-32-01-02,PICK,I2,ZA-PICK,ZS-PICKGRAL,ZM-PT01CJ,9001210,1,1
I2-32-02-01,ALMAC,I2,ZA-MIX,ZS-ALMAC,ZM-PT01,9001210,1,0
I2-32-01-01,PICK,I2,ZA-PICK,ZS-PICKGRAL,ZM-PT01CJ,9001220,1,1
I2-32-03-01,ALMAC,I2,ZA-APISCOVINO,ZS-ALMAC,ZM-PT01,9001220,1,0
I2-32-04-01,ALMAC,I2,ZA-APISCOVINO,ZS-ALMAC,ZM-PT01,9001220,1,0
I2-31-01-02,PICK,I2,ZA-PICK,ZS-PICKGRAL,ZM-PT01CJ,9001230,1,1
I2-31-02-01,ALMAC,I2,ZA-MIX,ZS-ALMAC,ZM-PT01,9001230,1,0
I2-31-01-01,PICK,I2,ZA-PICK,ZS-PICKGRAL,ZM-PT01CJ,9001240,1,1
I2-31-03-01,ALMAC,I2,ZA-APISCOVINO,ZS-ALMAC,ZM-PT01,9001240,1,0
I2-31-04-01,ALMAC,I2,ZA-APISCOVINO,ZS-ALMAC,ZM-PT01,9001240,1,0
I2-30-01-04,PICK,I2,ZA-PICK,ZS-PICKGRAL,ZM-PT01CJ,9001250,1,1
I2-30-02-01,ALMAC,I2,ZA-MIX,ZS-ALMAC,ZM-PT01,9001250,1,0
I2-30-01-03,PICK,I2,ZA-PICK,ZS-PICKGRAL,ZM-PT01CJ,9001260,1,1
I2-30-01-02,PICK,I2,ZA-PICK,ZS-PICKGRAL,ZM-PT01CJ,9001270,1,1
I2-30-01-01,PICK,I2,ZA-PICK,ZS-PICKGRAL,ZM-PT01CJ,9001280,1,1
I2-30-03-01,ALMAC,I2,ZA-APISCOVINO,ZS-ALMAC,ZM-PT01,9001280,1,0
I2-30-04-01,ALMAC,I2,ZA-APISCOVINO,ZS-ALMAC,ZM-PT01,9001280,1,0
I2-29-01-02,PICK,I2,ZA-PICK,ZS-PICKGRAL,ZM-PT01CJ,9001290,1,1
I2-29-02-01,ALMAC,I2,ZA-MIX,ZS-ALMAC,ZM-PT01,9001290,1,0
I2-29-01-01,PICK,I2,ZA-PICK,ZS-PICKGRAL,ZM-PT01CJ,9001300,1,1
I2-29-03-01,ALMAC,I2,ZA-APISCOVINO,ZS-ALMAC,ZM-PT01,9001300,1,0
I2-29-04-01,ALMAC,I2,ZA-APISCOVINO,ZS-ALMAC,ZM-PT01,9001300,1,0
I2-28-01-04,PICK,I2,ZA-PICK,ZS-PICKGRAL,ZM-PT01CJ,9001310,1,1
I2-28-02-01,ALMAC,I2,ZA-MIX,ZS-ALMAC,ZM-PT01,9001310,1,0
I2-28-01-03,PICK,I2,ZA-PICK,ZS-PICKGRAL,ZM-PT01CJ,9001320,1,1
I2-28-01-02,PICK,I2,ZA-PICK,ZS-PICKGRAL,ZM-PT01CJ,9001330,1,1
I2-28-01-01,PICK,I2,ZA-PICK,ZS-PICKGRAL,ZM-PT01CJ,9001340,1,1
I2-28-03-01,ALMAC,I2,ZA-APISCOVINO,ZS-ALMAC,ZM-PT01,9001340,1,0
I2-28-04-01,ALMAC,I2,ZA-APISCOVINO,ZS-ALMAC,ZM-PT01,9001340,1,0
I2-27-01-04,PICK,I2,ZA-PICK,ZS-PICKGRAL,ZM-PT01CJ,9001350,1,1
I2-27-02-01,ALMAC,I2,ZA-MIX,ZS-ALMAC,ZM-PT01,9001350,1,0
I2-27-01-03,PICK,I2,ZA-PICK,ZS-PICKGRAL,ZM-PT01CJ,9001360,1,1
I2-27-01-02,PICK,I2,ZA-PICK,ZS-PICKGRAL,ZM-PT01CJ,9001370,1,1
I2-27-01-01,PICK,I2,ZA-PICK,ZS-PICKGRAL,ZM-PT01CJ,9001380,1,1
I2-27-03-01,ALMAC,I2,ZA-APISCOVINO,ZS-ALMAC,ZM-PT01,9001380,1,0
I2-27-04-01,ALMAC,I2,ZA-APISCOVINO,ZS-ALMAC,ZM-PT01,9001380,1,0
I2-26-01-03,PICK,I2,ZA-PICK,ZS-PICKGRAL,ZM-PT01CJ,9001390,1,1
I2-26-02-01,ALMAC,I2,ZA-MIX,ZS-ALMAC,ZM-PT01,9001390,1,0
I2-26-01-02,PICK,I2,ZA-PICK,ZS-PICKGRAL,ZM-PT01CJ,9001400,1,1
I2-26-01-01,PICK,I2,ZA-PICK,ZS-PICKGRAL,ZM-PT01CJ,9001410,1,1
I2-26-03-01,ALMAC,I2,ZA-APISCOVINO,ZS-ALMAC,ZM-PT01,9001410,1,0
I2-26-04-01,ALMAC,I2,ZA-APISCOVINO,ZS-ALMAC,ZM-PT01,9001410,1,0
I2-25-01-02,PICK,I2,ZA-PICK,ZS-PICKGRAL,ZM-PT01CJ,9001420,1,1
I2-25-02-01,ALMAC,I2,ZA-MIX,ZS-ALMAC,ZM-PT01,9001420,1,0
I2-25-01-01,PICK,I2,ZA-PICK,ZS-PICKGRAL,ZM-PT01CJ,9001430,1,1
I2-25-03-01,ALMAC,I2,ZA-APISCOVINO,ZS-ALMAC,ZM-PT01,9001430,1,0
I2-25-04-01,ALMAC,I2,ZA-APISCOVINO,ZS-ALMAC,ZM-PT01,9001430,1,0
I2-24-01-03,PICK,I2,ZA-PICK,ZS-PICKGRAL,ZM-PT01CJ,9001440,1,1
I2-24-02-01,ALMAC,I2,ZA-MIX,ZS-ALMAC,ZM-PT01,9001440,1,0
I2-24-01-02,PICK,I2,ZA-PICK,ZS-PICKGRAL,ZM-PT01CJ,9001450,1,1
I2-24-01-01,PICK,I2,ZA-PICK,ZS-PICKGRAL,ZM-PT01CJ,9001460,1,1
I2-24-03-01,ALMAC,I2,ZA-APISCOVINO,ZS-ALMAC,ZM-PT01,9001460,1,0
I2-24-04-01,ALMAC,I2,ZA-APISCOVINO,ZS-ALMAC,ZM-PT01,9001460,1,0
I2-23-01-04,PICK,I2,ZA-PICK,ZS-PICKGRAL,ZM-PT01CJ,9001470,1,1
I2-23-02-01,ALMAC,I2,ZA-MIX,ZS-ALMAC,ZM-PT01,9001470,1,0
I2-23-01-03,PICK,I2,ZA-PICK,ZS-PICKGRAL,ZM-PT01CJ,9001480,1,1
I2-23-01-02,PICK,I2,ZA-PICK,ZS-PICKGRAL,ZM-PT01CJ,9001490,1,1
I2-23-01-01,PICK,I2,ZA-PICK,ZS-PICKGRAL,ZM-PT01CJ,9001500,1,1
I2-23-03-01,ALMAC,I2,ZA-APISCOVINO,ZS-ALMAC,ZM-PT01,9001500,1,0
I2-23-04-01,ALMAC,I2,ZA-APISCOVINO,ZS-ALMAC,ZM-PT01,9001500,1,0
I2-22-01-04,PICK,I2,ZA-PICK,ZS-PICKGRAL,ZM-PT01CJ,9001510,1,1
I2-22-02-01,ALMAC,I2,ZA-MIX,ZS-ALMAC,ZM-PT01,9001510,1,0
I2-22-01-03,PICK,I2,ZA-PICK,ZS-PICKGRAL,ZM-PT01CJ,9001520,1,1
I2-22-01-02,PICK,I2,ZA-PICK,ZS-PICKGRAL,ZM-PT01CJ,9001530,1,1
I2-22-01-01,PICK,I2,ZA-PICK,ZS-PICKGRAL,ZM-PT01CJ,9001540,1,1
I2-22-03-01,ALMAC,I2,ZA-APISCOVINO,ZS-ALMAC,ZM-PT01,9001540,1,0
I2-22-04-01,ALMAC,I2,ZA-APISCOVINO,ZS-ALMAC,ZM-PT01,9001540,1,0
I2-21-01-03,PICK,I2,ZA-PICK,ZS-PICKGRAL,ZM-PT01CJ,9001550,1,1
I2-21-02-01,ALMAC,I2,ZA-MIX,ZS-ALMAC,ZM-PT01,9001550,1,0
I2-21-01-02,PICK,I2,ZA-PICK,ZS-PICKGRAL,ZM-PT01CJ,9001560,1,1
I2-21-01-01,PICK,I2,ZA-PICK,ZS-PICKGRAL,ZM-PT01CJ,9001570,1,1
I2-21-03-01,ALMAC,I2,ZA-APISCOVINO,ZS-ALMAC,ZM-PT01,9001570,1,0
I2-21-04-01,ALMAC,I2,ZA-APISCOVINO,ZS-ALMAC,ZM-PT01,9001570,1,0
I2-20-01-02,PICK,I2,ZA-PICK,ZS-PICKGRAL,ZM-PT01CJ,9001580,1,1
I2-20-02-01,ALMAC,I2,ZA-MIX,ZS-ALMAC,ZM-PT01,9001580,1,0
I2-20-01-01,PICK,I2,ZA-PICK,ZS-PICKGRAL,ZM-PT01CJ,9001590,1,1
I2-20-03-01,ALMAC,I2,ZA-APISCOVINO,ZS-ALMAC,ZM-PT01,9001590,1,0
I2-20-04-01,ALMAC,I2,ZA-APISCOVINO,ZS-ALMAC,ZM-PT01,9001590,1,0
I2-19-01-03,PICK,I2,ZA-PICK,ZS-PICKGRAL,ZM-PT01CJ,9001600,1,1
I2-19-02-01,ALMAC,I2,ZA-MIX,ZS-ALMAC,ZM-PT01,9001600,1,0
I2-19-01-02,PICK,I2,ZA-PICK,ZS-PICKGRAL,ZM-PT01CJ,9001610,1,1
I2-19-01-01,PICK,I2,ZA-PICK,ZS-PICKGRAL,ZM-PT01CJ,9001620,1,1
I2-19-03-01,ALMAC,I2,ZA-APISCOVINO,ZS-ALMAC,ZM-PT01,9001620,1,0
I2-19-04-01,ALMAC,I2,ZA-APISCOVINO,ZS-ALMAC,ZM-PT01,9001620,1,0
I2-18-01-02,PICK,I2,ZA-PICK,ZS-PICKGRAL,ZM-PT01CJ,9001630,1,1
I2-18-02-01,ALMAC,I2,ZA-MIX,ZS-ALMAC,ZM-PT01,9001630,1,0
I2-18-01-01,PICK,I2,ZA-PICK,ZS-PICKGRAL,ZM-PT01CJ,9001640,1,1
I2-18-03-01,ALMAC,I2,ZA-APISCOVINO,ZS-ALMAC,ZM-PT01,9001640,1,0
I2-18-04-01,ALMAC,I2,ZA-APISCOVINO,ZS-ALMAC,ZM-PT01,9001640,1,0
I2-17-01-03,PICK,I2,ZA-PICK,ZS-PICKGRAL,ZM-PT01CJ,9001650,1,1
I2-17-02-01,ALMAC,I2,ZA-MIX,ZS-ALMAC,ZM-PT01,9001650,1,0
I2-17-01-02,PICK,I2,ZA-PICK,ZS-PICKGRAL,ZM-PT01CJ,9001660,1,1
I2-17-01-01,PICK,I2,ZA-PICK,ZS-PICKGRAL,ZM-PT01CJ,9001670,1,1
I2-17-03-01,ALMAC,I2,ZA-APISCOVINO,ZS-ALMAC,ZM-PT01,9001670,1,0
I2-17-04-01,ALMAC,I2,ZA-APISCOVINO,ZS-ALMAC,ZM-PT01,9001670,1,0
I2-16-01-02,PICK,I2,ZA-PICK,ZS-PICKGRAL,ZM-PT01CJ,9001680,1,1
I2-16-02-01,ALMAC,I2,ZA-MIX,ZS-ALMAC,ZM-PT01,9001680,1,0
I2-16-01-01,PICK,I2,ZA-PICK,ZS-PICKGRAL,ZM-PT01CJ,9001690,1,1
I2-16-03-01,ALMAC,I2,ZA-APISCOVINO,ZS-ALMAC,ZM-PT01,9001690,1,0
I2-16-04-01,ALMAC,I2,ZA-APISCOVINO,ZS-ALMAC,ZM-PT01,9001690,1,0
I2-15-01-02,PICK,I2,ZA-PICK,ZS-PICKGRAL,ZM-PT01CJ,9001700,1,1
I2-15-02-01,ALMAC,I2,ZA-MIX,ZS-ALMAC,ZM-PT01,9001700,1,0
I2-15-01-01,PICK,I2,ZA-PICK,ZS-PICKGRAL,ZM-PT01CJ,9001710,1,1
I2-15-03-01,ALMAC,I2,ZA-APISCOVINO,ZS-ALMAC,ZM-PT01,9001710,1,0
I2-15-04-01,ALMAC,I2,ZA-APISCOVINO,ZS-ALMAC,ZM-PT01,9001710,1,0
I2-14-01-02,PICK,I2,ZA-PICK,ZS-PICKGRAL,ZM-PT01CJ,9001720,1,1
I2-14-02-01,ALMAC,I2,ZA-MIX,ZS-ALMAC,ZM-PT01,9001720,1,0
I2-14-01-01,PICK,I2,ZA-PICK,ZS-PICKGRAL,ZM-PT01CJ,9001730,1,1
I2-14-03-01,ALMAC,I2,ZA-APISCOVINO,ZS-ALMAC,ZM-PT01,9001730,1,0
I2-14-04-01,ALMAC,I2,ZA-APISCOVINO,ZS-ALMAC,ZM-PT01,9001730,1,0
I2-13-01-02,PICK,I2,ZA-PICK,ZS-PICKGRAL,ZM-PT01CJ,9001740,1,1
I2-13-02-01,ALMAC,I2,ZA-MIX,ZS-ALMAC,ZM-PT01,9001740,1,0
I2-13-01-01,PICK,I2,ZA-PICK,ZS-PICKGRAL,ZM-PT01CJ,9001750,1,1
I2-13-03-01,ALMAC,I2,ZA-APISCOVINO,ZS-ALMAC,ZM-PT01,9001750,1,0
I2-13-04-01,ALMAC,I2,ZA-APISCOVINO,ZS-ALMAC,ZM-PT01,9001750,1,0
I2-12-01-02,PICK,I2,ZA-PICK,ZS-PICKGRAL,ZM-PT01CJ,9001760,1,1
I2-12-02-01,ALMAC,I2,ZA-MIX,ZS-ALMAC,ZM-PT01,9001760,1,0
I2-12-01-01,PICK,I2,ZA-PICK,ZS-PICKGRAL,ZM-PT01CJ,9001770,1,1
I2-12-03-01,ALMAC,I2,ZA-APISCOVINO,ZS-ALMAC,ZM-PT01,9001770,1,0
I2-12-04-01,ALMAC,I2,ZA-APISCOVINO,ZS-ALMAC,ZM-PT01,9001770,1,0
I2-11-01-02,PICK,I2,ZA-PICK,ZS-PICKGRAL,ZM-PT01CJ,9001780,1,1
I2-11-02-01,ALMAC,I2,ZA-MIX,ZS-ALMAC,ZM-PT01,9001780,1,0
I2-11-01-01,PICK,I2,ZA-PICK,ZS-PICKGRAL,ZM-PT01CJ,9001790,1,1
I2-11-03-01,ALMAC,I2,ZA-APISCOVINO,ZS-ALMAC,ZM-PT01,9001790,1,0
I2-11-04-01,ALMAC,I2,ZA-APISCOVINO,ZS-ALMAC,ZM-PT01,9001790,1,0
I2-10-01-02,PICK,I2,ZA-PICK,ZS-PICKGRAL,ZM-PT01CJ,9001800,1,1
I2-10-02-01,ALMAC,I2,ZA-MIX,ZS-ALMAC,ZM-PT01,9001800,1,0
I2-10-01-01,PICK,I2,ZA-PICK,ZS-PICKGRAL,ZM-PT01CJ,9001810,1,1
I2-10-03-01,ALMAC,I2,ZA-APISCOVINO,ZS-ALMAC,ZM-PT01,9001810,1,0
I2-10-04-01,ALMAC,I2,ZA-APISCOVINO,ZS-ALMAC,ZM-PT01,9001810,1,0
I2-09-01-03,PICK,I2,ZA-PICK,ZS-PICKGRAL,ZM-PT01CJ,9001820,1,1
I2-09-02-01,ALMAC,I2,ZA-MIX,ZS-ALMAC,ZM-PT01,9001820,1,0
I2-09-01-02,PICK,I2,ZA-PICK,ZS-PICKGRAL,ZM-PT01CJ,9001830,1,1
I2-09-01-01,PICK,I2,ZA-PICK,ZS-PICKGRAL,ZM-PT01CJ,9001840,1,1
I2-09-03-01,ALMAC,I2,ZA-APISCOVINO,ZS-ALMAC,ZM-PT01,9001840,1,0
I2-09-04-01,ALMAC,I2,ZA-APISCOVINO,ZS-ALMAC,ZM-PT01,9001840,1,0
I2-08-01-02,PICK,I2,ZA-PICK,ZS-PICKGRAL,ZM-PT01CJ,9001850,1,1
I2-08-02-01,ALMAC,I2,ZA-MIX,ZS-ALMAC,ZM-PT01,9001850,1,0
I2-08-01-01,PICK,I2,ZA-PICK,ZS-PICKGRAL,ZM-PT01CJ,9001860,1,1
I2-08-03-01,ALMAC,I2,ZA-APISCOVINO,ZS-ALMAC,ZM-PT01,9001860,1,0
I2-08-04-01,ALMAC,I2,ZA-APISCOVINO,ZS-ALMAC,ZM-PT01,9001860,1,0
I2-07-01-03,PICK,I2,ZA-PICK,ZS-PICKGRAL,ZM-PT01CJ,9001870,1,1
I2-07-02-01,ALMAC,I2,ZA-MIX,ZS-ALMAC,ZM-PT01,9001870,1,0
I2-07-01-02,PICK,I2,ZA-PICK,ZS-PICKGRAL,ZM-PT01CJ,9001880,1,1
I2-07-01-01,PICK,I2,ZA-PICK,ZS-PICKGRAL,ZM-PT01CJ,9001890,1,1
I2-07-03-01,ALMAC,I2,ZA-APISCOVINO,ZS-ALMAC,ZM-PT01,9001890,1,0
I2-07-04-01,ALMAC,I2,ZA-APISCOVINO,ZS-ALMAC,ZM-PT01,9001890,1,0
I1-07-01-01,PICK,I1,ZA-PICK,ZS-PICKGRAL,ZM-PT01CJ,9001990,1,1
I1-07-02-01,ALMAC,I1,ZA-MIX,ZS-ALMAC,ZM-PT01,9001990,1,0
I1-07-03-01,ALMAC,I1,ZA-APISCOVINO,ZS-ALMAC,ZM-PT01,9001990,1,0
I1-07-04-01,ALMAC,I1,ZA-APISCOVINO,ZS-ALMAC,ZM-PT01,9001990,1,0
I1-07-01-02,PICK,I1,ZA-PICK,ZS-PICKGRAL,ZM-PT01CJ,9002000,1,1
I1-07-01-03,PICK,I1,ZA-PICK,ZS-PICKGRAL,ZM-PT01CJ,9002010,1,1
I1-07-01-04,PICK,I1,ZA-PICK,ZS-PICKGRAL,ZM-PT01CJ,9002020,1,1
I1-08-01-01,PICK,I1,ZA-PICK,ZS-PICKGRAL,ZM-PT01CJ,9002030,1,1
I1-08-03-01,ALMAC,I1,ZA-APISCOVINO,ZS-ALMAC,ZM-PT01,9002030,1,0
I1-08-04-01,ALMAC,I1,ZA-APISCOVINO,ZS-ALMAC,ZM-PT01,9002030,1,0
I1-08-01-02,PICK,I1,ZA-PICK,ZS-PICKGRAL,ZM-PT01CJ,9002040,1,1
I1-08-01-03,PICK,I1,ZA-PICK,ZS-PICKGRAL,ZM-PT01CJ,9002050,1,1
I1-08-01-04,PICK,I1,ZA-PICK,ZS-PICKGRAL,ZM-PT01CJ,9002060,1,1
I1-09-01-01,PICK,I1,ZA-PICK,ZS-PICKGRAL,ZM-PT01CJ,9002070,1,1
I1-09-02-01,ALMAC,I1,ZA-MIX,ZS-ALMAC,ZM-PT01,9002070,1,0
I1-09-02-01,ALMAC,I1,ZA-MIX,ZS-ALMAC,ZM-PT01,9002070,1,0
I1-09-03-01,ALMAC,I1,ZA-APISCOVINO,ZS-ALMAC,ZM-PT01,9002070,1,0
I1-09-04-01,ALMAC,I1,ZA-APISCOVINO,ZS-ALMAC,ZM-PT01,9002070,1,0
I1-09-01-02,PICK,I1,ZA-PICK,ZS-PICKGRAL,ZM-PT01CJ,9002080,1,1
I1-10-01-01,PICK,I1,ZA-PICK,ZS-PICKGRAL,ZM-PT01CJ,9002090,1,1
I1-10-02-01,ALMAC,I1,ZA-MIX,ZS-ALMAC,ZM-PT01,9002090,1,0
I1-10-03-01,ALMAC,I1,ZA-APISCOVINO,ZS-ALMAC,ZM-PT01,9002090,1,0
I1-10-04-01,ALMAC,I1,ZA-APISCOVINO,ZS-ALMAC,ZM-PT01,9002090,1,0
I1-10-01-02,PICK,I1,ZA-PICK,ZS-PICKGRAL,ZM-PT01CJ,9002100,1,1
I1-11-01-01,PICK,I1,ZA-PICK,ZS-PICKGRAL,ZM-PT01CJ,9002110,1,1
I1-11-02-01,ALMAC,I1,ZA-MIX,ZS-ALMAC,ZM-PT01,9002110,1,0
I1-11-03-01,ALMAC,I1,ZA-APISCOVINO,ZS-ALMAC,ZM-PT01,9002110,1,0
I1-11-04-01,ALMAC,I1,ZA-APISCOVINO,ZS-ALMAC,ZM-PT01,9002110,1,0
I1-11-01-02,PICK,I1,ZA-PICK,ZS-PICKGRAL,ZM-PT01CJ,9002120,1,1
I1-11-01-03,PICK,I1,ZA-PICK,ZS-PICKGRAL,ZM-PT01CJ,9002130,1,1
I1-11-01-04,PICK,I1,ZA-PICK,ZS-PICKGRAL,ZM-PT01CJ,9002140,1,1
I1-12-01-01,PICK,I1,ZA-PICK,ZS-PICKGRAL,ZM-PT01CJ,9002150,1,1
I1-12-02-01,ALMAC,I1,ZA-MIX,ZS-ALMAC,ZM-PT01,9002150,1,0
I1-12-03-01,ALMAC,I1,ZA-APISCOVINO,ZS-ALMAC,ZM-PT01,9002150,1,0
I1-12-04-01,ALMAC,I1,ZA-APISCOVINO,ZS-ALMAC,ZM-PT01,9002150,1,0
I1-12-01-02,PICK,I1,ZA-PICK,ZS-PICKGRAL,ZM-PT01CJ,9002160,1,1
I1-12-01-03,PICK,I1,ZA-PICK,ZS-PICKGRAL,ZM-PT01CJ,9002170,1,1
I1-13-01-01,PICK,I1,ZA-PICK,ZS-PICKGRAL,ZM-PT01CJ,9002180,1,1
I1-13-02-01,ALMAC,I1,ZA-MIX,ZS-ALMAC,ZM-PT01,9002180,1,0
I1-13-03-01,ALMAC,I1,ZA-APISCOVINO,ZS-ALMAC,ZM-PT01,9002180,1,0
I1-13-04-01,ALMAC,I1,ZA-APISCOVINO,ZS-ALMAC,ZM-PT01,9002180,1,0
I1-13-01-02,PICK,I1,ZA-PICK,ZS-PICKGRAL,ZM-PT01CJ,9002190,1,1
I1-14-01-01,PICK,I1,ZA-PICK,ZS-PICKGRAL,ZM-PT01CJ,9002200,1,1
I1-14-02-01,ALMAC,I1,ZA-MIX,ZS-ALMAC,ZM-PT01,9002200,1,0
I1-14-03-01,ALMAC,I1,ZA-APISCOVINO,ZS-ALMAC,ZM-PT01,9002200,1,0
I1-14-04-01,ALMAC,I1,ZA-APISCOVINO,ZS-ALMAC,ZM-PT01,9002200,1,0
I1-14-01-02,PICK,I1,ZA-PICK,ZS-PICKGRAL,ZM-PT01CJ,9002210,1,1
I1-14-01-03,PICK,I1,ZA-PICK,ZS-PICKGRAL,ZM-PT01CJ,9002220,1,1
I1-14-01-04,PICK,I1,ZA-PICK,ZS-PICKGRAL,ZM-PT01CJ,9002230,1,1
I1-15-01-01,PICK,I1,ZA-PICK,ZS-PICKGRAL,ZM-PT01CJ,9002240,1,1
I1-15-02-01,ALMAC,I1,ZA-MIX,ZS-ALMAC,ZM-PT01,9002240,1,0
I1-15-03-01,ALMAC,I1,ZA-APISCOVINO,ZS-ALMAC,ZM-PT01,9002240,1,0
I1-15-04-01,ALMAC,I1,ZA-APISCOVINO,ZS-ALMAC,ZM-PT01,9002240,1,0
I1-15-01-02,PICK,I1,ZA-PICK,ZS-PICKGRAL,ZM-PT01CJ,9002250,1,1
I1-15-01-03,PICK,I1,ZA-PICK,ZS-PICKGRAL,ZM-PT01CJ,9002260,1,1
I1-16-01-01,PICK,I1,ZA-PICK,ZS-PICKGRAL,ZM-PT01CJ,9002270,1,1
I1-16-02-01,ALMAC,I1,ZA-MIX,ZS-ALMAC,ZM-PT01,9002270,1,0
I1-16-03-01,ALMAC,I1,ZA-APISCOVINO,ZS-ALMAC,ZM-PT01,9002270,1,0
I1-16-04-01,ALMAC,I1,ZA-APISCOVINO,ZS-ALMAC,ZM-PT01,9002270,1,0
I1-16-01-02,PICK,I1,ZA-PICK,ZS-PICKGRAL,ZM-PT01CJ,9002280,1,1
I1-16-01-03,PICK,I1,ZA-PICK,ZS-PICKGRAL,ZM-PT01CJ,9002290,1,1
I1-17-01-01,PICK,I1,ZA-PICK,ZS-PICKGRAL,ZM-PT01CJ,9002300,1,1
I1-17-02-01,ALMAC,I1,ZA-MIX,ZS-ALMAC,ZM-PT01,9002300,1,0
I1-17-03-01,ALMAC,I1,ZA-APISCOVINO,ZS-ALMAC,ZM-PT01,9002300,1,0
I1-17-04-01,ALMAC,I1,ZA-APISCOVINO,ZS-ALMAC,ZM-PT01,9002300,1,0
I1-17-01-02,PICK,I1,ZA-PICK,ZS-PICKGRAL,ZM-PT01CJ,9002310,1,1
I1-17-01-03,PICK,I1,ZA-PICK,ZS-PICKGRAL,ZM-PT01CJ,9002320,1,1
I1-17-01-04,PICK,I1,ZA-PICK,ZS-PICKGRAL,ZM-PT01CJ,9002330,1,1
I1-18-01-01,PICK,I1,ZA-PICK,ZS-PICKGRAL,ZM-PT01CJ,9002340,1,1
I1-18-02-01,ALMAC,I1,ZA-MIX,ZS-ALMAC,ZM-PT01,9002340,1,0
I1-18-03-01,ALMAC,I1,ZA-APISCOVINO,ZS-ALMAC,ZM-PT01,9002340,1,0
I1-18-04-01,ALMAC,I1,ZA-APISCOVINO,ZS-ALMAC,ZM-PT01,9002340,1,0
I1-18-01-02,PICK,I1,ZA-PICK,ZS-PICKGRAL,ZM-PT01CJ,9002350,1,1
I1-19-01-01,PICK,I1,ZA-PICK,ZS-PICKGRAL,ZM-PT01CJ,9002360,1,1
I1-19-02-01,ALMAC,I1,ZA-MIX,ZS-ALMAC,ZM-PT01,9002360,1,0
I1-19-03-01,ALMAC,I1,ZA-APISCOVINO,ZS-ALMAC,ZM-PT01,9002360,1,0
I1-19-04-01,ALMAC,I1,ZA-APISCOVINO,ZS-ALMAC,ZM-PT01,9002360,1,0
I1-19-01-02,PICK,I1,ZA-PICK,ZS-PICKGRAL,ZM-PT01CJ,9002370,1,1
I1-19-01-03,PICK,I1,ZA-PICK,ZS-PICKGRAL,ZM-PT01CJ,9002380,1,1
I1-20-01-01,PICK,I1,ZA-PICK,ZS-PICKGRAL,ZM-PT01CJ,9002390,1,1
I1-20-02-01,ALMAC,I1,ZA-MIX,ZS-ALMAC,ZM-PT01,9002390,1,0
I1-20-03-01,ALMAC,I1,ZA-APISCOVINO,ZS-ALMAC,ZM-PT01,9002390,1,0
I1-20-04-01,ALMAC,I1,ZA-APISCOVINO,ZS-ALMAC,ZM-PT01,9002390,1,0
I1-20-01-02,PICK,I1,ZA-PICK,ZS-PICKGRAL,ZM-PT01CJ,9002400,1,1
I1-21-01-01,PICK,I1,ZA-PICK,ZS-PICKGRAL,ZM-PT01CJ,9002410,1,1
I1-21-02-01,ALMAC,I1,ZA-MIX,ZS-ALMAC,ZM-PT01,9002410,1,0
I1-21-03-01,ALMAC,I1,ZA-APISCOVINO,ZS-ALMAC,ZM-PT01,9002410,1,0
I1-21-04-01,ALMAC,I1,ZA-APISCOVINO,ZS-ALMAC,ZM-PT01,9002410,1,0
I1-21-01-02,PICK,I1,ZA-PICK,ZS-PICKGRAL,ZM-PT01CJ,9002420,1,1
I1-22-01-01,PICK,I1,ZA-PICK,ZS-PICKGRAL,ZM-PT01CJ,9002430,1,1
I1-22-02-01,ALMAC,I1,ZA-MIX,ZS-ALMAC,ZM-PT01,9002430,1,0
I1-22-03-01,ALMAC,I1,ZA-APISCOVINO,ZS-ALMAC,ZM-PT01,9002430,1,0
I1-22-04-01,ALMAC,I1,ZA-APISCOVINO,ZS-ALMAC,ZM-PT01,9002430,1,0
I1-22-01-02,PICK,I1,ZA-PICK,ZS-PICKGRAL,ZM-PT01CJ,9002440,1,1
I1-22-01-03,PICK,I1,ZA-PICK,ZS-PICKGRAL,ZM-PT01CJ,9002450,1,1
I1-22-01-04,PICK,I1,ZA-PICK,ZS-PICKGRAL,ZM-PT01CJ,9002460,1,1
I1-23-01-01,PICK,I1,ZA-PICK,ZS-PICKGRAL,ZM-PT01CJ,9002470,1,1
I1-23-02-01,ALMAC,I1,ZA-MIX,ZS-ALMAC,ZM-PT01,9002470,1,0
I1-23-03-01,ALMAC,I1,ZA-APISCOVINO,ZS-ALMAC,ZM-PT01,9002470,1,0
I1-23-04-01,ALMAC,I1,ZA-APISCOVINO,ZS-ALMAC,ZM-PT01,9002470,1,0
I1-23-01-02,PICK,I1,ZA-PICK,ZS-PICKGRAL,ZM-PT01CJ,9002480,1,1
I1-23-01-03,PICK,I1,ZA-PICK,ZS-PICKGRAL,ZM-PT01CJ,9002490,1,1
I1-23-01-04,PICK,I1,ZA-PICK,ZS-PICKGRAL,ZM-PT01CJ,9002500,1,1
I1-24-01-01,PICK,I1,ZA-PICK,ZS-PICKGRAL,ZM-PT01CJ,9002510,1,1
I1-24-02-01,ALMAC,I1,ZA-MIX,ZS-ALMAC,ZM-PT01,9002510,1,0
I1-24-03-01,ALMAC,I1,ZA-APISCOVINO,ZS-ALMAC,ZM-PT01,9002510,1,0
I1-24-04-01,ALMAC,I1,ZA-APISCOVINO,ZS-ALMAC,ZM-PT01,9002510,1,0
I1-24-01-02,PICK,I1,ZA-PICK,ZS-PICKGRAL,ZM-PT01CJ,9002520,1,1
I1-24-01-03,PICK,I1,ZA-PICK,ZS-PICKGRAL,ZM-PT01CJ,9002530,1,1
I1-25-01-01,PICK,I1,ZA-PICK,ZS-PICKGRAL,ZM-PT01CJ,9002540,1,1
I1-25-02-01,ALMAC,I1,ZA-MIX,ZS-ALMAC,ZM-PT01,9002540,1,0
I1-25-03-01,ALMAC,I1,ZA-APISCOVINO,ZS-ALMAC,ZM-PT01,9002540,1,0
I1-25-04-01,ALMAC,I1,ZA-APISCOVINO,ZS-ALMAC,ZM-PT01,9002540,1,0
I1-25-01-02,PICK,I1,ZA-PICK,ZS-PICKGRAL,ZM-PT01CJ,9002550,1,1
I1-26-01-01,PICK,I1,ZA-PICK,ZS-PICKGRAL,ZM-PT01CJ,9002560,1,1
I1-26-02-01,ALMAC,I1,ZA-MIX,ZS-ALMAC,ZM-PT01,9002560,1,0
I1-26-03-01,ALMAC,I1,ZA-APISCOVINO,ZS-ALMAC,ZM-PT01,9002560,1,0
I1-26-04-01,ALMAC,I1,ZA-APISCOVINO,ZS-ALMAC,ZM-PT01,9002560,1,0
I1-26-01-02,PICK,I1,ZA-PICK,ZS-PICKGRAL,ZM-PT01CJ,9002570,1,1
I1-27-01-01,PICK,I1,ZA-PICK,ZS-PICKGRAL,ZM-PT01CJ,9002580,1,1
I1-27-02-01,ALMAC,I1,ZA-MIX,ZS-ALMAC,ZM-PT01,9002580,1,0
I1-27-03-01,ALMAC,I1,ZA-APISCOVINO,ZS-ALMAC,ZM-PT01,9002580,1,0
I1-27-04-01,ALMAC,I1,ZA-APISCOVINO,ZS-ALMAC,ZM-PT01,9002580,1,0
I1-27-01-02,PICK,I1,ZA-PICK,ZS-PICKGRAL,ZM-PT01CJ,9002590,1,1
I1-28-01-01,PICK,I1,ZA-PICK,ZS-PICKGRAL,ZM-PT01CJ,9002600,1,1
I1-28-02-01,ALMAC,I1,ZA-MIX,ZS-ALMAC,ZM-PT01,9002600,1,0
I1-28-03-01,ALMAC,I1,ZA-APISCOVINO,ZS-ALMAC,ZM-PT01,9002600,1,0
I1-28-04-01,ALMAC,I1,ZA-APISCOVINO,ZS-ALMAC,ZM-PT01,9002600,1,0
I1-28-01-02,PICK,I1,ZA-PICK,ZS-PICKGRAL,ZM-PT01CJ,9002610,1,1
I1-29-01-01,PICK,I1,ZA-PICK,ZS-PICKGRAL,ZM-PT01CJ,9002620,1,1
I1-29-02-01,ALMAC,I1,ZA-MIX,ZS-ALMAC,ZM-PT01,9002620,1,0
I1-29-03-01,ALMAC,I1,ZA-APISCOVINO,ZS-ALMAC,ZM-PT01,9002620,1,0
I1-29-04-01,ALMAC,I1,ZA-APISCOVINO,ZS-ALMAC,ZM-PT01,9002620,1,0
I1-29-01-02,PICK,I1,ZA-PICK,ZS-PICKGRAL,ZM-PT01CJ,9002630,1,1
I1-29-01-03,PICK,I1,ZA-PICK,ZS-PICKGRAL,ZM-PT01CJ,9002640,1,1
I1-30-01-01,PICK,I1,ZA-PICK,ZS-PICKGRAL,ZM-PT01CJ,9002650,1,1
I1-30-02-01,ALMAC,I1,ZA-MIX,ZS-ALMAC,ZM-PT01,9002650,1,0
I1-30-03-01,ALMAC,I1,ZA-APISCOVINO,ZS-ALMAC,ZM-PT01,9002650,1,0
I1-30-04-01,ALMAC,I1,ZA-APISCOVINO,ZS-ALMAC,ZM-PT01,9002650,1,0
I1-30-01-02,PICK,I1,ZA-PICK,ZS-PICKGRAL,ZM-PT01CJ,9002660,1,1
I1-30-01-03,PICK,I1,ZA-PICK,ZS-PICKGRAL,ZM-PT01CJ,9002670,1,1
I1-31-01-01,PICK,I1,ZA-PICK,ZS-PICKGRAL,ZM-PT01CJ,9002680,1,1
I1-31-02-01,ALMAC,I1,ZA-MIX,ZS-ALMAC,ZM-PT01,9002680,1,0
I1-31-03-01,ALMAC,I1,ZA-APISCOVINO,ZS-ALMAC,ZM-PT01,9002680,1,0
I1-31-04-01,ALMAC,I1,ZA-APISCOVINO,ZS-ALMAC,ZM-PT01,9002680,1,0
I1-31-01-02,PICK,I1,ZA-PICK,ZS-PICKGRAL,ZM-PT01CJ,9002690,1,1
I1-31-01-03,PICK,I1,ZA-PICK,ZS-PICKGRAL,ZM-PT01CJ,9002700,1,1
I1-31-01-04,PICK,I1,ZA-PICK,ZS-PICKGRAL,ZM-PT01CJ,9002710,1,1
I1-32-01-01,PICK,I1,ZA-PICK,ZS-PICKGRAL,ZM-PT01CJ,9002720,1,1
I1-32-02-01,ALMAC,I1,ZA-MIX,ZS-ALMAC,ZM-PT01,9002720,1,0
I1-32-03-01,ALMAC,I1,ZA-APISCOVINO,ZS-ALMAC,ZM-PT01,9002720,1,0
I1-32-04-01,ALMAC,I1,ZA-APISCOVINO,ZS-ALMAC,ZM-PT01,9002720,1,0
I1-32-01-02,PICK,I1,ZA-PICK,ZS-PICKGRAL,ZM-PT01CJ,9002730,1,1
I1-32-01-03,PICK,I1,ZA-PICK,ZS-PICKGRAL,ZM-PT01CJ,9002740,1,1
I1-33-01-01,PICK,I1,ZA-PICK,ZS-PICKGRAL,ZM-PT01CJ,9002750,1,1
I1-33-02-01,ALMAC,I1,ZA-MIX,ZS-ALMAC,ZM-PT01,9002750,1,0
I1-33-03-01,ALMAC,I1,ZA-APISCOVINO,ZS-ALMAC,ZM-PT01,9002750,1,0
I1-33-04-01,ALMAC,I1,ZA-APISCOVINO,ZS-ALMAC,ZM-PT01,9002750,1,0
I1-33-01-02,PICK,I1,ZA-PICK,ZS-PICKGRAL,ZM-PT01CJ,9002760,1,1
I1-33-01-03,PICK,I1,ZA-PICK,ZS-PICKGRAL,ZM-PT01CJ,9002770,1,1
I1-33-01-04,PICK,I1,ZA-PICK,ZS-PICKGRAL,ZM-PT01CJ,9002780,1,1
I1-34-01-01,PICK,I1,ZA-PICK,ZS-PICKGRAL,ZM-PT01CJ,9002790,1,1
I1-34-02-01,ALMAC,I1,ZA-MIX,ZS-ALMAC,ZM-PT01,9002790,1,0
I1-34-03-01,ALMAC,I1,ZA-APISCOVINO,ZS-ALMAC,ZM-PT01,9002790,1,0
I1-34-04-01,ALMAC,I1,ZA-APISCOVINO,ZS-ALMAC,ZM-PT01,9002790,1,0
I1-34-01-02,PICK,I1,ZA-PICK,ZS-PICKGRAL,ZM-PT01CJ,9002800,1,1
I1-35-01-01,PICK,I1,ZA-PICK,ZS-PICKGRAL,ZM-PT01CJ,9002810,1,1
I1-35-02-01,ALMAC,I1,ZA-MIX,ZS-ALMAC,ZM-PT01,9002810,1,0
I1-35-01-02,PICK,I1,ZA-PICK,ZS-PICKGRAL,ZM-PT01CJ,9002820,1,1
I1-35-01-03,PICK,I1,ZA-PICK,ZS-PICKGRAL,ZM-PT01CJ,9002830,1,1
I1-35-01-04,PICK,I1,ZA-PICK,ZS-PICKGRAL,ZM-PT01CJ,9002840,1,1
I1-36-01-01,PICK,I1,ZA-PICK,ZS-PICKGRAL,ZM-PT01CJ,9002850,1,1
I1-36-02-01,ALMAC,I1,ZA-MIX,ZS-ALMAC,ZM-PT01,9002850,1,0
I1-36-01-02,PICK,I1,ZA-PICK,ZS-PICKGRAL,ZM-PT01CJ,9002860,1,1
I1-36-01-03,PICK,I1,ZA-PICK,ZS-PICKGRAL,ZM-PT01CJ,9002870,1,1
I1-37-01-01,PICK,I1,ZA-PICK,ZS-PICKGRAL,ZM-PT01CJ,9002880,1,1
I1-37-02-01,ALMAC,I1,ZA-MIX,ZS-ALMAC,ZM-PT01,9002880,1,0
I1-37-01-02,PICK,I1,ZA-PICK,ZS-PICKGRAL,ZM-PT01CJ,9002890,1,1
I1-37-01-03,PICK,I1,ZA-PICK,ZS-PICKGRAL,ZM-PT01CJ,9002900,1,1
I1-38-01-01,PICK,I1,ZA-PICK,ZS-PICKGRAL,ZM-PT01CJ,9002910,1,1
I1-38-02-01,ALMAC,I1,ZA-MIX,ZS-ALMAC,ZM-PT01,9002910,1,0
I1-38-01-02,PICK,I1,ZA-PICK,ZS-PICKGRAL,ZM-PT01CJ,9002920,1,1
I1-39-01-01,PICK,I1,ZA-PICK,ZS-PICKGRAL,ZM-PT01CJ,9002930,1,1
I1-39-02-01,ALMAC,I1,ZA-MIX,ZS-ALMAC,ZM-PT01,9002930,1,0
I1-39-01-02,PICK,I1,ZA-PICK,ZS-PICKGRAL,ZM-PT01CJ,9002940,1,1
I1-40-01-01,PICK,I1,ZA-PICK,ZS-PICKGRAL,ZM-PT01CJ,9002950,1,1
I1-40-02-01,ALMAC,I1,ZA-MIX,ZS-ALMAC,ZM-PT01,9002950,1,0
I1-40-01-02,PICK,I1,ZA-PICK,ZS-PICKGRAL,ZM-PT01CJ,9002960,1,1
H2-40-01-02,PICK,H2,ZA-PICK,ZS-PICKGRAL,ZM-PT01CJ,9002970,1,1
H2-40-02-01,ALMAC,H2,ZA-APISCOVINO,ZS-ALMAC,ZM-PT01,9002970,1,0
H2-40-01-01,PICK,H2,ZA-PICK,ZS-PICKGRAL,ZM-PT01CJ,9002980,1,1
H2-40-03-01,ALMAC,H2,ZA-APISCOVINO,ZS-ALMAC,ZM-PT01,9002980,1,0
H2-40-04-01,ALMAC,H2,ZA-APISCOVINO,ZS-ALMAC,ZM-PT01,9002980,1,0
H2-39-01-02,PICK,H2,ZA-PICK,ZS-PICKGRAL,ZM-PT01CJ,9002990,1,1
H2-39-02-01,ALMAC,H2,ZA-APISCOVINO,ZS-ALMAC,ZM-PT01,9002990,1,0
H2-39-01-01,PICK,H2,ZA-PICK,ZS-PICKGRAL,ZM-PT01CJ,9003000,1,1
H2-39-03-01,ALMAC,H2,ZA-APISCOVINO,ZS-ALMAC,ZM-PT01,9003000,1,0
H2-39-04-01,ALMAC,H2,ZA-APISCOVINO,ZS-ALMAC,ZM-PT01,9003000,1,0
H2-38-01-02,PICK,H2,ZA-PICK,ZS-PICKGRAL,ZM-PT01CJ,9003010,1,1
H2-38-02-01,ALMAC,H2,ZA-APISCOVINO,ZS-ALMAC,ZM-PT01,9003010,1,0
H2-38-01-01,PICK,H2,ZA-PICK,ZS-PICKGRAL,ZM-PT01CJ,9003020,1,1
H2-38-03-01,ALMAC,H2,ZA-APISCOVINO,ZS-ALMAC,ZM-PT01,9003020,1,0
H2-38-04-01,ALMAC,H2,ZA-APISCOVINO,ZS-ALMAC,ZM-PT01,9003020,1,0
H2-37-01-02,PICK,H2,ZA-PICK,ZS-PICKGRAL,ZM-PT01CJ,9003030,1,1
H2-37-02-01,ALMAC,H2,ZA-APISCOVINO,ZS-ALMAC,ZM-PT01,9003030,1,0
H2-37-01-01,PICK,H2,ZA-PICK,ZS-PICKGRAL,ZM-PT01CJ,9003040,1,1
H2-37-03-01,ALMAC,H2,ZA-APISCOVINO,ZS-ALMAC,ZM-PT01,9003040,1,0
H2-37-04-01,ALMAC,H2,ZA-APISCOVINO,ZS-ALMAC,ZM-PT01,9003040,1,0
H2-36-01-02,PICK,H2,ZA-PICK,ZS-PICKGRAL,ZM-PT01CJ,9003050,1,1
H2-36-02-01,ALMAC,H2,ZA-APISCOVINO,ZS-ALMAC,ZM-PT01,9003050,1,0
H2-36-01-01,PICK,H2,ZA-PICK,ZS-PICKGRAL,ZM-PT01CJ,9003060,1,1
H2-36-03-01,ALMAC,H2,ZA-APISCOVINO,ZS-ALMAC,ZM-PT01,9003060,1,0
H2-36-04-01,ALMAC,H2,ZA-APISCOVINO,ZS-ALMAC,ZM-PT01,9003060,1,0
H2-35-01-02,PICK,H2,ZA-PICK,ZS-PICKGRAL,ZM-PT01CJ,9003070,1,1
H2-35-02-01,ALMAC,H2,ZA-APISCOVINO,ZS-ALMAC,ZM-PT01,9003070,1,0
H2-35-01-01,PICK,H2,ZA-PICK,ZS-PICKGRAL,ZM-PT01CJ,9003080,1,1
H2-35-03-01,ALMAC,H2,ZA-APISCOVINO,ZS-ALMAC,ZM-PT01,9003080,1,0
H2-35-04-01,ALMAC,H2,ZA-APISCOVINO,ZS-ALMAC,ZM-PT01,9003080,1,0
H2-34-01-01,PICK,H2,ZA-PICK,ZS-PICKGRAL,ZM-PT01,9003090,1,1
H2-34-02-01,ALMAC,H2,ZA-APISCOVINO,ZS-ALMAC,ZM-PT01,9003090,1,0
H2-34-03-01,ALMAC,H2,ZA-APISCOVINO,ZS-ALMAC,ZM-PT01,9003090,1,0
H2-34-04-01,ALMAC,H2,ZA-APISCOVINO,ZS-ALMAC,ZM-PT01,9003090,1,0
H2-33-01-01,PICK,H2,ZA-PICK,ZS-PICKGRAL,ZM-PT01,9003100,1,1
H2-33-02-01,ALMAC,H2,ZA-APISCOVINO,ZS-ALMAC,ZM-PT01,9003100,1,0
H2-33-03-01,ALMAC,H2,ZA-APISCOVINO,ZS-ALMAC,ZM-PT01,9003100,1,0
H2-33-04-01,ALMAC,H2,ZA-APISCOVINO,ZS-ALMAC,ZM-PT01,9003100,1,0
H2-32-01-01,PICK,H2,ZA-PICK,ZS-PICKGRAL,ZM-PT01,9003110,1,1
H2-32-02-01,ALMAC,H2,ZA-APISCOVINO,ZS-ALMAC,ZM-PT01,9003110,1,0
H2-32-03-01,ALMAC,H2,ZA-APISCOVINO,ZS-ALMAC,ZM-PT01,9003110,1,0
H2-32-04-01,ALMAC,H2,ZA-APISCOVINO,ZS-ALMAC,ZM-PT01,9003110,1,0
H2-31-01-01,PICK,H2,ZA-PICK,ZS-PICKGRAL,ZM-PT01,9003120,1,1
H2-31-02-01,ALMAC,H2,ZA-APISCOVINO,ZS-ALMAC,ZM-PT01,9003120,1,0
H2-31-03-01,ALMAC,H2,ZA-APISCOVINO,ZS-ALMAC,ZM-PT01,9003120,1,0
H2-31-04-01,ALMAC,H2,ZA-APISCOVINO,ZS-ALMAC,ZM-PT01,9003120,1,0
H2-30-01-01,PICK,H2,ZA-PICK,ZS-PICKGRAL,ZM-PT01,9003130,1,1
H2-30-02-01,ALMAC,H2,ZA-APISCOVINO,ZS-ALMAC,ZM-PT01,9003130,1,0
H2-30-03-01,ALMAC,H2,ZA-APISCOVINO,ZS-ALMAC,ZM-PT01,9003130,1,0
H2-30-04-01,ALMAC,H2,ZA-APISCOVINO,ZS-ALMAC,ZM-PT01,9003130,1,0
H2-29-01-01,PICK,H2,ZA-PICK,ZS-PICKGRAL,ZM-PT01,9003140,1,1
H2-29-02-01,ALMAC,H2,ZA-APISCOVINO,ZS-ALMAC,ZM-PT01,9003140,1,0
H2-29-03-01,ALMAC,H2,ZA-APISCOVINO,ZS-ALMAC,ZM-PT01,9003140,1,0
H2-29-04-01,ALMAC,H2,ZA-APISCOVINO,ZS-ALMAC,ZM-PT01,9003140,1,0
H2-28-01-01,PICK,H2,ZA-PICK,ZS-PICKGRAL,ZM-PT01,9003150,1,1
H2-28-02-01,ALMAC,H2,ZA-APISCOVINO,ZS-ALMAC,ZM-PT01,9003150,1,0
H2-28-03-01,ALMAC,H2,ZA-APISCOVINO,ZS-ALMAC,ZM-PT01,9003150,1,0
H2-28-04-01,ALMAC,H2,ZA-APISCOVINO,ZS-ALMAC,ZM-PT01,9003150,1,0
H2-27-01-01,PICK,H2,ZA-PICK,ZS-PICKGRAL,ZM-PT01,9003160,1,1
H2-27-02-01,ALMAC,H2,ZA-APISCOVINO,ZS-ALMAC,ZM-PT01,9003160,1,0
H2-27-03-01,ALMAC,H2,ZA-APISCOVINO,ZS-ALMAC,ZM-PT01,9003160,1,0
H2-27-04-01,ALMAC,H2,ZA-APISCOVINO,ZS-ALMAC,ZM-PT01,9003160,1,0
H2-26-01-01,PICK,H2,ZA-PICK,ZS-PICKGRAL,ZM-PT01,9003170,1,1
H2-26-02-01,ALMAC,H2,ZA-APISCOVINO,ZS-ALMAC,ZM-PT01,9003170,1,0
H2-26-03-01,ALMAC,H2,ZA-APISCOVINO,ZS-ALMAC,ZM-PT01,9003170,1,0
H2-26-04-01,ALMAC,H2,ZA-APISCOVINO,ZS-ALMAC,ZM-PT01,9003170,1,0
H2-25-01-02,PICK,H2,ZA-PICK,ZS-PICKGRAL,ZM-PT01CJ,9003180,1,1
H2-25-02-01,ALMAC,H2,ZA-APISCOVINO,ZS-ALMAC,ZM-PT01,9003180,1,0
H2-25-01-01,PICK,H2,ZA-PICK,ZS-PICKGRAL,ZM-PT01CJ,9003190,1,1
H2-25-03-01,ALMAC,H2,ZA-APISCOVINO,ZS-ALMAC,ZM-PT01,9003190,1,0
H2-25-04-01,ALMAC,H2,ZA-APISCOVINO,ZS-ALMAC,ZM-PT01,9003190,1,0
H2-24-01-02,PICK,H2,ZA-PICK,ZS-PICKGRAL,ZM-PT01CJ,9003200,1,1
H2-24-02-01,ALMAC,H2,ZA-APISCOVINO,ZS-ALMAC,ZM-PT01,9003200,1,0
H2-24-01-01,PICK,H2,ZA-PICK,ZS-PICKGRAL,ZM-PT01CJ,9003210,1,1
H2-24-03-01,ALMAC,H2,ZA-APISCOVINO,ZS-ALMAC,ZM-PT01,9003210,1,0
H2-24-04-01,ALMAC,H2,ZA-APISCOVINO,ZS-ALMAC,ZM-PT01,9003210,1,0
H2-23-01-01,PICK,H2,ZA-PICK,ZS-PICKGRAL,ZM-PT01CJ,9003220,1,1
H2-23-02-01,ALMAC,H2,ZA-APISCOVINO,ZS-ALMAC,ZM-PT01,9003220,1,0
H2-23-03-01,ALMAC,H2,ZA-APISCOVINO,ZS-ALMAC,ZM-PT01,9003220,1,0
H2-23-04-01,ALMAC,H2,ZA-APISCOVINO,ZS-ALMAC,ZM-PT01,9003220,1,0
H2-22-01-01,PICK,H2,ZA-PICK,ZS-PICKGRAL,ZM-PT01CJ,9003230,1,1
H2-22-02-01,ALMAC,H2,ZA-APISCOVINO,ZS-ALMAC,ZM-PT01,9003230,1,0
H2-22-03-01,ALMAC,H2,ZA-APISCOVINO,ZS-ALMAC,ZM-PT01,9003230,1,0
H2-22-04-01,ALMAC,H2,ZA-APISCOVINO,ZS-ALMAC,ZM-PT01,9003230,1,0
H2-21-01-01,PICK,H2,ZA-PICK,ZS-PICKGRAL,ZM-PT01CJ,9003240,1,1
H2-21-02-01,ALMAC,H2,ZA-APISCOVINO,ZS-ALMAC,ZM-PT01,9003240,1,0
H2-21-03-01,ALMAC,H2,ZA-APISCOVINO,ZS-ALMAC,ZM-PT01,9003240,1,0
H2-21-04-01,ALMAC,H2,ZA-APISCOVINO,ZS-ALMAC,ZM-PT01,9003240,1,0
H2-20-01-01,PICK,H2,ZA-PICK,ZS-PICKGRAL,ZM-PT01CJ,9003250,1,1
H2-20-02-01,ALMAC,H2,ZA-APISCOVINO,ZS-ALMAC,ZM-PT01,9003250,1,0
H2-20-03-01,ALMAC,H2,ZA-APISCOVINO,ZS-ALMAC,ZM-PT01,9003250,1,0
H2-20-04-01,ALMAC,H2,ZA-APISCOVINO,ZS-ALMAC,ZM-PT01,9003250,1,0
H2-19-01-01,PICK,H2,ZA-PICK,ZS-PICKGRAL,ZM-PT01CJ,9003260,1,1
H2-19-02-01,ALMAC,H2,ZA-APISCOVINO,ZS-ALMAC,ZM-PT01,9003260,1,0
H2-19-03-01,ALMAC,H2,ZA-APISCOVINO,ZS-ALMAC,ZM-PT01,9003260,1,0
H2-19-04-01,ALMAC,H2,ZA-APISCOVINO,ZS-ALMAC,ZM-PT01,9003260,1,0
H2-18-01-01,PICK,H2,ZA-PICK,ZS-PICKGRAL,ZM-PT01CJ,9003270,1,1
H2-18-02-01,ALMAC,H2,ZA-APISCOVINO,ZS-ALMAC,ZM-PT01,9003270,1,0
H2-18-03-01,ALMAC,H2,ZA-APISCOVINO,ZS-ALMAC,ZM-PT01,9003270,1,0
H2-18-04-01,ALMAC,H2,ZA-APISCOVINO,ZS-ALMAC,ZM-PT01,9003270,1,0
H2-17-01-01,PICK,H2,ZA-PICK,ZS-PICKGRAL,ZM-PT01CJ,9003280,1,1
H2-17-02-01,ALMAC,H2,ZA-APISCOVINO,ZS-ALMAC,ZM-PT01,9003280,1,0
H2-17-03-01,ALMAC,H2,ZA-APISCOVINO,ZS-ALMAC,ZM-PT01,9003280,1,0
H2-17-04-01,ALMAC,H2,ZA-APISCOVINO,ZS-ALMAC,ZM-PT01,9003280,1,0
H2-16-01-01,PICK,H2,ZA-PICK,ZS-PICKGRAL,ZM-PT01CJ,9003290,1,1
H2-16-02-01,ALMAC,H2,ZA-APISCOVINO,ZS-ALMAC,ZM-PT01,9003290,1,0
H2-16-03-01,ALMAC,H2,ZA-APISCOVINO,ZS-ALMAC,ZM-PT01,9003290,1,0
H2-16-04-01,ALMAC,H2,ZA-APISCOVINO,ZS-ALMAC,ZM-PT01,9003290,1,0
H2-15-01-01,PICK,H2,ZA-PICK,ZS-PICKGRAL,ZM-PT01CJ,9003300,1,1
H2-15-02-01,ALMAC,H2,ZA-APISCOVINO,ZS-ALMAC,ZM-PT01,9003300,1,0
H2-15-03-01,ALMAC,H2,ZA-APISCOVINO,ZS-ALMAC,ZM-PT01,9003300,1,0
H2-15-04-01,ALMAC,H2,ZA-APISCOVINO,ZS-ALMAC,ZM-PT01,9003300,1,0
H2-14-01-01,PICK,H2,ZA-PICK,ZS-PICKGRAL,ZM-PT01CJ,9003310,1,1
H2-14-02-01,ALMAC,H2,ZA-APISCOVINO,ZS-ALMAC,ZM-PT01,9003310,1,0
H2-14-03-01,ALMAC,H2,ZA-APISCOVINO,ZS-ALMAC,ZM-PT01,9003310,1,0
H2-14-04-01,ALMAC,H2,ZA-APISCOVINO,ZS-ALMAC,ZM-PT01,9003310,1,0
H2-13-01-01,PICK,H2,ZA-PICK,ZS-PICKGRAL,ZM-PT01CJ,9003320,1,1
H2-13-02-01,ALMAC,H2,ZA-APISCOVINO,ZS-ALMAC,ZM-PT01,9003320,1,0
H2-13-03-01,ALMAC,H2,ZA-APISCOVINO,ZS-ALMAC,ZM-PT01,9003320,1,0
H2-13-04-01,ALMAC,H2,ZA-APISCOVINO,ZS-ALMAC,ZM-PT01,9003320,1,0
H2-12-01-01,PICK,H2,ZA-PICK,ZS-PICKGRAL,ZM-PT01CJ,9003330,1,1
H2-12-02-01,ALMAC,H2,ZA-APISCOVINO,ZS-ALMAC,ZM-PT01,9003330,1,0
H2-12-03-01,ALMAC,H2,ZA-APISCOVINO,ZS-ALMAC,ZM-PT01,9003330,1,0
H2-12-04-01,ALMAC,H2,ZA-APISCOVINO,ZS-ALMAC,ZM-PT01,9003330,1,0
H2-11-01-01,PICK,H2,ZA-PICK,ZS-PICKGRAL,ZM-PT01CJ,9003340,1,1
H2-11-02-01,ALMAC,H2,ZA-APISCOVINO,ZS-ALMAC,ZM-PT01,9003340,1,0
H2-11-03-01,ALMAC,H2,ZA-APISCOVINO,ZS-ALMAC,ZM-PT01,9003340,1,0
H2-11-04-01,ALMAC,H2,ZA-APISCOVINO,ZS-ALMAC,ZM-PT01,9003340,1,0
H2-10-01-01,PICK,H2,ZA-PICK,ZS-PICKGRAL,ZM-PT01CJ,9003350,1,1
H2-10-02-01,ALMAC,H2,ZA-APISCOVINO,ZS-ALMAC,ZM-PT01,9003350,1,0
H2-10-03-01,ALMAC,H2,ZA-APISCOVINO,ZS-ALMAC,ZM-PT01,9003350,1,0
H2-10-04-01,ALMAC,H2,ZA-APISCOVINO,ZS-ALMAC,ZM-PT01,9003350,1,0
H2-09-01-03,PICK,H2,ZA-PICK,ZS-PICKGRAL,ZM-PT01CJ,9003360,1,1
H2-09-02-01,ALMAC,H2,ZA-APISCOVINO,ZS-ALMAC,ZM-PT01,9003360,1,0
H2-09-01-02,PICK,H2,ZA-PICK,ZS-PICKGRAL,ZM-PT01CJ,9003370,1,1
H2-09-01-01,PICK,H2,ZA-PICK,ZS-PICKGRAL,ZM-PT01CJ,9003380,1,1
H2-09-03-01,ALMAC,H2,ZA-APISCOVINO,ZS-ALMAC,ZM-PT01,9003380,1,0
H2-09-04-01,ALMAC,H2,ZA-APISCOVINO,ZS-ALMAC,ZM-PT01,9003380,1,0
H2-08-01-04,PICK,H2,ZA-PICK,ZS-PICKGRAL,ZM-PT01CJ,9003390,1,1
H2-08-02-01,ALMAC,H2,ZA-APISCOVINO,ZS-ALMAC,ZM-PT01,9003390,1,0
H2-08-01-03,PICK,H2,ZA-PICK,ZS-PICKGRAL,ZM-PT01CJ,9003400,1,1
H2-08-01-02,PICK,H2,ZA-PICK,ZS-PICKGRAL,ZM-PT01CJ,9003410,1,1
H2-08-01-01,PICK,H2,ZA-PICK,ZS-PICKGRAL,ZM-PT01CJ,9003420,1,1
H2-08-03-01,ALMAC,H2,ZA-APISCOVINO,ZS-ALMAC,ZM-PT01,9003420,1,0
H2-08-04-01,ALMAC,H2,ZA-APISCOVINO,ZS-ALMAC,ZM-PT01,9003420,1,0
H2-07-01-02,PICK,H2,ZA-PICK,ZS-PICKGRAL,ZM-PT01CJ,9003430,1,1
H2-07-02-01,ALMAC,H2,ZA-APISCOVINO,ZS-ALMAC,ZM-PT01,9003430,1,0
H2-07-01-01,PICK,H2,ZA-PICK,ZS-PICKGRAL,ZM-PT01CJ,9003440,1,1
H2-07-03-01,ALMAC,H2,ZA-APISCOVINO,ZS-ALMAC,ZM-PT01,9003440,1,0
H2-07-04-01,ALMAC,H2,ZA-APISCOVINO,ZS-ALMAC,ZM-PT01,9003440,1,0
K0-01-01-01,PICK,K0,ZA-PICK,ZS-PICKGRAL,ZM-PT01CJ,10000100,1,1
K0-01-03-01,ALMAC,K0,ZA-APISCOVINO,ZS-ALMAC,ZM-PT01,10000100,1,0
K0-01-04-01,ALMAC,K0,ZA-APISCOVINO,ZS-ALMAC,ZM-PT01,10000100,1,0
K0-01-01-02,PICK,K0,ZA-PICK,ZS-PICKGRAL,ZM-PT01CJ,10000110,1,1
K0-01-01-03,PICK,K0,ZA-PICK,ZS-PICKGRAL,ZM-PT01CJ,10000120,1,1
K0-01-01-04,PICK,K0,ZA-PICK,ZS-PICKGRAL,ZM-PT01CJ,10000130,1,1
K0-01-01-05,PICK,K0,ZA-PICK,ZS-PICKGRAL,ZM-PT01CJ,10000140,1,1
K0-01-01-06,PICK,K0,ZA-PICK,ZS-PICKGRAL,ZM-PT01CJ,10000150,1,1
K0-01-01-07,PICK,K0,ZA-PICK,ZS-PICKGRAL,ZM-PT01CJ,10000160,1,1
K0-01-01-08,PICK,K0,ZA-PICK,ZS-PICKGRAL,ZM-PT01CJ,10000170,1,1
K0-01-01-09,PICK,K0,ZA-PICK,ZS-PICKGRAL,ZM-PT01CJ,10000180,1,1
K0-01-01-10,PICK,K0,ZA-PICK,ZS-PICKGRAL,ZM-PT01CJ,10000190,1,1
K0-01-01-11,PICK,K0,ZA-PICK,ZS-PICKGRAL,ZM-PT01CJ,10000200,1,1
K0-01-01-12,PICK,K0,ZA-PICK,ZS-PICKGRAL,ZM-PT01CJ,10000210,1,1
K0-01-02-01,PICK,K0,ZA-PICK,ZS-PICKGRAL,ZM-PT01CJ,10000220,1,1
K0-02-01-01,PICK,K0,ZA-PICK,ZS-PICKGRAL,ZM-PT01CJ,10000230,1,1
K0-02-02-01,ALMAC,K0,ZA-MIX,ZS-ALMAC,ZM-PT01,10000230,1,0
K0-02-03-01,ALMAC,K0,ZA-APISCOVINO,ZS-ALMAC,ZM-PT01,10000230,1,0
K0-02-04-01,ALMAC,K0,ZA-APISCOVINO,ZS-ALMAC,ZM-PT01,10000230,1,0
K0-02-01-02,PICK,K0,ZA-PICK,ZS-PICKGRAL,ZM-PT01CJ,10000240,1,1
K0-02-01-03,PICK,K0,ZA-PICK,ZS-PICKGRAL,ZM-PT01CJ,10000250,1,1
K0-02-01-04,PICK,K0,ZA-PICK,ZS-PICKGRAL,ZM-PT01CJ,10000260,1,1
K0-02-01-05,PICK,K0,ZA-PICK,ZS-PICKGRAL,ZM-PT01CJ,10000270,1,1
K0-02-01-06,PICK,K0,ZA-PICK,ZS-PICKGRAL,ZM-PT01CJ,10000280,1,1
K0-02-01-07,PICK,K0,ZA-PICK,ZS-PICKGRAL,ZM-PT01CJ,10000290,1,1
K0-02-01-08,PICK,K0,ZA-PICK,ZS-PICKGRAL,ZM-PT01CJ,10000300,1,1
K0-02-01-09,PICK,K0,ZA-PICK,ZS-PICKGRAL,ZM-PT01CJ,10000310,1,1
K0-02-01-10,PICK,K0,ZA-PICK,ZS-PICKGRAL,ZM-PT01CJ,10000320,1,1
K0-02-01-11,PICK,K0,ZA-PICK,ZS-PICKGRAL,ZM-PT01CJ,10000330,1,1
K0-02-01-12,PICK,K0,ZA-PICK,ZS-PICKGRAL,ZM-PT01CJ,10000340,1,1
K0-03-01-01,PICK,K0,ZA-PICK,ZS-PICKGRAL,ZM-PT01CJ,10000350,1,1
K0-03-02-01,ALMAC,K0,ZA-MIX,ZS-ALMAC,ZM-PT01,10000350,1,0
K0-03-03-01,ALMAC,K0,ZA-APISCOVINO,ZS-ALMAC,ZM-PT01,10000350,1,0
K0-03-04-01,ALMAC,K0,ZA-APISCOVINO,ZS-ALMAC,ZM-PT01,10000350,1,0
K0-03-01-02,PICK,K0,ZA-PICK,ZS-PICKGRAL,ZM-PT01CJ,10000360,1,1
K0-03-01-03,PICK,K0,ZA-PICK,ZS-PICKGRAL,ZM-PT01CJ,10000370,1,1
K0-03-01-04,PICK,K0,ZA-PICK,ZS-PICKGRAL,ZM-PT01CJ,10000380,1,1
K0-03-01-05,PICK,K0,ZA-PICK,ZS-PICKGRAL,ZM-PT01CJ,10000390,1,1
K0-03-01-06,PICK,K0,ZA-PICK,ZS-PICKGRAL,ZM-PT01CJ,10000400,1,1
K0-03-01-07,PICK,K0,ZA-PICK,ZS-PICKGRAL,ZM-PT01CJ,10000410,1,1
K0-03-01-08,PICK,K0,ZA-PICK,ZS-PICKGRAL,ZM-PT01CJ,10000420,1,1
K0-03-01-09,PICK,K0,ZA-PICK,ZS-PICKGRAL,ZM-PT01CJ,10000430,1,1
K0-03-01-10,PICK,K0,ZA-PICK,ZS-PICKGRAL,ZM-PT01CJ,10000440,1,1
K0-03-01-11,PICK,K0,ZA-PICK,ZS-PICKGRAL,ZM-PT01CJ,10000450,1,1
K0-03-01-12,PICK,K0,ZA-PICK,ZS-PICKGRAL,ZM-PT01CJ,10000460,1,1
K0-04-01-01,PICK,K0,ZA-PICK,ZS-PICKGRAL,ZM-PT01CJ,10000470,1,1
K0-04-02-01,ALMAC,K0,ZA-MIX,ZS-ALMAC,ZM-PT01,10000470,1,0
K0-04-03-01,ALMAC,K0,ZA-APISCOVINO,ZS-ALMAC,ZM-PT01,10000470,1,0
K0-04-04-01,ALMAC,K0,ZA-APISCOVINO,ZS-ALMAC,ZM-PT01,10000470,1,0
K0-04-01-02,PICK,K0,ZA-PICK,ZS-PICKGRAL,ZM-PT01CJ,10000480,1,1
K0-04-01-03,PICK,K0,ZA-PICK,ZS-PICKGRAL,ZM-PT01CJ,10000490,1,1
K0-04-01-04,PICK,K0,ZA-PICK,ZS-PICKGRAL,ZM-PT01CJ,10000500,1,1
K0-04-01-05,PICK,K0,ZA-PICK,ZS-PICKGRAL,ZM-PT01CJ,10000510,1,1
K0-04-01-06,PICK,K0,ZA-PICK,ZS-PICKGRAL,ZM-PT01CJ,10000520,1,1
K0-04-01-07,PICK,K0,ZA-PICK,ZS-PICKGRAL,ZM-PT01CJ,10000530,1,1
K0-04-01-08,PICK,K0,ZA-PICK,ZS-PICKGRAL,ZM-PT01CJ,10000540,1,1
K0-04-01-09,PICK,K0,ZA-PICK,ZS-PICKGRAL,ZM-PT01CJ,10000550,1,1
K0-04-01-10,PICK,K0,ZA-PICK,ZS-PICKGRAL,ZM-PT01CJ,10000560,1,1
K0-04-01-11,PICK,K0,ZA-PICK,ZS-PICKGRAL,ZM-PT01CJ,10000570,1,1
K0-04-01-12,PICK,K0,ZA-PICK,ZS-PICKGRAL,ZM-PT01CJ,10000580,1,1
K0-05-01-01,PICK,K0,ZA-PICK,ZS-PICKGRAL,ZM-PT01CJ,10000590,1,1
K0-05-02-01,ALMAC,K0,ZA-MIX,ZS-ALMAC,ZM-PT01,10000590,1,0
K0-05-03-01,ALMAC,K0,ZA-APISCOVINO,ZS-ALMAC,ZM-PT01,10000590,1,0
K0-05-04-01,ALMAC,K0,ZA-APISCOVINO,ZS-ALMAC,ZM-PT01,10000590,1,0
K0-05-01-02,PICK,K0,ZA-PICK,ZS-PICKGRAL,ZM-PT01CJ,10000600,1,1
K0-05-01-03,PICK,K0,ZA-PICK,ZS-PICKGRAL,ZM-PT01CJ,10000610,1,1
K0-05-01-04,PICK,K0,ZA-PICK,ZS-PICKGRAL,ZM-PT01CJ,10000620,1,1
K0-05-01-05,PICK,K0,ZA-PICK,ZS-PICKGRAL,ZM-PT01CJ,10000630,1,1
K0-05-01-06,PICK,K0,ZA-PICK,ZS-PICKGRAL,ZM-PT01CJ,10000640,1,1
K0-05-01-07,PICK,K0,ZA-PICK,ZS-PICKGRAL,ZM-PT01CJ,10000650,1,1
K0-05-01-08,PICK,K0,ZA-PICK,ZS-PICKGRAL,ZM-PT01CJ,10000660,1,1
K0-05-01-09,PICK,K0,ZA-PICK,ZS-PICKGRAL,ZM-PT01CJ,10000670,1,1
K0-05-01-10,PICK,K0,ZA-PICK,ZS-PICKGRAL,ZM-PT01CJ,10000680,1,1
K0-05-01-11,PICK,K0,ZA-PICK,ZS-PICKGRAL,ZM-PT01CJ,10000690,1,1
K0-05-01-12,PICK,K0,ZA-PICK,ZS-PICKGRAL,ZM-PT01CJ,10000700,1,1
K0-06-01-01,PICK,K0,ZA-PICK,ZS-PICKGRAL,ZM-PT01CJ,10000710,1,1
K0-06-02-01,ALMAC,K0,ZA-MIX,ZS-ALMAC,ZM-PT01,10000710,1,0
K0-06-03-01,ALMAC,K0,ZA-APISCOVINO,ZS-ALMAC,ZM-PT01,10000710,1,0
K0-06-04-01,ALMAC,K0,ZA-APISCOVINO,ZS-ALMAC,ZM-PT01,10000710,1,0
K0-06-01-02,PICK,K0,ZA-PICK,ZS-PICKGRAL,ZM-PT01CJ,10000720,1,1
K0-06-01-03,PICK,K0,ZA-PICK,ZS-PICKGRAL,ZM-PT01CJ,10000730,1,1
K0-06-01-04,PICK,K0,ZA-PICK,ZS-PICKGRAL,ZM-PT01CJ,10000740,1,1
K0-06-01-05,PICK,K0,ZA-PICK,ZS-PICKGRAL,ZM-PT01CJ,10000750,1,1
K0-06-01-06,PICK,K0,ZA-PICK,ZS-PICKGRAL,ZM-PT01CJ,10000760,1,1
K0-06-01-07,PICK,K0,ZA-PICK,ZS-PICKGRAL,ZM-PT01CJ,10000770,1,1
K0-06-01-08,PICK,K0,ZA-PICK,ZS-PICKGRAL,ZM-PT01CJ,10000780,1,1
K0-06-01-09,PICK,K0,ZA-PICK,ZS-PICKGRAL,ZM-PT01CJ,10000790,1,1
K0-06-01-10,PICK,K0,ZA-PICK,ZS-PICKGRAL,ZM-PT01CJ,10000800,1,1
K0-06-01-11,PICK,K0,ZA-PICK,ZS-PICKGRAL,ZM-PT01CJ,10000810,1,1
K0-06-01-12,PICK,K0,ZA-PICK,ZS-PICKGRAL,ZM-PT01CJ,10000820,1,1
K0-07-01-01,PICK,K0,ZA-PICK,ZS-PICKGRAL,ZM-PT01CJ,10000830,1,1
K0-07-02-01,ALMAC,K0,ZA-MIX,ZS-ALMAC,ZM-PT01,10000830,1,0
K0-07-03-01,ALMAC,K0,ZA-APISCOVINO,ZS-ALMAC,ZM-PT01,10000830,1,0
K0-07-04-01,ALMAC,K0,ZA-APISCOVINO,ZS-ALMAC,ZM-PT01,10000830,1,0
K0-07-01-02,PICK,K0,ZA-PICK,ZS-PICKGRAL,ZM-PT01CJ,10000840,1,1
K0-07-01-03,PICK,K0,ZA-PICK,ZS-PICKGRAL,ZM-PT01CJ,10000850,1,1
K0-08-01-01,PICK,K0,ZA-PICK,ZS-PICKGRAL,ZM-PT01CJ,10000860,1,1
K0-08-02-01,ALMAC,K0,ZA-MIX,ZS-ALMAC,ZM-PT01,10000860,1,0
K0-08-03-01,ALMAC,K0,ZA-APISCOVINO,ZS-ALMAC,ZM-PT01,10000860,1,0
K0-08-04-01,ALMAC,K0,ZA-APISCOVINO,ZS-ALMAC,ZM-PT01,10000860,1,0
K0-08-01-02,PICK,K0,ZA-PICK,ZS-PICKGRAL,ZM-PT01CJ,10000870,1,1
K0-08-01-03,PICK,K0,ZA-PICK,ZS-PICKGRAL,ZM-PT01CJ,10000880,1,1
V-01,PICK,V,ZA-PICK,ZS-PICKGRAL,ZM-PT01CJ,10000890,0,1
V-02,PICK,V,ZA-PICK,ZS-PICKGRAL,ZM-PT01CJ,10000900,0,1
V-03,PICK,V,ZA-PICK,ZS-PICKGRAL,ZM-PT01CJ,10000910,0,1
V-04,PICK,V,ZA-PICK,ZS-PICKGRAL,ZM-PT01CJ,10000920,0,1
V-05,PICK,V,ZA-PICK,ZS-PICKGRAL,ZM-PT01CJ,10000930,0,1
V-06,PICK,V,ZA-PICK,ZS-PICKGRAL,ZM-PT01CJ,10000940,0,1
V-07,PICK,V,ZA-PICK,ZS-PICKGRAL,ZM-PT01CJ,10000950,0,1
V-08,PICK,V,ZA-PICK,ZS-PICKGRAL,ZM-PT01CJ,10000960,0,1
V-09,PICK,V,ZA-PICK,ZS-PICKGRAL,ZM-PT01CJ,10000970,0,1
V-10,PICK,V,ZA-PICK,ZS-PICKGRAL,ZM-PT01CJ,10000980,0,1
V-100,PICK,V,ZA-PICK,ZS-PICKGRAL,ZM-PT01CJ,10000990,0,1
V-101,PICK,V,ZA-PICK,ZS-PICKGRAL,ZM-PT01CJ,10001000,0,1
V-102,PICK,V,ZA-PICK,ZS-PICKGRAL,ZM-PT01CJ,10001010,0,1
V-11,PICK,V,ZA-PICK,ZS-PICKGRAL,ZM-PT01CJ,10001020,0,1
V-12,PICK,V,ZA-PICK,ZS-PICKGRAL,ZM-PT01CJ,10001030,0,1
V-13,PICK,V,ZA-PICK,ZS-PICKGRAL,ZM-PT01CJ,10001040,0,1
V-14,PICK,V,ZA-PICK,ZS-PICKGRAL,ZM-PT01CJ,10001050,0,1
V-15,PICK,V,ZA-PICK,ZS-PICKGRAL,ZM-PT01CJ,10001060,0,1
V-16,PICK,V,ZA-PICK,ZS-PICKGRAL,ZM-PT01CJ,10001070,0,1
V-17,PICK,V,ZA-PICK,ZS-PICKGRAL,ZM-PT01CJ,10001080,0,1
V-18,PICK,V,ZA-PICK,ZS-PICKGRAL,ZM-PT01CJ,10001090,0,1
V-19,PICK,V,ZA-PICK,ZS-PICKGRAL,ZM-PT01CJ,10001100,0,1
V-20,PICK,V,ZA-PICK,ZS-PICKGRAL,ZM-PT01CJ,10001110,0,1
V-21,PICK,V,ZA-PICK,ZS-PICKGRAL,ZM-PT01CJ,10001120,0,1
V-22,PICK,V,ZA-PICK,ZS-PICKGRAL,ZM-PT01CJ,10001130,0,1
V-23,PICK,V,ZA-PICK,ZS-PICKGRAL,ZM-PT01CJ,10001140,0,1
V-24,PICK,V,ZA-PICK,ZS-PICKGRAL,ZM-PT01CJ,10001150,0,1
V-25,PICK,V,ZA-PICK,ZS-PICKGRAL,ZM-PT01CJ,10001160,0,1
V-26,PICK,V,ZA-PICK,ZS-PICKGRAL,ZM-PT01CJ,10001170,0,1
V-27,PICK,V,ZA-PICK,ZS-PICKGRAL,ZM-PT01CJ,10001180,0,1
V-28,PICK,V,ZA-PICK,ZS-PICKGRAL,ZM-PT01CJ,10001190,0,1
V-29,PICK,V,ZA-PICK,ZS-PICKGRAL,ZM-PT01CJ,10001200,0,1
V-30,PICK,V,ZA-PICK,ZS-PICKGRAL,ZM-PT01CJ,10001210,0,1
V-31,PICK,V,ZA-PICK,ZS-PICKGRAL,ZM-PT01CJ,10001220,0,1
V-32,PICK,V,ZA-PICK,ZS-PICKGRAL,ZM-PT01CJ,10001230,0,1
V-33,PICK,V,ZA-PICK,ZS-PICKGRAL,ZM-PT01CJ,10001240,0,1
V-34,PICK,V,ZA-PICK,ZS-PICKGRAL,ZM-PT01CJ,10001250,0,1
V-35,PICK,V,ZA-PICK,ZS-PICKGRAL,ZM-PT01CJ,10001260,0,1
V-36,PICK,V,ZA-PICK,ZS-PICKGRAL,ZM-PT01CJ,10001270,0,1
V-37,PICK,V,ZA-PICK,ZS-PICKGRAL,ZM-PT01CJ,10001280,0,1
V-38,PICK,V,ZA-PICK,ZS-PICKGRAL,ZM-PT01CJ,10001290,0,1
V-39,PICK,V,ZA-PICK,ZS-PICKGRAL,ZM-PT01CJ,10001300,0,1
V-40,PICK,V,ZA-PICK,ZS-PICKGRAL,ZM-PT01CJ,10001310,0,1
V-41,PICK,V,ZA-PICK,ZS-PICKGRAL,ZM-PT01CJ,10001320,0,1
V-42,PICK,V,ZA-PICK,ZS-PICKGRAL,ZM-PT01CJ,10001330,0,1
V-43,PICK,V,ZA-PICK,ZS-PICKGRAL,ZM-PT01CJ,10001340,0,1
V-44,PICK,V,ZA-PICK,ZS-PICKGRAL,ZM-PT01CJ,10001350,0,1
V-45,PICK,V,ZA-PICK,ZS-PICKGRAL,ZM-PT01CJ,10001360,0,1
V-46,PICK,V,ZA-PICK,ZS-PICKGRAL,ZM-PT01CJ,10001370,0,1
V-47,PICK,V,ZA-PICK,ZS-PICKGRAL,ZM-PT01CJ,10001380,0,1
V-48,PICK,V,ZA-PICK,ZS-PICKGRAL,ZM-PT01CJ,10001390,0,1
V-49,PICK,V,ZA-PICK,ZS-PICKGRAL,ZM-PT01CJ,10001400,0,1
V-50,PICK,V,ZA-PICK,ZS-PICKGRAL,ZM-PT01CJ,10001410,0,1
V-51,PICK,V,ZA-PICK,ZS-PICKGRAL,ZM-PT01CJ,10001420,0,1
V-52,PICK,V,ZA-PICK,ZS-PICKGRAL,ZM-PT01CJ,10001430,0,1
V-53,PICK,V,ZA-PICK,ZS-PICKGRAL,ZM-PT01CJ,10001440,0,1
V-54,PICK,V,ZA-PICK,ZS-PICKGRAL,ZM-PT01CJ,10001450,0,1
V-55,PICK,V,ZA-PICK,ZS-PICKGRAL,ZM-PT01CJ,10001460,0,1
V-56,PICK,V,ZA-PICK,ZS-PICKGRAL,ZM-PT01CJ,10001470,0,1
V-57,PICK,V,ZA-PICK,ZS-PICKGRAL,ZM-PT01CJ,10001480,0,1
V-58,PICK,V,ZA-PICK,ZS-PICKGRAL,ZM-PT01CJ,10001490,0,1
V-59,PICK,V,ZA-PICK,ZS-PICKGRAL,ZM-PT01CJ,10001500,0,1
V-60,PICK,V,ZA-PICK,ZS-PICKGRAL,ZM-PT01CJ,10001510,0,1
V-61,PICK,V,ZA-PICK,ZS-PICKGRAL,ZM-PT01CJ,10001520,0,1
V-62,PICK,V,ZA-PICK,ZS-PICKGRAL,ZM-PT01CJ,10001530,0,1
V-63,PICK,V,ZA-PICK,ZS-PICKGRAL,ZM-PT01CJ,10001540,0,1
V-64,PICK,V,ZA-PICK,ZS-PICKGRAL,ZM-PT01CJ,10001550,0,1
V-65,PICK,V,ZA-PICK,ZS-PICKGRAL,ZM-PT01CJ,10001560,0,1
V-66,PICK,V,ZA-PICK,ZS-PICKGRAL,ZM-PT01CJ,10001570,0,1
V-67,PICK,V,ZA-PICK,ZS-PICKGRAL,ZM-PT01CJ,10001580,0,1
V-68,PICK,V,ZA-PICK,ZS-PICKGRAL,ZM-PT01CJ,10001590,0,1
V-69,PICK,V,ZA-PICK,ZS-PICKGRAL,ZM-PT01CJ,10001600,0,1
V-70,PICK,V,ZA-PICK,ZS-PICKGRAL,ZM-PT01CJ,10001610,0,1
V-71,PICK,V,ZA-PICK,ZS-PICKGRAL,ZM-PT01CJ,10001620,0,1
V-72,PICK,V,ZA-PICK,ZS-PICKGRAL,ZM-PT01CJ,10001630,0,1
V-73,PICK,V,ZA-PICK,ZS-PICKGRAL,ZM-PT01CJ,10001640,0,1
V-74,PICK,V,ZA-PICK,ZS-PICKGRAL,ZM-PT01CJ,10001650,0,1
V-75,PICK,V,ZA-PICK,ZS-PICKGRAL,ZM-PT01CJ,10001660,0,1
V-76,PICK,V,ZA-PICK,ZS-PICKGRAL,ZM-PT01CJ,10001670,0,1
V-77,PICK,V,ZA-PICK,ZS-PICKGRAL,ZM-PT01CJ,10001680,0,1
V-78,PICK,V,ZA-PICK,ZS-PICKGRAL,ZM-PT01CJ,10001690,0,1
V-79,PICK,V,ZA-PICK,ZS-PICKGRAL,ZM-PT01CJ,10001700,0,1
V-80,PICK,V,ZA-PICK,ZS-PICKGRAL,ZM-PT01CJ,10001710,0,1
V-81,PICK,V,ZA-PICK,ZS-PICKGRAL,ZM-PT01CJ,10001720,0,1
V-82,PICK,V,ZA-PICK,ZS-PICKGRAL,ZM-PT01CJ,10001730,0,1
V-83,PICK,V,ZA-PICK,ZS-PICKGRAL,ZM-PT01CJ,10001740,0,1
V-84,PICK,V,ZA-PICK,ZS-PICKGRAL,ZM-PT01CJ,10001750,0,1
V-85,PICK,V,ZA-PICK,ZS-PICKGRAL,ZM-PT01CJ,10001760,0,1
V-86,PICK,V,ZA-PICK,ZS-PICKGRAL,ZM-PT01CJ,10001770,0,1
V-87,PICK,V,ZA-PICK,ZS-PICKGRAL,ZM-PT01CJ,10001780,0,1
V-88,PICK,V,ZA-PICK,ZS-PICKGRAL,ZM-PT01CJ,10001790,0,1
V-89,PICK,V,ZA-PICK,ZS-PICKGRAL,ZM-PT01CJ,10001800,0,1
V-90,PICK,V,ZA-PICK,ZS-PICKGRAL,ZM-PT01CJ,10001810,0,1
V-91,PICK,V,ZA-PICK,ZS-PICKGRAL,ZM-PT01CJ,10001820,0,1
V-92,PICK,V,ZA-PICK,ZS-PICKGRAL,ZM-PT01CJ,10001830,0,1
V-93,PICK,V,ZA-PICK,ZS-PICKGRAL,ZM-PT01CJ,10001840,0,1
V-94,PICK,V,ZA-PICK,ZS-PICKGRAL,ZM-PT01CJ,10001850,0,1
V-95,PICK,V,ZA-PICK,ZS-PICKGRAL,ZM-PT01CJ,10001860,0,1
V-96,PICK,V,ZA-PICK,ZS-PICKGRAL,ZM-PT01CJ,10001870,0,1
V-97,PICK,V,ZA-PICK,ZS-PICKGRAL,ZM-PT01CJ,10001880,0,1
V-98,PICK,V,ZA-PICK,ZS-PICKGRAL,ZM-PT01CJ,10001890,0,1
V-99,PICK,V,ZA-PICK,ZS-PICKGRAL,ZM-PT01CJ,10001900,0,1
